qr_id,original_qr_id,label,split,registered_domain,image_path,distortion_type,distortion_severity,qr_version_generator,decode_success,decoded_payload,decoder_name,decode_outcome,url_length,url_hostname_length,url_path_length,url_query_length,url_dot_count,url_subdomain_count,url_hyphen_count,url_digit_count,url_digit_ratio,url_special_char_count,url_at_count,url_question_count,url_equals_count,url_ampersand_count,url_percent_count,url_path_depth,url_query_param_count,url_has_https,url_has_ip,url_has_punycode,url_has_nonstandard_port,url_has_double_slash_path,url_entropy,url_suspicious_token_count,url_has_token_login,url_has_token_verify,url_has_token_account,url_has_token_secure,url_has_token_update,url_has_token_bank,qr_aspect_ratio,qr_gray_mean,qr_gray_std,qr_dark_ratio,qr_contrast,qr_blur_score,qr_edge_density,qr_dark_component_density,qr_quiet_zone_ratio,qr_decoded_modules_per_side,qr_width,qr_height
Q00000__clean,Q00000,1,,veltz3d.com,data/qr_images/Q00000.png,none,none,3,1,http://veltz3d.com/images/main/sek.php,opencv,exact,38,11,20,0,2,0,0,1,0.02631578947368421,0,0,0,0,0,0,3,0,0,0,0,0,0,4.178738290204357,0,0,0,0,0,0,0,1.0,0.6764046463311887,0.45944908628263387,0.3254890441894531,1.0,3110.1760864257812,0.0454864501953125,0.457763671875,0.107421875,29.0,370.0,370.0
Q00001__clean,Q00001,0,,pnta.com,data/qr_images/Q00001.png,none,none,2,1,https://www.pnta.com/,opencv,exact,21,12,1,0,2,1,0,0,0.0,0,0,0,0,0,0,0,0,1,0,0,0,0,3.5225715891363594,0,0,0,0,0,0,0,1.0,0.7024665533327589,0.4499383279874983,0.30191802978515625,1.0,2521.0521240234375,0.03800201416015625,0.49591064453125,0.12109375,25.0,330.0,330.0
Q00002__clean,Q00002,1,,alert-wode.com,data/qr_images/Q00002.png,none,none,5,1,http://ww17.login-appleid.apple.com.alert-wode.com/?fp=b8ecn5yfxeiqs6f,opencv,exact,70,43,1,18,5,4,2,5,0.07142857142857142,4,0,1,1,0,0,0,1,0,0,0,0,0,4.701948688398754,1,1,0,0,0,0,0,1.0,0.653315450630936,0.46474766346194474,0.34323883056640625,1.0,4163.313003540039,0.06031036376953125,0.64849853515625,0.08984375,37.0,450.0,450.0
Q00003__clean,Q00003,0,,greennet.org.uk,data/qr_images/Q00003.png,none,none,5,1,http://www.greennet.org.uk/support/open-source-vs-proprietary-software,opencv,exact,70,19,44,0,3,1,4,0,0.0,4,0,0,0,0,0,2,0,0,0,0,0,0,4.122919131603902,0,0,0,0,0,0,0,1.0,0.6414649963378907,0.4684967372586138,0.3552742004394531,1.0,4022.7029876708984,0.0593414306640625,0.762939453125,0.08984375,37.0,450.0,450.0
Q00004__clean,Q00004,1,,steampoweroeszvd.me,data/qr_images/Q00004.png,none,none,3,1,http://steampoweroeszvd.me/pgi?agency=56,opencv,exact,40,19,4,9,1,0,0,2,0.05,2,0,1,1,0,0,1,1,0,0,0,0,0,4.425070520364182,0,0,0,0,0,0,0,1.0,0.6815164902630975,0.4576038951881851,0.3203392028808594,1.0,3200.951591491699,0.045612335205078125,0.49591064453125,0.107421875,29.0,370.0,370.0
Q00005__clean,Q00005,1,,assurance-amlfrance.com,data/qr_images/Q00005.png,none,none,4,1,http://assurance-amlfrance.com/id/amelipro/ifram2.html,opencv,exact,54,23,24,0,2,0,1,1,0.018518518518518517,1,0,0,0,0,0,3,0,0,0,0,0,0,4.1900079935705445,0,0,0,0,0,0,0,1.0,0.6698375926298253,0.46023172404310814,0.3278846740722656,1.0,3683.1393661499023,0.053802490234375,0.5340576171875,0.09765625,33.0,410.0,410.0
Q00006__clean,Q00006,0,,minus40.info,data/qr_images/Q00006.png,none,none,4,1,http://www.minus40.info/ice/dracula-old.html,opencv,exact,44,16,21,0,3,1,1,2,0.045454545454545456,1,0,0,0,0,0,2,0,0,0,0,0,0,4.3736489479369025,0,0,0,0,0,0,0,1.0,0.659129737405216,0.46433471318394565,0.3380279541015625,1.0,3576.975799560547,0.0522918701171875,0.49591064453125,0.09765625,33.0,410.0,410.0
Q00007__clean,Q00007,1,,kam-net.ci,data/qr_images/Q00007.png,none,none,4,1,http://kam-net.ci/2026584619/verification.php,opencv,exact,45,10,28,0,2,0,1,10,0.2222222222222222,1,0,0,0,0,0,2,0,0,0,0,0,0,4.497300040726041,1,0,0,0,0,0,0,1.0,0.6734076256845511,0.45906236726353766,0.324798583984375,1.0,3555.510696411133,0.05234527587890625,0.64849853515625,0.09765625,33.0,410.0,410.0
Q00008__clean,Q00008,0,,memeglobal.com,data/qr_images/Q00008.png,none,none,2,1,http://www.memeglobal.com/,opencv,exact,26,18,1,0,2,1,0,0,0.0,0,0,0,0,0,0,0,0,0,0,0,0,0,3.767183467891461,0,0,0,0,0,0,0,1.0,0.6978763655120251,0.4522471761517228,0.30533599853515625,1.0,2435.4235610961914,0.03655242919921875,0.41961669921875,0.12109375,25.0,330.0,330.0
Q00009__clean,Q00009,1,,kuchkuchnights.com,data/qr_images/Q00009.png,none,none,4,1,http://kuchkuchnights.com/2222//?sec=Franziska%20Oppermann,opencv,exact,58,18,7,25,1,0,0,6,0.10344827586206896,3,0,1,1,0,1,1,1,0,0,0,0,1,4.461537573408762,0,0,0,0,0,0,0,1.0,0.6680510277841606,0.4615050903235839,0.3287696838378906,1.0,3465.7333374023438,0.050746917724609375,0.64849853515625,0.09765625,33.0,410.0,410.0
Q00010__clean,Q00010,0,,svd.se,data/qr_images/Q00010.png,none,none,2,1,https://www.svd.se/,opencv,exact,19,10,1,0,2,1,0,0,0.0,0,0,0,0,0,0,0,0,1,0,0,0,0,3.2866294867861954,0,0,0,0,0,0,0,1.0,0.7024691862218521,0.4501884641757335,0.3014488220214844,1.0,2475.003433227539,0.036838531494140625,0.41961669921875,0.12109375,25.0,330.0,330.0
Q00011__clean,Q00011,1,,myfreesites.net,data/qr_images/Q00011.png,none,none,3,1,http://owaupgradeservice3.myfreesites.net/,opencv,exact,42,34,1,0,2,1,0,1,0.023809523809523808,0,0,0,0,0,0,0,0,0,0,0,0,0,4.203837733233675,0,0,0,0,0,0,0,1.0,0.6888210072236902,0.45479533047957543,0.3135986328125,1.0,3001.523277282715,0.043910980224609375,0.5340576171875,0.107421875,29.0,370.0,370.0
Q00012__clean,Q00012,1,,inmotionhosting.com,data/qr_images/Q00012.png,none,none,5,1,https://ecngx270.inmotionhosting.com/~smithn9/14785688-/SBROCKER/login.php,opencv,exact,74,28,38,0,3,1,1,12,0.16216216216216217,2,0,0,0,0,0,4,0,1,0,0,0,0,4.744888548805369,1,1,0,0,0,0,0,1.0,0.6666474585439645,0.46048539045561915,0.3302574157714844,1.0,4016.880760192871,0.058147430419921875,0.72479248046875,0.08984375,37.0,450.0,450.0
Q00013__clean,Q00013,0,,wordow.com,data/qr_images/Q00013.png,none,none,4,1,http://www.wordow.com/english/dictionary/legislative%20session,opencv,exact,62,14,41,0,2,1,0,2,0.03225806451612903,1,0,0,0,0,1,3,0,0,0,0,0,0,4.31777515060621,0,0,0,0,0,0,0,1.0,0.6531799017214308,0.4657649164590787,0.3442344665527344,1.0,3685.84578704834,0.05438995361328125,0.34332275390625,0.09765625,33.0,410.0,410.0
Q00014__clean,Q00014,0,,allconnect.com,data/qr_images/Q00014.png,none,none,5,1,https://ppl.allconnect.com/lp-highSpeedInternet/nyc-internet-providers.html,opencv,exact,75,18,49,0,3,1,3,0,0.0,3,0,0,0,0,0,2,0,1,0,0,0,0,4.204946024604936,0,0,0,0,0,0,0,1.0,0.6483777513691024,0.4664460959630712,0.3483085632324219,1.0,4147.665367126465,0.05974578857421875,0.57220458984375,0.08984375,37.0,450.0,450.0
Q00015__clean,Q00015,0,,paleomg.com,data/qr_images/Q00015.png,none,none,4,1,http://paleomg.com/3-ingredient-simple-protein-pancakes/,opencv_aruco,exact,56,11,38,0,1,0,4,1,0.017857142857142856,4,0,0,0,0,0,1,0,0,0,0,0,0,4.175496386606638,0,0,0,0,0,0,0,1.0,0.6674604976878447,0.46156889279984004,0.3290596008300781,1.0,3547.7068786621094,0.051788330078125,0.762939453125,0.09765625,33.0,410.0,410.0
Q00016__clean,Q00016,0,,braingle.com,data/qr_images/Q00016.png,none,none,2,1,https://www.braingle.com/,opencv,exact,25,16,1,0,2,1,0,0,0.0,0,0,0,0,0,0,0,0,1,0,0,0,0,4.103465189601645,0,0,0,0,0,0,0,1.0,0.7033848182827819,0.44984749545347735,0.3005790710449219,1.0,2468.869644165039,0.036651611328125,0.5340576171875,0.12109375,25.0,330.0,330.0
Q00017__clean,Q00017,0,,nextdirect.com,data/qr_images/Q00017.png,none,none,3,1,https://www.nextdirect.com/CountrySelect,opencv,exact,40,18,14,0,2,1,0,0,0.0,0,0,0,0,0,0,1,0,1,0,0,0,0,4.177567157116928,0,0,0,0,0,0,0,1.0,0.6902822606703815,0.45382161138334587,0.31148529052734375,1.0,3095.0361251831055,0.04547119140625,0.5340576171875,0.107421875,29.0,370.0,370.0
Q00018__clean,Q00018,1,,cutt.ly,data/qr_images/Q00018.png,none,none,2,1,https://cutt.ly/SyhM3BP,opencv,exact,23,7,8,0,1,0,0,1,0.043478260869565216,0,0,0,0,0,0,1,0,1,0,0,0,0,3.7950885863977324,0,0,0,0,0,0,0,1.0,0.7107325236002604,0.44642987616055896,0.29347991943359375,1.0,2508.3319702148438,0.03701019287109375,0.457763671875,0.12109375,25.0,330.0,330.0
Q00019__clean,Q00019,1,,watsonspestcontrol.com.au,data/qr_images/Q00019.png,none,none,4,1,http://watsonspestcontrol.com.au/loss/drpbxx/drpbxx/,opencv,exact,52,25,20,0,2,0,0,0,0.0,0,0,0,0,0,0,3,0,0,0,0,0,0,4.064024642567999,0,0,0,0,0,0,0,1.0,0.6567493064730775,0.46471949555405084,0.34088134765625,1.0,3754.02099609375,0.05455780029296875,0.457763671875,0.09765625,33.0,410.0,410.0
Q00020__clean,Q00020,0,,sailingissues.com,data/qr_images/Q00020.png,none,none,5,1,http://dry.sailingissues.com/us-international-keyboard-layout.html,opencv,exact,66,21,38,0,3,1,3,0,0.0,3,0,0,0,0,0,1,0,0,0,0,0,0,4.322834892952672,0,0,0,0,0,0,0,1.0,0.6523259480794271,0.46540457498794885,0.3446235656738281,1.0,4069.377944946289,0.058719635009765625,0.6866455078125,0.08984375,37.0,450.0,450.0
Q00021__clean,Q00021,1,,aprenderparaser.com.br,data/qr_images/Q00021.png,none,none,3,1,https://aprenderparaser.com.br/signin/,opencv,exact,38,22,8,0,2,0,0,0,0.0,0,0,0,0,0,0,1,0,1,0,0,0,0,3.9483465138316336,1,0,0,0,0,0,0,1.0,0.6990463406431908,0.45012397935965276,0.3024139404296875,1.0,3113.2593994140625,0.0452728271484375,0.5340576171875,0.107421875,29.0,370.0,370.0
Q00022__clean,Q00022,1,,smoz.us,data/qr_images/Q00022.png,none,none,7,1,http://paypal.co.uk.session23406304fd15e72e65304c141af8898f117.33s3.smoz.us/0-0/106304fd15e72e65304c141af8898f117/,opencv,exact,114,68,39,0,6,5,1,57,0.5,1,0,0,0,0,0,2,0,0,0,0,0,0,4.640055248952033,0,0,0,0,0,0,0,1.0,0.6311923606722962,0.46809340036667374,0.3663787841796875,1.0,5337.720947265625,0.07690811157226562,0.80108642578125,0.076171875,45.0,530.0,530.0
Q00023__clean,Q00023,1,,pardot.com,data/qr_images/Q00023.png,none,none,6,1,https://go.pardot.com/e/16322/orbograph/3pz34s/3336341553?h=AGuf_s2RXcvrlyEZkjS6o2rKQcFjfY8dXLooJL10LNU,opencv,exact,103,13,36,45,2,1,0,24,0.23300970873786409,3,0,1,1,0,0,5,1,1,0,0,0,0,5.263730260736775,0,0,0,0,0,0,0,1.0,0.6422168507295496,0.466771293652769,0.35686492919921875,1.0,4999.380470275879,0.069793701171875,0.5340576171875,0.08203125,41.0,490.0,490.0
Q00024__clean,Q00024,1,,hf735.com,data/qr_images/Q00024.png,none,none,2,1,http://m.hf735.com/,opencv,exact,19,11,1,0,2,1,0,3,0.15789473684210525,0,0,0,0,0,0,0,0,0,0,0,0,0,3.576617644908665,0,0,0,0,0,0,0,1.0,0.6951198353486903,0.4531284111007195,0.3085594177246094,1.0,2538.813301086426,0.038196563720703125,0.41961669921875,0.12109375,25.0,330.0,330.0
Q00025__clean,Q00025,0,,scriptsandscribes.com,data/qr_images/Q00025.png,none,none,3,1,http://www.scriptsandscribes.com/,opencv,exact,33,25,1,0,2,1,0,0,0.0,0,0,0,0,0,0,0,0,0,0,0,0,0,3.98319563424773,0,0,0,0,0,0,0,1.0,0.6778664981617647,0.45887303910332267,0.32379150390625,1.0,3149.748863220215,0.045745849609375,0.57220458984375,0.107421875,29.0,370.0,370.0
Q00026__clean,Q00026,1,,union.gr,data/qr_images/Q00026.png,none,none,4,1,http://www.union.gr/components/MIEN/index.html,opencv,exact,46,12,27,0,3,1,0,0,0.0,0,0,0,0,0,0,3,0,0,0,0,0,0,4.317389272244751,0,0,0,0,0,0,0,1.0,0.6704306808172488,0.45989156694047145,0.327728271484375,1.0,3682.374626159668,0.053989410400390625,0.5340576171875,0.09765625,33.0,410.0,410.0
Q00027__clean,Q00027,0,,mathplayground.com,data/qr_images/Q00027.png,none,none,4,1,http://www.mathplayground.com/logic_help_me.html,opencv,exact,48,22,19,0,3,1,0,0,0.0,2,0,0,0,0,0,1,0,0,0,0,0,0,4.214661719245794,0,0,0,0,0,0,0,1.0,0.6805440715714997,0.4565469119375697,0.3164329528808594,1.0,3594.9425048828125,0.05206298828125,0.762939453125,0.09765625,33.0,410.0,410.0
Q00028__clean,Q00028,0,,nudemilftube.com,data/qr_images/Q00028.png,none,none,3,1,http://www.nudemilftube.com/,opencv,exact,28,20,1,0,2,1,0,0,0.0,0,0,0,0,0,0,0,0,0,0,0,0,0,4.012188403968661,0,0,0,0,0,0,0,1.0,0.6771366792566637,0.45921389648974487,0.32500457763671875,1.0,3162.5569458007812,0.04557037353515625,0.49591064453125,0.107421875,29.0,370.0,370.0
Q00029__clean,Q00029,0,,smart-wiki.net,data/qr_images/Q00029.png,none,none,3,1,https://www.smart-wiki.net/,opencv,exact,27,18,1,0,2,1,1,0,0.0,1,0,0,0,0,0,0,0,1,0,0,0,0,3.763965742824082,0,0,0,0,0,0,0,1.0,0.6851704616172641,0.45620903664518264,0.31670379638671875,1.0,3055.044479370117,0.04443359375,0.5340576171875,0.107421875,29.0,370.0,370.0
Q00030__clean,Q00030,0,,sleepbox.co.uk,data/qr_images/Q00030.png,none,none,2,1,http://www.sleepbox.co.uk/,opencv,exact,26,18,1,0,3,1,0,0,0.0,0,0,0,0,0,0,0,0,0,0,0,0,0,3.8441065448145375,0,0,0,0,0,0,0,1.0,0.6978750939462699,0.45237417093468957,0.30609130859375,1.0,2448.908172607422,0.036304473876953125,0.49591064453125,0.12109375,25.0,330.0,330.0
Q00031__clean,Q00031,0,,monarchnm.com,data/qr_images/Q00031.png,none,none,2,1,http://www.monarchnm.com/,opencv,exact,25,17,1,0,2,1,0,0,0.0,0,0,0,0,0,0,0,0,0,0,0,0,0,3.5932696895151084,0,0,0,0,0,0,0,1.0,0.6877732220818015,0.4561133735663432,0.3159027099609375,1.0,2530.3287200927734,0.038417816162109375,0.34332275390625,0.12109375,25.0,330.0,330.0
Q00032__clean,Q00032,0,,djshop.de,data/qr_images/Q00032.png,none,none,3,1,https://www.djshop.de/de/home/1,opencv,exact,31,13,10,0,2,1,0,1,0.03225806451612903,0,0,0,0,0,0,3,0,1,0,0,0,0,3.6435772625452394,0,0,0,0,0,0,0,1.0,0.6858996223000919,0.45571566009425085,0.3156700134277344,1.0,3111.219337463379,0.0453033447265625,0.5340576171875,0.107421875,29.0,370.0,370.0
Q00033__clean,Q00033,0,,yahoo.com,data/qr_images/Q00033.png,none,none,8,1,http://search.yahoo.com/tablet/s?p=digital+camera+walmart&ei=UTF-8&fr2=rs-bottom%2Cp%3As%2Cv%3Aw%2Cm%3Aat-s&b=11&pz=10&xargs=0,opencv,exact,126,16,9,93,2,1,3,13,0.10317460317460317,23,0,1,6,5,6,2,6,0,0,0,0,0,5.007712443943511,0,0,0,0,0,0,0,1.0,0.6072556738759957,0.47214410604904133,0.3925933837890625,1.0,5087.950706481934,0.08132553100585938,0.762939453125,0.0703125,49.0,570.0,570.0
Q00034__clean,Q00034,1,,bos.ru,data/qr_images/Q00034.png,none,none,3,1,http://vkaktivations23.bos.ru,opencv_aruco,exact,29,22,0,0,2,1,0,2,0.06896551724137931,0,0,0,0,0,0,0,0,0,0,0,0,0,4.03039478823102,0,0,0,0,0,0,0,1.0,0.6946637471516927,0.45199738870449163,0.30680084228515625,1.0,3205.9042892456055,0.045940399169921875,0.5340576171875,0.107421875,29.0,370.0,370.0
Q00035__clean,Q00035,0,,ietf.org,data/qr_images/Q00035.png,none,none,3,1,https://tools.ietf.org/html/1459,opencv,exact,32,14,10,0,2,1,0,4,0.125,0,0,0,0,0,0,2,0,1,0,0,0,0,3.9886085007312415,0,0,0,0,0,0,0,1.0,0.6800567477357153,0.457918374601362,0.3221435546875,1.0,3170.674659729004,0.046115875244140625,0.57220458984375,0.107421875,29.0,370.0,370.0
Q00036__clean,Q00036,1,,marketinghelper.com.au,data/qr_images/Q00036.png,none,none,6,1,http://marketinghelper.com.au/themes/sports/wp-content/net/555183669058fb273008595a9393d628/,opencv,exact,92,22,63,0,2,0,1,28,0.30434782608695654,1,0,0,0,0,0,5,0,0,0,0,0,0,4.706166744360949,0,0,0,0,0,0,0,1.0,0.6488797356100643,0.4645229498398566,0.3518333435058594,1.0,4914.323333740234,0.06943893432617188,0.6866455078125,0.08203125,41.0,490.0,490.0
Q00037__clean,Q00037,1,,ik3igruewgdkj436kldhglerny5674kjhdsffkdsf.tk,data/qr_images/Q00037.png,none,none,5,1,http://item-rakuten.co.jp.ik3igruewgdkj436kldhglerny5674kjhdsffkdsf.tk/,opencv,exact,71,63,1,0,4,3,1,8,0.11267605633802817,1,0,0,0,0,0,0,0,0,0,0,0,0,4.677277578040113,0,0,0,0,0,0,0,1.0,0.6513391831341911,0.4651434573762426,0.345062255859375,1.0,4063.394256591797,0.06040191650390625,0.64849853515625,0.08984375,37.0,450.0,450.0
Q00038__clean,Q00038,1,,nijiyamarket.com,data/qr_images/Q00038.png,none,none,3,1,https://amazon-support.nijiyamarket.com/,opencv,exact,40,31,1,0,2,1,1,0,0.0,1,0,0,0,0,0,0,0,1,0,0,0,0,4.196439344671015,0,0,0,0,0,0,0,1.0,0.6807918772977941,0.45754434051586385,0.3204345703125,1.0,3063.7680435180664,0.045726776123046875,0.49591064453125,0.107421875,29.0,370.0,370.0
Q00039__clean,Q00039,0,,pocketlegends.com,data/qr_images/Q00039.png,none,none,3,1,http://www.pocketlegends.com/,opencv,exact,29,21,1,0,2,1,0,0,0.0,0,0,0,0,0,0,0,0,0,0,0,0,0,3.926272374139508,0,0,0,0,0,0,0,1.0,0.680058946796492,0.458217795828301,0.32171630859375,1.0,3128.5021209716797,0.045009613037109375,0.5340576171875,0.107421875,29.0,370.0,370.0
Q00040__clean,Q00040,0,,thetoptens.com,data/qr_images/Q00040.png,none,none,4,1,https://www.thetoptens.com/best-mp3-websites/,opencv,exact,45,18,19,0,2,1,2,1,0.022222222222222223,2,0,0,0,0,0,1,0,1,0,0,0,0,3.8112830317643343,0,0,0,0,0,0,0,1.0,0.6662684122721354,0.462068970008128,0.330413818359375,1.0,3579.902198791504,0.0517578125,0.6103515625,0.09765625,33.0,410.0,410.0
Q00041__clean,Q00041,1,,zzhomes.com,data/qr_images/Q00041.png,none,none,4,1,http://www.zzhomes.com/fonts/dropboxz/proposal/,opencv,exact,47,15,25,0,2,1,0,0,0.0,0,0,0,0,0,0,3,0,0,0,0,0,0,4.061380139605636,0,0,0,0,0,0,0,1.0,0.6722143734202666,0.45966376374487905,0.3239631652832031,1.0,3530.311424255371,0.051971435546875,0.64849853515625,0.09765625,33.0,410.0,410.0
Q00042__clean,Q00042,0,,boxol.it,data/qr_images/Q00042.png,none,none,2,1,https://www.boxol.it/,opencv,exact,21,12,1,0,2,1,0,0,0.0,0,0,0,0,0,0,0,0,1,0,0,0,0,3.52257158913636,0,0,0,0,0,0,0,1.0,0.6896093331131281,0.455524076802929,0.3145751953125,1.0,2577.4673919677734,0.0383148193359375,0.5340576171875,0.12109375,25.0,330.0,330.0
Q00043__clean,Q00043,0,,retroporn.sexy,data/qr_images/Q00043.png,none,none,2,1,http://www.retroporn.sexy/,opencv,exact,26,18,1,0,2,1,0,0,0.0,0,0,0,0,0,0,0,0,0,0,0,0,0,3.661226256269789,0,0,0,0,0,0,0,1.0,0.6969591028550092,0.45262490885854756,0.3063201904296875,1.0,2443.0802841186523,0.036655426025390625,0.457763671875,0.12109375,25.0,330.0,330.0
Q00044__clean,Q00044,1,,coolraccoon.com,data/qr_images/Q00044.png,none,none,9,1,http://coolraccoon.com/wp-content/uploads/2018/12/vauxhall/vauxhall-zafira-1.6-design-5d-113-bhp-part-leather-privacy-glass-2-previous-keeper/54324543212,opencv,exact,153,15,131,0,2,0,14,24,0.1568627450980392,14,0,0,0,0,0,7,0,0,0,0,0,0,4.755549546224156,0,0,0,0,0,0,0,1.0,0.6132641212612975,0.47097967308328037,0.3838653564453125,1.0,6311.984748840332,0.08791351318359375,1.10626220703125,0.06640625,53.0,610.0,610.0
Q00045__clean,Q00045,0,,homeslyce.com,data/qr_images/Q00045.png,none,none,2,1,http://www.homeslyce.com/,opencv,exact,25,17,1,0,2,1,0,0,0.0,0,0,0,0,0,0,0,0,0,0,0,0,0,3.703465189601647,0,0,0,0,0,0,0,1.0,0.6896148382448682,0.4558131534854187,0.3139533996582031,1.0,2418.266716003418,0.036376953125,0.3814697265625,0.12109375,25.0,330.0,330.0
Q00046__clean,Q00046,0,,gog.com,data/qr_images/Q00046.png,none,none,4,1,https://www.gog.com/movie/the_gamers_directors_cut,opencv,exact,50,11,31,0,2,1,0,0,0.0,3,0,0,0,0,0,2,0,1,0,0,0,0,4.145979129983103,0,0,0,0,0,0,0,1.0,0.6668621736414292,0.4615949441333159,0.3299102783203125,1.0,3596.545867919922,0.052398681640625,0.457763671875,0.09765625,33.0,410.0,410.0
Q00047__clean,Q00047,0,,francealzheimer.org,data/qr_images/Q00047.png,none,none,3,1,https://www.francealzheimer.org/,opencv,exact,32,23,1,0,2,1,0,0,0.0,0,0,0,0,0,0,0,0,1,0,0,0,0,4.155639062229566,0,0,0,0,0,0,0,1.0,0.6785952399758731,0.45846896530919956,0.3236579895019531,1.0,3325.6346282958984,0.0471343994140625,0.41961669921875,0.107421875,29.0,370.0,370.0
Q00048__clean,Q00048,0,,ondvdreleases.com,data/qr_images/Q00048.png,none,none,5,1,https://www.ondvdreleases.com/2743-fantastic-beasts-and-where-to-find-them.html,opencv,exact,79,21,50,0,3,1,7,4,0.05063291139240506,7,0,0,0,0,0,1,0,1,0,0,0,0,4.386794236832494,0,0,0,0,0,0,0,1.0,0.6582514145795036,0.46347901758763355,0.3388710021972656,1.0,3952.3276977539062,0.057941436767578125,0.49591064453125,0.08984375,37.0,450.0,450.0
Q00049__clean,Q00049,1,,surfacespa.com,data/qr_images/Q00049.png,none,none,3,1,http://www.surfacespa.com/au/,opencv,exact,29,18,4,0,2,1,0,0,0.0,0,0,0,0,0,0,1,0,0,0,0,0,0,3.8404025467025056,0,0,0,0,0,0,0,1.0,0.6785959879557292,0.4587855162734534,0.3238563537597656,1.0,3232.464080810547,0.045711517333984375,0.41961669921875,0.107421875,29.0,370.0,370.0
Q00050__clean,Q00050,1,,cheapcolumbusproperties.com,data/qr_images/Q00050.png,none,none,4,1,http://www.cheapcolumbusproperties.com/gdocmolee/,opencv,exact,49,31,11,0,2,1,0,0,0.0,0,0,0,0,0,0,1,0,0,0,0,0,0,4.115037528699616,0,0,0,0,0,0,0,1.0,0.6496086718989353,0.4670588545845979,0.3473320007324219,1.0,3722.2653579711914,0.05442047119140625,0.49591064453125,0.09765625,33.0,410.0,410.0
Q00051__clean,Q00051,0,,personalniyhoroskop.com,data/qr_images/Q00051.png,none,none,3,1,http://www.personalniyhoroskop.com/,opencv,exact,35,27,1,0,2,1,0,0,0.0,0,0,0,0,0,0,0,0,0,0,0,0,0,4.047160074632759,0,0,0,0,0,0,0,1.0,0.6990478964412914,0.45035684311937063,0.3028831481933594,1.0,3124.4384384155273,0.0448150634765625,0.72479248046875,0.107421875,29.0,370.0,370.0
Q00052__clean,Q00052,1,,165.227.4.30,data/qr_images/Q00052.png,none,none,3,1,http://165.227.4.30/publish/images/,opencv,exact,35,12,16,0,3,0,0,9,0.2571428571428571,0,0,0,0,0,0,2,0,0,1,0,0,0,4.318867931899242,0,0,0,0,0,0,0,1.0,0.6778675602931602,0.4591287121470285,0.3231544494628906,1.0,2988.4877548217773,0.04401397705078125,0.457763671875,0.107421875,29.0,370.0,370.0
Q00053__clean,Q00053,0,,indianmirror.com,data/qr_images/Q00053.png,none,none,4,1,http://www.indianmirror.com/indian-industries/food.html,opencv,exact,55,20,28,0,3,1,1,0,0.0,1,0,0,0,0,0,2,0,0,0,0,0,0,4.117254487427742,0,0,0,0,0,0,0,1.0,0.6710217195398668,0.46010177918050155,0.3255577087402344,1.0,3581.086540222168,0.0523681640625,0.64849853515625,0.09765625,33.0,410.0,410.0
Q00054__clean,Q00054,0,,isc.org,data/qr_images/Q00054.png,none,none,3,1,https://www.isc.org/downloads/bind/dnssec/,opencv,exact,42,11,23,0,2,1,0,0,0.0,0,0,0,0,0,0,3,0,1,0,0,0,0,3.948765268419459,0,0,0,0,0,0,0,1.0,0.6749456667432598,0.45986848620873144,0.3267936706542969,1.0,3081.85294342041,0.04571533203125,0.57220458984375,0.107421875,29.0,370.0,370.0
Q00055__clean,Q00055,1,,utffunds.com,data/qr_images/Q00055.png,none,none,4,1,http://utffunds.com/nigba____/ourtimepge/v3,opencv,exact,43,12,24,0,1,0,0,1,0.023255813953488372,4,0,0,0,0,0,3,0,0,0,0,0,0,4.301508290129998,0,0,0,0,0,0,0,1.0,0.6603195040833716,0.46376038562330424,0.3373756408691406,1.0,3578.50968170166,0.052730560302734375,0.41961669921875,0.09765625,33.0,410.0,410.0
Q00056__clean,Q00056,1,,78.143.96.35,data/qr_images/Q00056.png,none,none,11,1,http://78.143.96.35/wordpress/gam/index.php?bidderblocklogin&amp;hc=1&amp;hm=uk`1d72fj2b2vi&amp;lt;265bidderblocklogin&amp;hc=1&amp;hm=uk`1d72fj2b2vi&amp;lt;265bidderblocklogin&amp;hc=1&amp;hm=uk`1d72fj2b2vi&amp;lt;265,opencv,exact,218,12,24,174,4,0,0,36,0.1651376146788991,31,0,1,6,9,0,3,10,0,1,0,0,0,4.995816844221752,1,1,0,0,0,0,0,1.0,0.5984077154421339,0.4712052087638172,0.40149688720703125,1.0,7745.9356689453125,0.10489654541015625,0.87738037109375,0.05859375,61.0,690.0,690.0
Q00057__clean,Q00057,1,,kankakeetankwash.com,data/qr_images/Q00057.png,none,none,3,1,http://kankakeetankwash.com/en,opencv,exact,30,20,3,0,1,0,0,0,0.0,0,0,0,0,0,0,1,0,0,0,0,0,0,3.672905595320056,0,0,0,0,0,0,0,1.0,0.6917429606119792,0.4535163929085619,0.31035614013671875,1.0,3099.324806213379,0.04463958740234375,0.5340576171875,0.107421875,29.0,370.0,370.0
Q00058__clean,Q00058,1,,henrybakercollege.edu.in,data/qr_images/Q00058.png,none,none,4,1,http://chasebank.com66.henrybakercollege.edu.in/chase.com/,opencv,exact,58,40,11,0,5,2,0,2,0.034482758620689655,0,0,0,0,0,0,1,0,0,0,0,0,0,4.265213057065438,1,0,0,0,0,0,1,1.0,0.6686468236586627,0.4605471922178577,0.3283424377441406,1.0,3696.095527648926,0.05402374267578125,0.5340576171875,0.09765625,33.0,410.0,410.0
Q00059__clean,Q00059,0,,nordnet.no,data/qr_images/Q00059.png,none,none,4,1,https://www.nordnet.no/mux/web/nordnet/index.html,opencv,exact,49,14,27,0,3,1,0,0,0.0,0,0,0,0,0,0,4,0,1,0,0,0,0,3.9638148851441652,0,0,0,0,0,0,0,1.0,0.6662667816760494,0.46162846357908743,0.33092498779296875,1.0,3646.9455337524414,0.053218841552734375,0.57220458984375,0.09765625,33.0,410.0,410.0
Q00060__clean,Q00060,1,,kloshpro.com,data/qr_images/Q00060.png,none,none,5,1,http://www.kloshpro.com/js/db/a/db/b/4/dropbx.z/document.html?ssl=yes,opencv,exact,69,16,38,7,4,1,0,1,0.014492753623188406,2,0,1,1,0,0,8,1,0,0,0,0,0,4.3952925812917245,0,0,0,0,0,0,0,1.0,0.6582528955796185,0.4636061864816186,0.3386955261230469,1.0,4065.873435974121,0.058223724365234375,0.57220458984375,0.08984375,37.0,450.0,450.0
Q00061__clean,Q00061,0,,state.mn.us,data/qr_images/Q00061.png,none,none,4,1,http://www.house.leg.state.mn.us/sessiondaily/,opencv,exact,46,25,14,0,5,3,0,0,0.0,0,0,0,0,0,0,1,0,0,0,0,0,0,4.004555369515117,0,0,0,0,0,0,0,1.0,0.6579372032015931,0.46463555828865344,0.3391838073730469,1.0,3694.1462631225586,0.053173065185546875,0.5340576171875,0.09765625,33.0,410.0,410.0
Q00062__clean,Q00062,1,,arcromdiamonds.ro,data/qr_images/Q00062.png,none,none,3,1,https://arcromdiamonds.ro/fr/,opencv,exact,29,17,4,0,1,0,0,0,0.0,0,0,0,0,0,0,1,0,1,0,0,0,0,3.7974676329840045,0,0,0,0,0,0,0,1.0,0.6873591254739201,0.4552532021543274,0.3145027160644531,1.0,3123.015251159668,0.044952392578125,0.57220458984375,0.107421875,29.0,370.0,370.0
Q00063__clean,Q00063,1,,ktpn.kalisz.pl,data/qr_images/Q00063.png,none,none,5,1,http://www.ktpn.kalisz.pl/read-invoice/index.php?rec=info@norzagarai.com,opencv,exact,72,18,23,23,5,1,1,0,0.0,4,1,1,1,0,0,2,1,0,0,0,0,0,4.528077787434472,0,0,0,0,0,0,0,1.0,0.6666503457462086,0.4602663222561502,0.33057403564453125,1.0,4085.454055786133,0.059253692626953125,0.6103515625,0.08984375,37.0,450.0,450.0
Q00064__clean,Q00064,1,,chromeproxy.net,data/qr_images/Q00064.png,none,none,10,1,http://fr.chromeproxy.net/direct/aHR0cHM6Ly93d3cuZmFjZWJvb2suY29tL2ltcHJlc3Npb24ucGhwL2YyNDI2ZTg0YTRkMDM4OC8_YXBpX2tleT0yNjA4OTA1NDcxMTUmbGlkPTExNSZwYXlsb2FkPSU3QiUyMnNvdXJjZSUyMiUzQSUyMmpzc2RrJTIyJTdE/,opencv,exact,202,18,177,0,2,1,0,24,0.1188118811881188,1,0,0,0,0,0,2,0,0,0,0,0,0,5.669561471412972,0,0,0,0,0,0,0,1.0,0.6099305844774433,0.4699106171311058,0.3877143859863281,1.0,6816.630180358887,0.09573745727539062,1.33514404296875,0.0625,57.0,650.0,650.0
Q00065__clean,Q00065,1,,instagramnotice-security.com,data/qr_images/Q00065.png,none,none,4,1,https://instagramnotice-security.com/mailindex.php,opencv,exact,50,28,14,0,2,0,1,0,0.0,1,0,0,0,0,0,1,0,1,0,0,0,0,4.258688570451096,0,0,0,0,0,0,0,1.0,0.6734065336339614,0.45898026321293683,0.32391357421875,1.0,3652.0483779907227,0.053279876708984375,0.64849853515625,0.09765625,33.0,410.0,410.0
Q00066__clean,Q00066,0,,linksys.com,data/qr_images/Q00066.png,none,none,6,1,http://community.linksys.com/t5/Wireless-Routers/Invalid-MAC-Address-Format-Error/td-p/79003,opencv,exact,92,21,64,0,2,1,6,6,0.06521739130434782,6,0,0,0,0,0,5,0,0,0,0,0,0,4.7492670832232795,0,0,0,0,0,0,0,1.0,0.6284741719563802,0.47119357047546817,0.37186431884765625,1.0,4671.937110900879,0.06637191772460938,0.49591064453125,0.08203125,41.0,490.0,490.0
Q00067__clean,Q00067,1,,ontrapages.com,data/qr_images/Q00067.png,none,none,4,1,http://marchearningstatment.ontrapages.com/,opencv,exact,43,35,1,0,2,1,0,0,0.0,0,0,0,0,0,0,0,0,0,0,0,0,0,3.8416376503435483,0,0,0,0,0,0,0,1.0,0.6626988579245174,0.462784143003947,0.33400726318359375,1.0,3693.0470428466797,0.0538177490234375,0.57220458984375,0.09765625,33.0,410.0,410.0
Q00068__clean,Q00068,0,,sourceforge.net,data/qr_images/Q00068.png,none,none,3,1,https://sourceforge.net/speedtest/,opencv,exact,34,15,11,0,1,0,0,0,0.0,0,0,0,0,0,0,1,0,1,0,0,0,0,3.642774150698464,0,0,0,0,0,0,0,1.0,0.6800569122912837,0.45779009765252004,0.322296142578125,1.0,3269.532814025879,0.04705047607421875,0.49591064453125,0.107421875,29.0,370.0,370.0
Q00069__clean,Q00069,1,,umarexcz.cz,data/qr_images/Q00069.png,none,none,13,1,http://umarexcz.cz/plugins/editors/tinymce/jscripts/tiny_mce/plugins/insertdatetime/langs/regional/6af3588686ec50234c9d7f339cbc57a8/en_US/i/scr/regional/70f5330392ca892cc8ed572a5ec249f7/Connexion.php?cmd=_Connexion&amp;dispatch=5885d80a13c0db1fb6947b0aeae66fdbfb2119927117e3a6f876e0fd34af4365,opencv,exact,292,11,181,92,2,0,0,81,0.2773972602739726,8,0,1,2,1,0,16,2,0,0,0,0,0,5.028199987508218,0,0,0,0,0,0,0,1.0,0.597228510239545,0.46845079708777915,0.4014701843261719,1.0,9060.191581726074,0.11993408203125,1.068115234375,0.052734375,69.0,770.0,770.0
Q00070__clean,Q00070,1,,webcindario.com,data/qr_images/Q00070.png,none,none,3,1,http://engligirr.webcindario.com/app/,opencv,exact,37,25,5,0,2,1,0,0,0.0,0,0,0,0,0,0,1,0,0,0,0,0,0,4.087567554701196,0,0,0,0,0,0,0,1.0,0.6946649588790594,0.4519420450271871,0.30702972412109375,1.0,3107.7711639404297,0.045505523681640625,0.5340576171875,0.107421875,29.0,370.0,370.0
Q00071__clean,Q00071,0,,geberit.fr,data/qr_images/Q00071.png,none,none,2,1,https://www.geberit.fr/fr/,opencv,exact,26,14,4,0,2,1,0,0,0.0,0,0,0,0,0,0,1,0,1,0,0,0,0,3.613337314045307,0,0,0,0,0,0,0,1.0,0.6841015984030331,0.45783529970238707,0.3199577331542969,1.0,2550.4474182128906,0.038028717041015625,0.457763671875,0.12109375,25.0,330.0,330.0
Q00072__clean,Q00072,1,,sexabout.ru,data/qr_images/Q00072.png,none,none,4,1,https://forum.sexabout.ru/styles/images/home/login.php,opencv,exact,54,17,29,0,3,1,0,0,0.0,0,0,0,0,0,0,4,0,1,0,0,0,0,4.182779113467523,1,1,0,0,0,0,0,1.0,0.6722155402688419,0.45948047345471454,0.3249702453613281,1.0,3595.4652404785156,0.05274200439453125,0.5340576171875,0.09765625,33.0,410.0,410.0
Q00073__clean,Q00073,1,,78.143.96.35,data/qr_images/Q00073.png,none,none,10,1,http://78.143.96.35/wordpress/gam/index.php?bidderblocklogin&amp;hc=1&amp;hc=1&amp;hc=1&amp;hm=uk`1d72fj2b2vi&lt;265&amp;hm=uk`1d72fj2b2vi&lt;265bidderblocklogin&amp;hm=uk`1d72fj2b2vi&lt;265bidderblocklogin,opencv,exact,206,12,24,162,4,0,0,36,0.17475728155339806,28,0,1,6,9,0,3,10,0,1,0,0,0,5.033368398557183,1,1,0,0,0,0,0,1.0,0.6118214326746324,0.46903512517325174,0.38580322265625,1.0,7048.913414001465,0.0981903076171875,1.02996826171875,0.0625,57.0,650.0,650.0
Q00074__clean,Q00074,0,,myshopify.com,data/qr_images/Q00074.png,none,none,3,1,https://perfactshop.myshopify.com/,opencv,exact,34,25,1,0,2,1,0,0,0.0,0,0,0,0,0,0,0,0,1,0,0,0,0,3.8588029144615943,0,0,0,0,0,0,0,1.0,0.687359873453776,0.45509476581144137,0.31455230712890625,1.0,3148.6002655029297,0.0455780029296875,0.5340576171875,0.107421875,29.0,370.0,370.0
Q00075__clean,Q00075,0,,yourdictionary.com,data/qr_images/Q00075.png,none,none,3,1,http://www.yourdictionary.com/osi-model,opencv,exact,39,22,10,0,2,1,1,0,0.0,1,0,0,0,0,0,1,0,0,0,0,0,0,4.192346052629154,0,0,0,0,0,0,0,1.0,0.6895543266745174,0.4541988528775901,0.31192779541015625,1.0,3175.6678771972656,0.045928955078125,0.6866455078125,0.107421875,29.0,370.0,370.0
Q00076__clean,Q00076,1,,proxy.al,data/qr_images/Q00076.png,none,none,9,1,http://fr.proxy.al/direct/aHR0cHM6Ly93d3cuZmFjZWJvb2suY29tL2ltcHJlc3Npb24ucGhwL2YzNzM0MzE3ODcyMDI2Lz9saWQ9MTE1JnBheWxvYWQ9JTdCJTIyc291cmNlJTIyJTNBJTIyanNzZGslMjIlN0Q-,opencv_aruco,exact,166,11,148,0,2,1,1,24,0.14457831325301204,1,0,0,0,0,0,2,0,0,0,0,0,0,5.457134952789972,0,0,0,0,0,0,0,1.0,0.622135955212163,0.46887868431227403,0.3761863708496094,1.0,6294.810607910156,0.087432861328125,1.068115234375,0.06640625,53.0,610.0,610.0
Q00077__clean,Q00077,0,,sangharakshita.org,data/qr_images/Q00077.png,none,none,4,1,http://www.sangharakshita.org/_books/Noble_Eightfold_Path.pdf,opencv,exact,61,22,32,0,3,1,0,0,0.0,3,0,0,0,0,0,2,0,0,0,0,0,0,4.386261937422482,0,0,0,0,0,0,0,1.0,0.6662668265548407,0.46151221520601676,0.33081817626953125,1.0,3719.5190200805664,0.05393218994140625,0.457763671875,0.09765625,33.0,410.0,410.0
Q00078__clean,Q00078,0,,cubehost.ru,data/qr_images/Q00078.png,none,none,4,1,http://dick-of.cubehost.ru/archive/2015/1.php?n=25&id=128520,opencv,exact,60,19,19,14,3,1,1,13,0.21666666666666667,5,0,1,2,1,0,3,2,0,0,0,0,0,4.658659712448833,0,0,0,0,0,0,0,1.0,0.6680511025821462,0.46129271670389516,0.3287010192871094,1.0,3526.5294876098633,0.05169677734375,0.5340576171875,0.09765625,33.0,410.0,410.0
Q00079__clean,Q00079,1,,donplitka.in.ua,data/qr_images/Q00079.png,none,none,4,1,http://www.donplitka.in.ua/includes/js/up/aicces/myaccount/,opencv,exact,59,19,33,0,3,1,0,0,0.0,0,0,0,0,0,0,5,0,0,0,0,0,0,4.143165244563693,1,0,0,1,0,0,0,1.0,0.6668599745806526,0.4618612821220114,0.33002471923828125,1.0,3544.2854614257812,0.051235198974609375,0.49591064453125,0.09765625,33.0,410.0,410.0
Q00080__clean,Q00080,0,,meteo.camera,data/qr_images/Q00080.png,none,none,2,1,http://meteo.camera,opencv,exact,19,12,0,0,1,0,0,0,0.0,0,0,0,0,0,0,0,0,0,0,0,0,0,3.4316235658474303,0,0,0,0,0,0,0,1.0,0.6987932691387102,0.45172924946608434,0.3050956726074219,1.0,2503.4659729003906,0.037322998046875,0.41961669921875,0.12109375,25.0,330.0,330.0
Q00081__clean,Q00081,0,,hugedomains.com,data/qr_images/Q00081.png,none,none,5,1,https://www.hugedomains.com/domain_profile.cfm?d=recordinghound&e=com,opencv,exact,69,19,19,22,3,1,0,0,0.0,5,0,1,2,1,0,1,2,1,0,0,0,0,4.44699977686376,0,0,0,0,0,0,0,1.0,0.6626993515912224,0.4613611631880728,0.3349113464355469,1.0,4177.039436340332,0.0607452392578125,0.57220458984375,0.08984375,37.0,450.0,450.0
Q00082__clean,Q00082,1,,amda.org.np,data/qr_images/Q00082.png,none,none,4,1,http://amda.org.np/image/ftp201910029fdx2e473bdbac/index.html,opencv,exact,61,11,43,0,3,0,0,13,0.21311475409836064,0,0,0,0,0,0,3,0,0,0,0,0,0,4.584196919736365,0,0,0,0,0,0,0,1.0,0.6668615902171415,0.4618659346279209,0.3300056457519531,1.0,3429.299644470215,0.05055999755859375,0.6866455078125,0.09765625,33.0,410.0,410.0
Q00083__clean,Q00083,1,,aziendaleone.com,data/qr_images/Q00083.png,none,none,4,1,http://www.aziendaleone.com/moet/GD/index.php,opencv,exact,45,20,18,0,3,1,0,0,0.0,0,0,0,0,0,0,3,0,0,0,0,0,0,4.11966185273291,0,0,0,0,0,0,0,1.0,0.6656700732661228,0.46202354432708037,0.3316802978515625,1.0,3639.2732315063477,0.052570343017578125,0.57220458984375,0.09765625,33.0,410.0,410.0
Q00084__clean,Q00084,1,,funeo.com,data/qr_images/Q00084.png,none,none,9,1,https://funeo.com/modules/blockmyaccountfooter/translations/loginpa-log-id003314580124/9796ce7e1653dec3971eb30436129379ODc1MzBhMjFlNGQ0YjgzMzgzM2ZhOGQzYzI1MmU5MjA=,opencv,exact,163,9,146,0,1,0,2,41,0.25153374233128833,3,0,0,1,0,0,5,0,1,0,0,0,0,5.329472251280286,2,1,0,1,0,0,0,1.0,0.6097702175963159,0.4715002291182111,0.3885154724121094,1.0,6481.216041564941,0.089569091796875,0.87738037109375,0.06640625,53.0,610.0,610.0
Q00085__clean,Q00085,1,,persiangig.com,data/qr_images/Q00085.png,none,none,3,1,http://marm0o0lak.persiangig.com,opencv,exact,32,25,0,0,2,1,0,2,0.0625,0,0,0,0,0,0,0,0,0,0,0,0,0,4.140319531114783,0,0,0,0,0,0,0,1.0,0.687360367120481,0.45489359528778917,0.3145027160644531,1.0,3234.25626373291,0.04663848876953125,0.57220458984375,0.107421875,29.0,370.0,370.0
Q00086__clean,Q00086,1,,chat-whatsagp.com,data/qr_images/Q00086.png,none,none,4,1,http://chat-whatsagp.com/NbmtrAuhTonc6hdtRMNdOA,opencv,exact,47,17,23,0,1,0,1,1,0.02127659574468085,1,0,0,0,0,0,1,0,0,0,0,0,0,4.418757405182869,0,0,0,0,0,0,0,1.0,0.6686464795879289,0.4608222008059983,0.32775115966796875,1.0,3626.7006912231445,0.05298614501953125,0.5340576171875,0.09765625,33.0,410.0,410.0
Q00087__clean,Q00087,0,,moviestarplanet.dk,data/qr_images/Q00087.png,none,none,3,1,https://moviestarplanet.dk/,opencv,exact,27,18,1,0,1,0,0,0,0.0,0,0,0,0,0,0,0,0,1,0,0,0,0,3.9861879650463043,0,0,0,0,0,0,0,1.0,0.6917448006424249,0.4534180677691855,0.3095741271972656,1.0,3106.30118560791,0.044887542724609375,0.6866455078125,0.107421875,29.0,370.0,370.0
Q00088__clean,Q00088,0,,hwxnet.com,data/qr_images/Q00088.png,none,none,2,1,https://www.hwxnet.com/,opencv,exact,23,14,1,0,2,1,0,0,0.0,0,0,0,0,0,0,0,0,1,0,0,0,0,3.5883543471732335,0,0,0,0,0,0,0,1.0,0.7015499040192249,0.4507099471953547,0.3023033142089844,1.0,2483.7113342285156,0.036590576171875,0.41961669921875,0.12109375,25.0,330.0,330.0
Q00089__clean,Q00089,1,,6228lkt.com,data/qr_images/Q00089.png,none,none,2,1,http://m.6228lkt.com/,opencv,exact,21,13,1,0,2,1,0,4,0.19047619047619047,0,0,0,0,0,0,0,0,0,0,0,0,0,3.6537567082870006,0,0,0,0,0,0,0,1.0,0.6969562904507506,0.4524852966202553,0.30742645263671875,1.0,2580.736976623535,0.038059234619140625,0.41961669921875,0.12109375,25.0,330.0,330.0
Q00090__clean,Q00090,1,,ioshop.es,data/qr_images/Q00090.png,none,none,4,1,http://www.ioshop.es/actualitegroupeactualitespublications,opencv,exact,58,13,38,0,2,1,0,0,0.0,0,0,0,0,0,0,1,0,0,0,0,0,0,4.032285901818422,0,0,0,0,0,0,0,1.0,0.6710268955604702,0.4600906183807227,0.3255424499511719,1.0,3578.710693359375,0.052265167236328125,0.64849853515625,0.09765625,33.0,410.0,410.0
Q00091__clean,Q00091,1,,drrhau.com.au,data/qr_images/Q00091.png,none,none,4,1,http://drrhau.com.au/dropbox/auth/view/share/index.html,opencv,exact,55,13,35,0,3,0,0,0,0.0,0,0,0,0,0,0,5,0,0,0,0,0,0,4.198894941894525,0,0,0,0,0,0,0,1.0,0.6626937866210938,0.4627769967035633,0.3340110778808594,1.0,3754.5258407592773,0.054302215576171875,0.5340576171875,0.09765625,33.0,410.0,410.0
Q00092__clean,Q00092,0,,china-family-adventure.com,data/qr_images/Q00092.png,none,none,3,1,https://www.china-family-adventure.com/,opencv,exact,39,30,1,0,2,1,2,0,0.0,2,0,0,0,0,0,0,0,1,0,0,0,0,4.387465039153175,0,0,0,0,0,0,0,1.0,0.6807880775601256,0.4578049287853863,0.3212089538574219,1.0,3151.3355407714844,0.045497894287109375,0.6103515625,0.107421875,29.0,370.0,370.0
Q00093__clean,Q00093,0,,mercerislandschools.org,data/qr_images/Q00093.png,none,none,4,1,http://www.mercerislandschools.org/domain/95,opencv,exact,44,27,10,0,2,1,0,2,0.045454545454545456,0,0,0,0,0,0,2,0,0,0,0,0,0,4.2715983798534225,0,0,0,0,0,0,0,1.0,0.6579385495653339,0.4645860521331393,0.3391227722167969,1.0,3661.367431640625,0.0532379150390625,0.49591064453125,0.09765625,33.0,410.0,410.0
Q00094__clean,Q00094,1,,a10tech.com,data/qr_images/Q00094.png,none,none,3,1,http://www.a10tech.com/img/,opencv,exact,27,15,5,0,2,1,0,2,0.07407407407407407,0,0,0,0,0,0,1,0,0,0,0,0,0,3.8100810205217313,0,0,0,0,0,0,0,1.0,0.6873605915144378,0.45535626002136886,0.3148078918457031,1.0,3039.0986328125,0.044292449951171875,0.5340576171875,0.107421875,29.0,370.0,370.0
Q00095__clean,Q00095,1,,anthonytalks.com,data/qr_images/Q00095.png,none,none,3,1,http://anthonytalks.com/home.html,opencv,exact,33,16,10,0,2,0,0,0,0.0,0,0,0,0,0,0,1,0,0,0,0,0,0,3.7754758472091443,0,0,0,0,0,0,0,1.0,0.6851702671425015,0.45633947654083434,0.3163871765136719,1.0,2989.263572692871,0.043621063232421875,0.41961669921875,0.107421875,29.0,370.0,370.0
Q00096__clean,Q00096,0,,amazon.com,data/qr_images/Q00096.png,none,none,6,1,https://www.amazon.com/Best-Sellers-Computers-Accessories-Computer-Mice/zgbs/pc/11036491,opencv,exact,88,14,66,0,2,1,5,8,0.09090909090909091,5,0,0,0,0,0,4,0,1,0,0,0,0,4.670134892428195,0,0,0,0,0,0,0,1.0,0.6588786405675552,0.46160291673028153,0.3405113220214844,1.0,4804.162643432617,0.06782913208007812,0.762939453125,0.08203125,41.0,490.0,490.0
Q00097__clean,Q00097,1,,reopenmedia.net,data/qr_images/Q00097.png,none,none,4,1,http://reopenmedia.net/BankingAugust/unique/page/error.php,opencv,exact,58,15,36,0,2,0,0,0,0.0,0,0,0,0,0,0,4,0,0,0,0,0,0,4.088236117298362,1,0,0,0,0,0,1,1.0,0.6698373831954657,0.46039403804952095,0.3269081115722656,1.0,3657.3886337280273,0.053195953369140625,0.5340576171875,0.09765625,33.0,410.0,410.0
Q00098__clean,Q00098,1,,net2care.com,data/qr_images/Q00098.png,none,none,6,1,http://schaaf.ch.net2care.com/https//admin.hostpoint.ch/431abc189a39f5b6059cd5d279f83901/,opencv,exact,89,22,60,0,5,2,0,23,0.25842696629213485,0,0,0,0,0,0,3,0,0,0,0,0,1,4.565764084447202,0,0,0,0,0,0,0,1.0,0.6380479700425092,0.4681119335468991,0.361236572265625,1.0,4922.259460449219,0.06903457641601562,0.49591064453125,0.08203125,41.0,490.0,490.0
Q00099__clean,Q00099,1,,corporacionplaneta.com,data/qr_images/Q00099.png,none,none,3,1,http://corporacionplaneta.com/hot/MO.html,opencv,exact,41,22,12,0,2,0,0,0,0.0,0,0,0,0,0,0,2,0,0,0,0,0,0,3.888312225166194,0,0,0,0,0,0,0,1.0,0.6895523520076976,0.4545056720601982,0.3124542236328125,1.0,3077.7243118286133,0.04433441162109375,0.6103515625,0.107421875,29.0,370.0,370.0
Q00100__clean,Q00100,0,,universal-devices.com,data/qr_images/Q00100.png,none,none,3,1,https://www.universal-devices.com/,opencv,exact,34,25,1,0,2,1,1,0,0.0,1,0,0,0,0,0,0,0,1,0,0,0,0,4.2339466645252255,0,0,0,0,0,0,0,1.0,0.6778657950607001,0.45884529347208414,0.32431793212890625,1.0,3157.6574935913086,0.045867919921875,0.3814697265625,0.107421875,29.0,370.0,370.0
Q00101__clean,Q00101,0,,1000projects.org,data/qr_images/Q00101.png,none,none,6,1,http://1000projects.org/fundamentals-of-passive-optical-network-cse-ppt-presentation.html,opencv,exact,89,16,66,0,2,0,7,4,0.0449438202247191,7,0,0,0,0,0,1,0,0,0,0,0,0,4.383744635680689,0,0,0,0,0,0,0,1.0,0.6443008422851563,0.46676776995289326,0.35602569580078125,1.0,4649.74967956543,0.06605911254882812,0.72479248046875,0.08203125,41.0,490.0,490.0
Q00102__clean,Q00102,0,,wolterskluwer.de,data/qr_images/Q00102.png,none,none,3,1,https://www.wolterskluwer.de/,opencv,exact,29,20,1,0,2,1,0,0,0.0,0,0,0,0,0,0,0,0,1,0,0,0,0,3.689901581992151,0,0,0,0,0,0,0,1.0,0.6778678295659084,0.459023468399005,0.3238716125488281,1.0,3226.915412902832,0.045864105224609375,0.762939453125,0.107421875,29.0,370.0,370.0
Q00103__clean,Q00103,1,,heightblog.com,data/qr_images/Q00103.png,none,none,5,1,http://www.heightblog.com/wp-content/themes/twentyten/VERIFYDB/Login-DropBox/,opencv,exact,77,18,52,0,2,1,2,0,0.0,2,0,0,0,0,0,5,0,0,0,0,0,0,4.47096925530743,2,1,1,0,0,0,0,1.0,0.6533127728630514,0.4648421664057391,0.34332275390625,1.0,4149.4678955078125,0.0598297119140625,0.57220458984375,0.08984375,37.0,450.0,450.0
Q00104__clean,Q00104,0,,yahoo.com,data/qr_images/Q00104.png,none,none,8,1,http://search.yahoo.com/tablet/s?p=passive+optical+networks+pros+and+cons&ei=UTF-8&fr2=rs-bottom%2Cp%3As%2Cv%3Aw%2Cm%3Aat-s,opencv,exact,123,16,9,90,2,1,3,8,0.06504065040650407,20,0,1,3,2,6,2,3,0,0,0,0,0,4.8728244697240015,0,0,0,0,0,0,0,1.0,0.6124914580700445,0.47129831221675095,0.3873786926269531,1.0,5026.731170654297,0.08001708984375,0.95367431640625,0.0703125,49.0,570.0,570.0
Q00105__clean,Q00105,0,,goscienceseven.com,data/qr_images/Q00105.png,none,none,7,1,http://www.goscienceseven.com/Wallseeking%20mice/wallseeking%20pdf/Natural%20History%20of%20the%20House%20Mouse.pdf,opencv,exact,115,22,86,0,3,1,0,14,0.12173913043478261,7,0,0,0,0,7,3,0,0,0,0,0,0,4.659852987995174,0,0,0,0,0,0,0,1.0,0.6262073442047718,0.47027460962233236,0.37192535400390625,1.0,5031.409461975098,0.07295608520507812,0.9918212890625,0.076171875,45.0,530.0,530.0
Q00106__clean,Q00106,0,,foursquare.com,data/qr_images/Q00106.png,none,none,5,1,https://ru.foursquare.com/v/hopdoddy-burger-bar/4cb5e045e262b60c46cb6ae0,opencv_aruco,exact,72,17,47,0,2,1,2,14,0.19444444444444445,2,0,0,0,0,0,3,0,1,0,0,0,0,4.539949356493821,0,0,0,0,0,0,0,1.0,0.6735628763834636,0.45753428047470157,0.3230781555175781,1.0,4238.43302154541,0.060726165771484375,0.72479248046875,0.08984375,37.0,450.0,450.0
Q00107__clean,Q00107,0,,tnaxxx.com,data/qr_images/Q00107.png,none,none,2,1,http://www.tnaxxx.com/,opencv,exact,22,14,1,0,2,1,0,0,0.0,0,0,0,0,0,0,0,0,0,0,0,0,0,3.503997527334848,0,0,0,0,0,0,0,1.0,0.6896093331131281,0.4555316044064687,0.3143157958984375,1.0,2568.4571380615234,0.038120269775390625,0.57220458984375,0.12109375,25.0,330.0,330.0
Q00108__clean,Q00108,0,,audi.co.za,data/qr_images/Q00108.png,none,none,3,1,http://www.audi.co.za/za/web/en.html,opencv,exact,36,14,15,0,4,1,0,0,0.0,0,0,0,0,0,0,3,0,0,0,0,0,0,3.9721634603655405,0,0,0,0,0,0,0,1.0,0.6771338369332108,0.4590873164249422,0.3249015808105469,1.0,3145.5789489746094,0.0458221435546875,0.5340576171875,0.107421875,29.0,370.0,370.0
Q00109__clean,Q00109,0,,cnet.com,data/qr_images/Q00109.png,none,none,3,1,https://www.cnet.com/internet-speed-test/,opencv,exact,41,12,21,0,2,1,2,0,0.0,2,0,0,0,0,0,1,0,1,0,0,0,0,3.7617978103444116,0,0,0,0,0,0,0,1.0,0.6734830370136335,0.46053073781368614,0.32869720458984375,1.0,3190.7185974121094,0.046051025390625,0.49591064453125,0.107421875,29.0,370.0,370.0
Q00110__clean,Q00110,0,,mygolfspy.com,data/qr_images/Q00110.png,none,none,4,1,https://www.mygolfspy.com/ultimate-review-ping-g20-irons/,opencv,exact,57,17,32,0,2,1,4,2,0.03508771929824561,4,0,0,0,0,0,1,0,1,0,0,0,0,4.455182557796656,0,0,0,0,0,0,0,1.0,0.6763803669050628,0.4580147709939031,0.3213539123535156,1.0,3571.83341217041,0.052288055419921875,0.49591064453125,0.09765625,33.0,410.0,410.0
Q00111__clean,Q00111,1,,auraromed.eu,data/qr_images/Q00111.png,none,none,4,1,https://auraromed.eu/tr/ue/lo/gi/n/?X1=USER@DOMAIN.ch,opencv,exact,53,12,15,17,2,0,0,1,0.018867924528301886,3,1,1,1,0,0,5,1,1,0,0,0,0,4.765287435531991,0,0,0,0,0,0,0,1.0,0.6739997564577589,0.4589733003060609,0.32302093505859375,1.0,3578.2272872924805,0.05228424072265625,0.762939453125,0.09765625,33.0,410.0,410.0
Q00112__clean,Q00112,1,,office.com,data/qr_images/Q00112.png,none,none,8,1,https://forms.office.com/Pages/ResponsePage.aspx?id=DQSIkWdsW0yxEjajBLZtrQAAAAAAAAAAAAEVd0wrx-dUM0ZBM1BJSURVRlk5RU9JWEszNE9QTVQxQy4u,opencv,exact,132,16,24,83,3,1,1,8,0.06060606060606061,3,0,1,1,0,0,2,1,1,0,0,0,0,5.379335740728435,0,0,0,0,0,0,0,1.0,0.6134142707375919,0.47076050198145025,0.3863868713378906,1.0,5127.347702026367,0.08138656616210938,0.762939453125,0.0703125,49.0,570.0,570.0
Q00113__clean,Q00113,1,,cloudns.asia,data/qr_images/Q00113.png,none,none,3,1,http://www.births.cloudns.asia/asstt/,opencv,exact,37,23,7,0,3,2,0,0,0.0,0,0,0,0,0,0,1,0,0,0,0,0,0,3.872049488456949,0,0,0,0,0,0,0,1.0,0.6858977373908548,0.4560701877525986,0.3162193298339844,1.0,3076.1273040771484,0.04412841796875,0.6103515625,0.107421875,29.0,370.0,370.0
Q00114__clean,Q00114,0,,opensourceecology.org,data/qr_images/Q00114.png,none,none,5,1,http://opensourceecology.org/wiki/Open_Source_Hardware_Projects,opencv_aruco,exact,63,21,35,0,1,0,0,0,0.0,3,0,0,0,0,0,2,0,0,0,0,0,0,4.404622678743983,0,0,0,0,0,0,0,1.0,0.6552890852385876,0.46434281851671566,0.341217041015625,1.0,4107.983955383301,0.05926513671875,0.5340576171875,0.08984375,37.0,450.0,450.0
Q00115__clean,Q00115,0,,mphc.gov.in,data/qr_images/Q00115.png,none,none,2,1,http://mphc.gov.in,opencv,exact,18,11,0,0,2,0,0,0,0.0,0,0,0,0,0,0,0,0,0,0,0,0,0,3.6143694458867563,0,0,0,0,0,0,0,1.0,0.7024676902621401,0.450114870285555,0.3012542724609375,1.0,2495.8441162109375,0.037250518798828125,0.49591064453125,0.12109375,25.0,330.0,330.0
Q00116__clean,Q00116,1,,org.ru,data/qr_images/Q00116.png,none,none,6,1,http://https.m.facebook.com.ttcysuttlart1999.aylandirow.tmf.org.ru/?refsrc=https:/www.facebook.com/&_rdr,opencv,exact,104,59,1,36,10,7,0,4,0.038461538461538464,4,0,1,1,1,0,0,2,0,0,0,0,0,4.508252824685497,0,0,0,0,0,0,0,1.0,0.6322197259641161,0.4699049852061265,0.3670234680175781,1.0,4827.3142166137695,0.06825637817382812,0.34332275390625,0.08203125,41.0,490.0,490.0
Q00117__clean,Q00117,0,,cnn.com,data/qr_images/Q00117.png,none,none,3,1,http://edition.cnn.com/live4,opencv,exact,28,15,6,0,2,1,0,1,0.03571428571428571,0,0,0,0,0,0,1,0,0,0,0,0,0,3.8423709931771093,0,0,0,0,0,0,0,1.0,0.6764042274624693,0.4593328711361122,0.3254547119140625,1.0,3140.64013671875,0.04598236083984375,0.49591064453125,0.107421875,29.0,370.0,370.0
Q00118__clean,Q00118,0,,howstuffworks.com,data/qr_images/Q00118.png,none,none,4,1,http://computer.howstuffworks.com/bittorrent1.htm,opencv,exact,49,26,16,0,3,1,0,1,0.02040816326530612,0,0,0,0,0,0,1,0,0,0,0,0,0,4.050848813848051,0,0,0,0,0,0,0,1.0,0.6948213614669501,0.4504476102050276,0.3026924133300781,1.0,3565.4179763793945,0.052295684814453125,0.762939453125,0.09765625,33.0,410.0,410.0
Q00119__clean,Q00119,1,,meetme.run,data/qr_images/Q00119.png,none,none,2,1,http://meetme.run/3m8TS,opencv,exact,23,10,6,0,1,0,0,2,0.08695652173913043,0,0,0,0,0,0,1,0,0,0,0,0,0,3.696624999159019,0,0,0,0,0,0,0,1.0,0.6932832456102558,0.45381026793463175,0.3110008239746094,1.0,2597.1682662963867,0.038837432861328125,0.457763671875,0.12109375,25.0,330.0,330.0
Q00120__clean,Q00120,1,,interiordezine.com,data/qr_images/Q00120.png,none,none,3,1,http://www.interiordezine.com/wp-admin/,opencv,exact,39,22,10,0,2,1,1,0,0.0,1,0,0,0,0,0,1,0,0,0,0,0,0,3.996564718695828,0,0,0,0,0,0,0,1.0,0.7063523086847043,0.44722535793227014,0.2958831787109375,1.0,3013.8712615966797,0.04367828369140625,0.64849853515625,0.107421875,29.0,370.0,370.0
Q00121__clean,Q00121,1,,gzymca.org,data/qr_images/Q00121.png,none,none,5,1,http://www.gzymca.org/Public/upload/post_photos/file/20160226/20160226051521_96140.html,opencv,exact,87,14,66,0,3,1,0,27,0.3103448275862069,2,0,0,0,0,0,6,0,0,0,0,0,0,4.674386210067489,0,0,0,0,0,0,0,1.0,0.6463996139227175,0.4666926337037926,0.3499336242675781,1.0,4207.945343017578,0.0611114501953125,0.5340576171875,0.08984375,37.0,450.0,450.0
Q00122__clean,Q00122,1,,thaihouseliving.com,data/qr_images/Q00122.png,none,none,4,1,http://thaihouseliving.com/wp-admin/includes/wetrans/index.php,opencv,exact,62,19,36,0,2,0,1,0,0.0,1,0,0,0,0,0,4,0,0,0,0,0,0,4.294618036361373,0,0,0,0,0,0,0,1.0,0.6496087018181296,0.46729807510164467,0.34759521484375,1.0,3620.1319274902344,0.05309295654296875,0.49591064453125,0.09765625,33.0,410.0,410.0
Q00123__clean,Q00123,0,,jobvite.com,data/qr_images/Q00123.png,none,none,3,1,http://jobs.jobvite.com/linkedin/jobs,opencv,exact,37,16,14,0,2,1,0,0,0.0,0,0,0,0,0,0,2,0,0,0,0,0,0,4.046762824854522,0,0,0,0,0,0,0,1.0,0.67713711308498,0.4593479048550493,0.3249015808105469,1.0,3110.4649505615234,0.044918060302734375,0.41961669921875,0.107421875,29.0,370.0,370.0
Q00124__clean,Q00124,0,,opensource.com,data/qr_images/Q00124.png,none,none,5,1,https://opensource.com/life/15/4/how-get-involved-open-source-hardware-association,opencv,exact,82,14,60,0,1,0,6,3,0.036585365853658534,6,0,0,0,0,0,4,0,1,0,0,0,0,4.373792364369321,0,0,0,0,0,0,0,1.0,0.6503532110476027,0.4656352902864886,0.346282958984375,1.0,4169.12646484375,0.060459136962890625,0.64849853515625,0.08984375,37.0,450.0,450.0
Q00125__clean,Q00125,1,,vipcentr.ru,data/qr_images/Q00125.png,none,none,2,1,http://vki.vipcentr.ru,opencv,exact,22,15,0,0,2,1,0,0,0.0,0,0,0,0,0,0,0,0,0,0,0,0,0,3.697845823084412,0,0,0,0,0,0,0,1.0,0.7052237267587699,0.44898442715491654,0.29857635498046875,1.0,2475.4183959960938,0.036708831787109375,0.49591064453125,0.12109375,25.0,330.0,330.0
Q00126__clean,Q00126,0,,planday.com,data/qr_images/Q00126.png,none,none,3,1,https://www.planday.com/da/,opencv,exact,27,15,4,0,2,1,0,0,0.0,0,0,0,0,0,0,1,0,1,0,0,0,0,3.8100810205217313,0,0,0,0,0,0,0,1.0,0.6815190184350107,0.45753342078373443,0.3207550048828125,1.0,3136.6790618896484,0.045501708984375,0.5340576171875,0.107421875,29.0,370.0,370.0
Q00127__clean,Q00127,0,,recyclingcenters.org,data/qr_images/Q00127.png,none,none,3,1,https://www.recyclingcenters.org/,opencv,exact,33,24,1,0,2,1,0,0,0.0,0,0,0,0,0,0,0,0,1,0,0,0,0,3.937444876540854,0,0,0,0,0,0,0,1.0,0.6837108238070619,0.4568475547533124,0.3178672790527344,1.0,2998.5912170410156,0.04395294189453125,0.57220458984375,0.107421875,29.0,370.0,370.0
Q00128__clean,Q00128,1,,pple.com,data/qr_images/Q00128.png,none,none,3,1,http://psupport.apple.com.pple.com/,opencv,exact,35,27,1,0,4,3,0,0,0.0,0,0,0,0,0,0,0,0,0,0,0,0,0,3.578864088188097,0,0,0,0,0,0,0,1.0,0.689553279502719,0.4545271992607508,0.3119659423828125,1.0,3025.5760650634766,0.044063568115234375,0.57220458984375,0.107421875,29.0,370.0,370.0
Q00129__clean,Q00129,0,,microchip.com,data/qr_images/Q00129.png,none,none,4,1,http://www.microchip.com/forums/m327898.aspx,opencv,exact,44,17,20,0,3,1,0,6,0.13636363636363635,0,0,0,0,0,0,2,0,0,0,0,0,0,4.282739857027811,0,0,0,0,0,0,0,1.0,0.6781660491344975,0.45753706820282486,0.318206787109375,1.0,3483.4984588623047,0.051258087158203125,0.72479248046875,0.09765625,33.0,410.0,410.0
Q00130__clean,Q00130,1,,rebrand.ly,data/qr_images/Q00130.png,none,none,2,1,https://rebrand.ly/9m831w,opencv,exact,25,10,7,0,1,0,0,4,0.16,0,0,0,0,0,0,1,0,1,0,0,0,0,4.293660689688184,0,0,0,0,0,0,0,1.0,0.7070576387293198,0.4480237764964424,0.2965812683105469,1.0,2578.664207458496,0.037738800048828125,0.34332275390625,0.12109375,25.0,330.0,330.0
Q00131__clean,Q00131,1,,leaddogweb.com,data/qr_images/Q00131.png,none,none,4,1,http://www.leaddogweb.com/Docs/document.php,opencv,exact,43,18,18,0,3,1,0,0,0.0,0,0,0,0,0,0,2,0,0,0,0,0,0,4.11162928928394,0,0,0,0,0,0,0,1.0,0.6656732447007123,0.4619364981819446,0.3314666748046875,1.0,3537.8302841186523,0.052211761474609375,0.49591064453125,0.09765625,33.0,410.0,410.0
Q00132__clean,Q00132,0,,helpingwithmath.com,data/qr_images/Q00132.png,none,none,4,1,http://www.helpingwithmath.com/resources/oth_number_lines.htm,opencv,exact,61,23,31,0,3,1,0,0,0.0,2,0,0,0,0,0,2,0,0,0,0,0,0,4.206827247463353,0,0,0,0,0,0,0,1.0,0.6531801111557904,0.4666942947697652,0.343994140625,1.0,3533.6856994628906,0.051067352294921875,0.457763671875,0.09765625,33.0,410.0,410.0
Q00133__clean,Q00133,0,,plurk.com,data/qr_images/Q00133.png,none,none,3,1,http://www.plurk.com/m/p/f2j4al,opencv,exact,31,13,11,0,2,1,0,2,0.06451612903225806,0,0,0,0,0,0,3,0,0,0,0,0,0,4.014860327200947,0,0,0,0,0,0,0,1.0,0.6691000096938189,0.4621434744928897,0.3329925537109375,1.0,3098.6749420166016,0.045482635498046875,0.3814697265625,0.107421875,29.0,370.0,370.0
Q00134__clean,Q00134,0,,skilltechwebdesign.com,data/qr_images/Q00134.png,none,none,3,1,http://www.skilltechwebdesign.com/,opencv,exact,34,26,1,0,2,1,0,0,0.0,0,0,0,0,0,0,0,0,0,0,0,0,0,4.0796786498829745,0,0,0,0,0,0,0,1.0,0.675672882678462,0.45972479036288866,0.32659912109375,1.0,3043.1407928466797,0.044956207275390625,0.41961669921875,0.107421875,29.0,370.0,370.0
Q00135__clean,Q00135,1,,179.185.89.94,data/qr_images/Q00135.png,none,none,2,1,http://179.185.89.94/,opencv,exact,21,13,1,0,3,0,0,10,0.47619047619047616,0,0,0,0,0,0,0,0,0,1,0,0,0,3.4273334938982645,0,0,0,0,0,0,0,1.0,0.7033849379595588,0.4495594763869676,0.3006706237792969,1.0,2588.3927688598633,0.0382232666015625,0.49591064453125,0.12109375,25.0,330.0,330.0
Q00136__clean,Q00136,1,,kvhw8ma.work,data/qr_images/Q00136.png,none,none,4,1,http://appleid.apple.com-sign.kvhw8ma.work/,opencv,exact,43,35,1,0,4,3,1,1,0.023255813953488372,1,0,0,0,0,0,0,0,0,0,0,0,0,4.330464394730848,0,0,0,0,0,0,0,1.0,0.6615076850442325,0.46361483976485934,0.3353309631347656,1.0,3547.898681640625,0.051807403564453125,0.49591064453125,0.09765625,33.0,410.0,410.0
Q00137__clean,Q00137,1,,magifilmworks.com,data/qr_images/Q00137.png,none,none,6,1,http://www.magifilmworks.com/wp-admin/your-attached-document-for-review93892/2013gdocs/,opencv,exact,87,21,59,0,2,1,5,9,0.10344827586206896,5,0,0,0,0,0,3,0,0,0,0,0,0,4.703193536810898,0,0,0,0,0,0,0,1.0,0.6559614443311504,0.4628140825574596,0.34522247314453125,1.0,4672.450347900391,0.06657791137695312,0.91552734375,0.08203125,41.0,490.0,490.0
Q00138__clean,Q00138,1,,chottosf.com,data/qr_images/Q00138.png,none,none,5,1,http://www.chottosf.com/wp-admin/here/Re-ValidateYourMailbox.htm,opencv,exact,64,16,41,0,3,1,2,0,0.0,2,0,0,0,0,0,3,0,0,0,0,0,0,4.484473149067329,0,0,0,0,0,0,0,1.0,0.6424507589901195,0.46851042244043273,0.3544502258300781,1.0,4017.545783996582,0.058349609375,0.49591064453125,0.08984375,37.0,450.0,450.0
Q00139__clean,Q00139,1,,stai-aljawami.ac.id,data/qr_images/Q00139.png,none,none,5,1,http://jurnal.stai-aljawami.ac.id/.well-known/pki-validation/emoji/main/main/doc/hub,opencv,exact,84,26,51,0,4,1,3,0,0.0,3,0,0,0,0,0,7,0,0,0,0,0,0,4.2444972267995595,0,0,0,0,0,0,0,1.0,0.6493631549910003,0.46587562125026405,0.3473472595214844,1.0,4152.293113708496,0.0605621337890625,0.3814697265625,0.08984375,37.0,450.0,450.0
Q00140__clean,Q00140,1,,afritraders.com,data/qr_images/Q00140.png,none,none,4,1,http://www.afritraders.com/googledrive/index.htm,opencv,exact,48,19,22,0,3,1,0,0,0.0,0,0,0,0,0,0,2,0,0,0,0,0,0,4.256328385912463,0,0,0,0,0,0,0,1.0,0.6507984236174938,0.4667445279897785,0.3465690612792969,1.0,3738.483352661133,0.0542449951171875,0.3814697265625,0.09765625,33.0,410.0,410.0
Q00141__clean,Q00141,0,,diecarfactory.de,data/qr_images/Q00141.png,none,none,3,1,https://www.diecarfactory.de,opencv,exact,28,20,0,0,2,1,0,0,0.0,0,0,0,0,0,0,0,0,1,0,0,0,0,3.9677201004745,0,0,0,0,0,0,0,1.0,0.6815191680309819,0.4573624874522993,0.3200340270996094,1.0,3255.263847351074,0.046581268310546875,0.457763671875,0.107421875,29.0,370.0,370.0
Q00142__clean,Q00142,1,,consultax.cl,data/qr_images/Q00142.png,none,none,4,1,http://www.consultax.cl/thecrowngroup/tcwoodinc/u.php,opencv,exact,53,16,30,0,3,1,0,0,0.0,0,0,0,0,0,0,3,0,0,0,0,0,0,4.047396824736068,0,0,0,0,0,0,0,1.0,0.659126506132238,0.46439447664242056,0.3376197814941406,1.0,3609.5919494628906,0.052459716796875,0.457763671875,0.09765625,33.0,410.0,410.0
Q00143__clean,Q00143,0,,backtoblackvinyl.com,data/qr_images/Q00143.png,none,none,3,1,http://redeem.backtoblackvinyl.com,opencv,exact,34,27,0,0,2,1,0,0,0.0,0,0,0,0,0,0,0,0,0,0,0,0,0,4.197325708706504,0,0,0,0,0,0,0,1.0,0.6793269886690028,0.45841601484816225,0.32241058349609375,1.0,3059.4307174682617,0.0449981689453125,0.49591064453125,0.107421875,29.0,370.0,370.0
Q00144__clean,Q00144,1,,stil-proiect.ro,data/qr_images/Q00144.png,none,none,5,1,http://stil-proiect.ro/download/download/Docuimage/?email=nobody@mycraftmail.com,opencv,exact,80,15,29,28,2,0,1,0,0.0,4,1,1,1,0,0,3,1,0,0,0,0,0,4.415031896934837,0,0,0,0,0,0,0,1.0,0.636526549096201,0.47016975502566183,0.3606605529785156,1.0,3994.1867065429688,0.058727264404296875,0.49591064453125,0.08984375,37.0,450.0,450.0
Q00145__clean,Q00145,0,,metal-supply.dk,data/qr_images/Q00145.png,none,none,3,1,https://www.metal-supply.dk/,opencv,exact,28,19,1,0,2,1,1,0,0.0,1,0,0,0,0,0,0,0,1,0,0,0,0,3.91379956460568,0,0,0,0,0,0,0,1.0,0.6858987995222503,0.4556889773655713,0.31644439697265625,1.0,3076.262809753418,0.045146942138671875,0.6103515625,0.107421875,29.0,370.0,370.0
Q00146__clean,Q00146,0,,patwarner.com,data/qr_images/Q00146.png,none,none,3,1,http://www.patwarner.com/router_table.html,opencv,exact,42,17,18,0,3,1,0,0,0.0,1,0,0,0,0,0,1,0,0,0,0,0,0,3.9511430177077886,0,0,0,0,0,0,0,1.0,0.6844389373180912,0.4565237985359595,0.317291259765625,1.0,3091.3528060913086,0.04468536376953125,0.57220458984375,0.107421875,29.0,370.0,370.0
Q00147__clean,Q00147,1,,gulfeducationservices.com,data/qr_images/Q00147.png,none,none,5,1,https://www.gulfeducationservices.com/slider/Service/check/Login-account/,opencv,exact,73,29,36,0,2,1,1,0,0.0,1,0,0,0,0,0,4,0,1,0,0,0,0,4.382534704196496,2,1,0,1,0,0,0,1.0,0.6493642919203815,0.46638571696886705,0.3476753234863281,1.0,4090.08113861084,0.058773040771484375,0.457763671875,0.08984375,37.0,450.0,450.0
Q00148__clean,Q00148,0,,laracasts.com,data/qr_images/Q00148.png,none,none,4,1,https://laracasts.com/series/how-do-i/episodes/19,opencv,exact,49,13,28,0,1,0,2,2,0.04081632653061224,2,0,0,0,0,0,4,0,1,0,0,0,0,4.0345889876821355,0,0,0,0,0,0,0,1.0,0.6519890878714767,0.46654383575077224,0.345428466796875,1.0,3649.7056884765625,0.05330657958984375,0.5340576171875,0.09765625,33.0,410.0,410.0
Q00149__clean,Q00149,0,,sportsengine.com,data/qr_images/Q00149.png,none,none,3,1,https://www.sportsengine.com/solutions/,opencv,exact,39,20,11,0,2,1,0,0,0.0,0,0,0,0,0,0,1,0,1,0,0,0,0,3.9233659245349726,0,0,0,0,0,0,0,1.0,0.6720241920620788,0.4611821204325833,0.3295249938964844,1.0,3194.9433975219727,0.045841217041015625,0.49591064453125,0.107421875,29.0,370.0,370.0
Q00150__clean,Q00150,1,,bagir.pt,data/qr_images/Q00150.png,none,none,3,1,http://bagir.pt/shp/sharepoint-MD7,opencv,exact,34,8,19,0,1,0,1,1,0.029411764705882353,1,0,0,0,0,0,2,0,0,0,0,0,0,4.006436738245531,0,0,0,0,0,0,0,1.0,0.6902847888422947,0.45379707878161757,0.31166839599609375,1.0,3053.783935546875,0.045269012451171875,0.57220458984375,0.107421875,29.0,370.0,370.0
Q00151__clean,Q00151,0,,medicinenet.com,data/qr_images/Q00151.png,none,none,4,1,http://www.medicinenet.com/herpes_of_the_eye/page2.htm,opencv,exact,54,19,28,0,3,1,0,1,0.018518518518518517,3,0,0,0,0,0,2,0,0,0,0,0,0,4.126861520714674,0,0,0,0,0,0,0,1.0,0.6555590461282169,0.46544406611296696,0.3418617248535156,1.0,3577.563461303711,0.052555084228515625,0.457763671875,0.09765625,33.0,410.0,410.0
Q00152__clean,Q00152,0,,yarden.nl,data/qr_images/Q00152.png,none,none,2,1,https://www.yarden.nl/,opencv,exact,22,13,1,0,2,1,0,0,0.0,0,0,0,0,0,0,0,0,1,0,0,0,0,3.7544418457133446,0,0,0,0,0,0,0,1.0,0.6859377692727482,0.45705624798989747,0.318084716796875,1.0,2585.4218978881836,0.03832244873046875,0.30517578125,0.12109375,25.0,330.0,330.0
Q00153__clean,Q00153,1,,imoveiseder.com.br,data/qr_images/Q00153.png,none,none,4,1,http://www.imoveiseder.com.br/xo/qiye/qiye.163.com/login,opencv,exact,56,22,27,0,5,1,0,3,0.05357142857142857,0,0,0,0,0,0,4,0,0,0,0,0,0,4.352745780871872,1,1,0,0,0,0,0,1.0,0.6638892977845435,0.46282818591916636,0.3336753845214844,1.0,3580.867988586426,0.05199432373046875,0.57220458984375,0.09765625,33.0,410.0,410.0
Q00154__clean,Q00154,0,,vogella.com,data/qr_images/Q00154.png,none,none,5,1,http://www.vogella.com/tutorials/JavaAlgorithmsDijkstra/article.html,opencv,exact,68,15,46,0,3,1,0,0,0.0,0,0,0,0,0,0,3,0,0,0,0,0,0,4.287409488398752,0,0,0,0,0,0,0,1.0,0.6543019612630209,0.464994151200472,0.3425140380859375,1.0,4000.8871536254883,0.057643890380859375,0.762939453125,0.08984375,37.0,450.0,450.0
Q00155__clean,Q00155,0,,audio-transcoder.com,data/qr_images/Q00155.png,none,none,5,1,http://www.audio-transcoder.com/how-to-convert-mp3-files-to-wav,opencv,exact,63,24,32,0,2,1,7,1,0.015873015873015872,7,0,0,0,0,0,1,0,0,0,0,0,0,4.259870052096939,0,0,0,0,0,0,0,1.0,0.6508465785606234,0.4658689648169429,0.3455390930175781,1.0,4095.708351135254,0.05889129638671875,0.64849853515625,0.08984375,37.0,450.0,450.0
Q00156__clean,Q00156,0,,gobackpacking.com,data/qr_images/Q00156.png,none,none,4,1,http://gobackpacking.com/nicaraguan-food-traditional-cuisine/,opencv,exact,61,17,37,0,1,0,3,0,0.0,3,0,0,0,0,0,1,0,0,0,0,0,0,4.201229864015876,0,0,0,0,0,0,0,1.0,0.662698304419424,0.463060742265682,0.3349151611328125,1.0,3563.390800476074,0.052303314208984375,0.457763671875,0.09765625,33.0,410.0,410.0
Q00157__clean,Q00157,1,,skins4real.ru,data/qr_images/Q00157.png,none,none,2,1,http://skins4real.ru/,opencv,exact,21,13,1,0,1,0,0,1,0.047619047619047616,0,0,0,0,0,0,0,0,0,0,0,0,0,3.880179922675737,0,0,0,0,0,0,0,1.0,0.7061404059914982,0.4481722015570745,0.2973594665527344,1.0,2556.4124145507812,0.038364410400390625,0.49591064453125,0.12109375,25.0,330.0,330.0
Q00158__clean,Q00158,0,,primarygames.com,data/qr_images/Q00158.png,none,none,4,1,http://www.primarygames.com/puzzles/memory.php,opencv,exact,46,20,19,0,3,1,0,0,0.0,0,0,0,0,0,0,2,0,0,0,0,0,0,4.127065630893372,0,0,0,0,0,0,0,1.0,0.6484217475442325,0.46778389253362995,0.34792327880859375,1.0,3632.3032455444336,0.052913665771484375,0.49591064453125,0.09765625,33.0,410.0,410.0
Q00159__clean,Q00159,1,,hop.ru,data/qr_images/Q00159.png,none,none,2,1,http://instagram.hop.ru,opencv,exact,23,16,0,0,2,1,0,0,0.0,0,0,0,0,0,0,0,0,0,0,0,0,0,3.7950885863977324,0,0,0,0,0,0,0,1.0,0.7079772350834865,0.4476056448662496,0.295989990234375,1.0,2549.261688232422,0.037502288818359375,0.5340576171875,0.12109375,25.0,330.0,330.0
Q00160__clean,Q00160,0,,completenorthamerica.com,data/qr_images/Q00160.png,none,none,3,1,https://www.completenorthamerica.com/,opencv,exact,37,28,1,0,2,1,0,0,0.0,0,0,0,0,0,0,0,0,1,0,0,0,0,3.9519040409537936,0,0,0,0,0,0,0,1.0,0.6749433629653033,0.4601060466049666,0.3270835876464844,1.0,3099.0449447631836,0.0449981689453125,0.49591064453125,0.107421875,29.0,370.0,370.0
Q00161__clean,Q00161,0,,answers.com,data/qr_images/Q00161.png,none,none,4,1,http://www.answers.com/Q/Digital_media_salary,opencv,exact,45,15,23,0,2,1,0,0,0.0,2,0,0,0,0,0,2,0,0,0,0,0,0,4.29464636342018,0,0,0,0,0,0,0,1.0,0.6686461504767923,0.46098800785110694,0.3279533386230469,1.0,3532.799758911133,0.052013397216796875,0.6103515625,0.09765625,33.0,410.0,410.0
Q00162__clean,Q00162,0,,digiturkkampanyalari.com,data/qr_images/Q00162.png,none,none,3,1,http://www.digiturkkampanyalari.com/,opencv,exact,36,28,1,0,2,1,0,0,0.0,0,0,0,0,0,0,0,0,0,0,0,0,0,4.141604167868593,0,0,0,0,0,0,0,1.0,0.6793257919012331,0.4582779517993126,0.3228492736816406,1.0,3157.1397247314453,0.045856475830078125,0.457763671875,0.107421875,29.0,370.0,370.0
Q00163__clean,Q00163,1,,merveyilmazericmimarlik.com,data/qr_images/Q00163.png,none,none,5,1,http://merveyilmazericmimarlik.com/glasscase/.index.html?F54590RTR54RFD654EDF,opencv,exact,77,27,22,20,3,0,0,10,0.12987012987012986,1,0,1,0,0,0,2,1,0,0,0,0,0,4.802265034584405,0,0,0,0,0,0,0,1.0,0.6572625852098652,0.4638360700450643,0.3396453857421875,1.0,3925.35001373291,0.05767822265625,0.8392333984375,0.08984375,37.0,450.0,450.0
Q00164__clean,Q00164,1,,comersio.com,data/qr_images/Q00164.png,none,none,4,1,http://comersio.com/modules/mod_stats/course/mycours.htm,opencv,exact,56,12,37,0,2,0,0,0,0.0,1,0,0,0,0,0,4,0,0,0,0,0,0,3.9135136283377605,0,0,0,0,0,0,0,1.0,0.6811399572035846,0.4561079682547075,0.3158721923828125,1.0,3614.3296432495117,0.052608489990234375,0.762939453125,0.09765625,33.0,410.0,410.0
Q00165__clean,Q00165,1,,espace-client.net,data/qr_images/Q00165.png,none,none,4,1,http://espace-client.net/canalsat-resiliation,opencv,exact,45,17,21,0,1,0,2,0,0.0,2,0,0,0,0,0,1,0,0,0,0,0,0,3.7641062971773547,0,0,0,0,0,0,0,1.0,0.6585353926116345,0.46421915599083097,0.338592529296875,1.0,3651.8287963867188,0.05348968505859375,0.457763671875,0.09765625,33.0,410.0,410.0
Q00166__clean,Q00166,1,,duluxshop.lk,data/qr_images/Q00166.png,none,none,4,1,http://duluxshop.lk/app/App/681c9474f108908c089843cf512e26cc/,opencv,exact,61,12,42,0,1,0,0,24,0.39344262295081966,0,0,0,0,0,0,3,0,0,0,0,0,0,4.500272075822206,0,0,0,0,0,0,0,1.0,0.680544490440219,0.4564998988641505,0.31621551513671875,1.0,3524.265380859375,0.051776885986328125,0.762939453125,0.09765625,33.0,410.0,410.0
Q00167__clean,Q00167,1,,gyanvitaranamlawcollege.com,data/qr_images/Q00167.png,none,none,4,1,https://www.gyanvitaranamlawcollege.com/assets,opencv,exact,46,31,7,0,2,1,0,0,0.0,0,0,0,0,0,0,1,0,1,0,0,0,0,4.093682879734897,0,0,0,0,0,0,0,1.0,0.6507994558296951,0.4667280443056728,0.3465156555175781,1.0,3720.838981628418,0.054073333740234375,0.5340576171875,0.09765625,33.0,410.0,410.0
Q00168__clean,Q00168,0,,sharing.com.tw,data/qr_images/Q00168.png,none,none,2,1,http://sharing.com.tw/web/,opencv,exact,26,14,5,0,2,0,0,0,0.0,0,0,0,0,0,0,1,0,0,0,0,0,0,3.9790978911348036,0,0,0,0,0,0,0,1.0,0.6914475833668429,0.45479892614822115,0.3122367858886719,1.0,2498.2753372192383,0.037628173828125,0.41961669921875,0.12109375,25.0,330.0,330.0
Q00169__clean,Q00169,1,,marjaharmon.com,data/qr_images/Q00169.png,none,none,5,1,http://marjaharmon.com/blog/content/counter/yahpage/yapage.html,opencv,exact,63,15,41,0,2,0,0,0,0.0,0,0,0,0,0,0,5,0,0,0,0,0,0,4.017884139432866,0,0,0,0,0,0,0,1.0,0.6582518783270144,0.4630629550234606,0.3379783630371094,1.0,4062.2586517333984,0.05987548828125,0.6103515625,0.08984375,37.0,450.0,450.0
Q00170__clean,Q00170,1,,eladios.com.mx,data/qr_images/Q00170.png,none,none,5,1,https://www.eladios.com.mx/library/carouFredSel/genehttps/steper.php,opencv,exact,68,18,42,0,4,1,0,0,0.0,0,0,0,0,0,0,4,0,1,0,0,0,0,4.355630217825958,0,0,0,0,0,0,0,1.0,0.6464017681047028,0.46658618243062017,0.35019683837890625,1.0,4157.331466674805,0.061168670654296875,0.6103515625,0.08984375,37.0,450.0,450.0
Q00171__clean,Q00171,0,,roller.com,data/qr_images/Q00171.png,none,none,2,1,https://www.roller.com/,opencv,exact,23,14,1,0,2,1,0,0,0.0,0,0,0,0,0,0,0,0,1,0,0,0,0,3.6753108689123644,0,0,0,0,0,0,0,1.0,0.698795363482307,0.4516649066896681,0.3051109313964844,1.0,2496.630355834961,0.037425994873046875,0.30517578125,0.12109375,25.0,330.0,330.0
Q00172__clean,Q00172,1,,imagelinetech.com,data/qr_images/Q00172.png,none,none,4,1,http://visa.com-vmore-7149313398.imagelinetech.com/,opencv,exact,51,43,1,0,3,2,2,10,0.19607843137254902,2,0,0,0,0,0,0,0,0,0,0,0,0,4.470774116184353,0,0,0,0,0,0,0,1.0,0.6734031527650123,0.45947504344224605,0.3238258361816406,1.0,3580.588066101074,0.051548004150390625,0.72479248046875,0.09765625,33.0,410.0,410.0
Q00173__clean,Q00173,1,,documantal.cc,data/qr_images/Q00173.png,none,none,2,1,http://mani.documantal.cc/,opencv,exact,26,18,1,0,2,1,0,0,0.0,0,0,0,0,0,0,0,0,0,0,0,0,0,3.7381493331928657,0,0,0,0,0,0,0,1.0,0.7043039508894378,0.44932376563102217,0.2990226745605469,1.0,2525.900489807129,0.037334442138671875,0.457763671875,0.12109375,25.0,330.0,330.0
Q00174__clean,Q00174,0,,quora.com,data/qr_images/Q00174.png,none,none,8,1,https://www.quora.com/Where-can-I-find-the-Click-Through-Rate-CTR-industry-standards-for-healthcare-search-advertising-as-well-as-other-digital-averages,opencv,exact,152,13,131,0,2,1,20,0,0.0,20,0,0,0,0,0,1,0,1,0,0,0,0,4.417648855839261,0,0,0,0,0,0,0,1.0,0.6226482166963465,0.468311801628787,0.3769416809082031,1.0,5110.141662597656,0.08176803588867188,0.87738037109375,0.0703125,49.0,570.0,570.0
Q00175__clean,Q00175,1,,mixh.jp,data/qr_images/Q00175.png,none,none,7,1,http://account-update.amazon.co.jp.access.usid-92821.mixh.jp/af5baf594e9197b43c9f26f17b205e5b/signin.php?country=jp-japan,opencv,exact,121,53,44,16,8,6,3,24,0.19834710743801653,5,0,1,1,0,0,2,1,0,0,0,0,0,4.892627469282242,3,0,0,1,0,1,0,1.0,0.6276349983963312,0.46975471090879134,0.3694305419921875,1.0,5107.366325378418,0.07373046875,1.068115234375,0.076171875,45.0,530.0,530.0
Q00176__clean,Q00176,0,,horoscopeswithin.com,data/qr_images/Q00176.png,none,none,4,1,http://www.horoscopeswithin.com/pdf/lunar_return.pdf,opencv,exact,52,24,21,0,3,1,0,0,0.0,1,0,0,0,0,0,2,0,0,0,0,0,0,4.233811593016276,0,0,0,0,0,0,0,1.0,0.6638880860571768,0.46240245281318587,0.3335304260253906,1.0,3762.7994537353516,0.05413055419921875,0.34332275390625,0.09765625,33.0,410.0,410.0
Q00177__clean,Q00177,1,,vassallo.com.ar,data/qr_images/Q00177.png,none,none,5,1,https://www.vassallo.com.ar/modules/mailchimpintegration/translations/scriptac.html,opencv,exact,83,19,56,0,4,1,0,0,0.0,0,0,0,0,0,0,4,0,1,0,0,0,0,4.138114697337912,0,0,0,0,0,0,0,1.0,0.6661535973642386,0.46028542206135836,0.33062744140625,1.0,4146.324310302734,0.06014251708984375,0.57220458984375,0.08984375,37.0,450.0,450.0
Q00178__clean,Q00178,0,,mlpforums.com,data/qr_images/Q00178.png,none,none,4,1,https://mlpforums.com/topic/119923-discovery-family-in-hd/,opencv,exact,58,13,37,0,1,0,4,6,0.10344827586206896,4,0,0,0,0,0,2,0,1,0,0,0,0,4.50230529714325,0,0,0,0,0,0,0,1.0,0.6615063536400888,0.4631099144758589,0.33597564697265625,1.0,3653.5036392211914,0.05387115478515625,0.57220458984375,0.09765625,33.0,410.0,410.0
Q00179__clean,Q00179,1,,casasbahia.net,data/qr_images/Q00179.png,none,none,5,1,http://ww1.casasbahia.net/?sub1=e02c5da2-9c15-11ea-bab4-eced369576b8,opencv,exact,68,18,1,41,2,1,4,19,0.27941176470588236,6,0,1,1,0,0,0,1,0,0,0,0,0,4.565404666450817,0,0,0,0,0,0,0,1.0,0.6631900562959558,0.46144958132728514,0.33377838134765625,1.0,4084.325881958008,0.05959320068359375,0.64849853515625,0.08984375,37.0,450.0,450.0
Q00180__clean,Q00180,1,,vprint.com.my,data/qr_images/Q00180.png,none,none,4,1,http://www.vprint.com.my/stories/gdoc/Paype/,opencv,exact,44,17,20,0,3,1,0,0,0.0,0,0,0,0,0,0,3,0,0,0,0,0,0,4.174674231978641,0,0,0,0,0,0,0,1.0,0.6615081487917432,0.46326464673576906,0.3362541198730469,1.0,3649.034881591797,0.05340576171875,0.5340576171875,0.09765625,33.0,410.0,410.0
Q00181__clean,Q00181,0,,isp1.us,data/qr_images/Q00181.png,none,none,3,1,http://isp1.us/state/new-york/nyc/,opencv,exact,34,7,20,0,1,0,1,1,0.029411764705882353,1,0,0,0,0,0,3,0,0,0,0,0,0,4.02085512047121,0,0,0,0,0,0,0,1.0,0.6617950589049096,0.4648959463712853,0.3401756286621094,1.0,3032.748466491699,0.0447845458984375,0.457763671875,0.107421875,29.0,370.0,370.0
Q00182__clean,Q00182,1,,kenaidanceta.com,data/qr_images/Q00182.png,none,none,5,1,http://errictandalex.kenaidanceta.com/www.spk.de/spk.sicherheit.htm,opencv_aruco,exact,67,30,30,0,6,1,0,0,0.0,0,0,0,0,0,0,2,0,0,0,0,0,0,4.132284900119888,0,0,0,0,0,0,0,1.0,0.6444259045170803,0.46729790051950204,0.3526611328125,1.0,4157.826309204102,0.060943603515625,0.49591064453125,0.08984375,37.0,450.0,450.0
Q00183__clean,Q00183,1,,shokitini.com,data/qr_images/Q00183.png,none,none,11,1,http://www.shokitini.com/FileUpload/Update.html?rand=13InboxLightaspxn.1774256418&amp;fid.4.1252899642&amp;fid=1&amp;fav.1&amp;rand.13InboxLight.aspxn.1774256418&amp;fid.1252899642&amp;fid.1&amp;fav.1&amp;email=abuse@ccclchem.com,opencv,exact,229,17,23,181,14,1,0,49,0.21397379912663755,21,1,1,3,8,0,2,9,0,0,0,0,0,5.052636773878681,1,0,0,0,0,1,0,1.0,0.6110094407025506,0.4683528184352804,0.3893623352050781,1.0,7811.74698638916,0.105499267578125,1.25885009765625,0.05859375,61.0,690.0,690.0
Q00184__clean,Q00184,0,,guttenbergarts.org,data/qr_images/Q00184.png,none,none,3,1,http://www.guttenbergarts.org/,opencv,exact,30,22,1,0,2,1,0,0,0.0,0,0,0,0,0,0,0,0,0,0,0,0,0,3.7525842461721624,0,0,0,0,0,0,0,1.0,0.6844375909543505,0.4563863851980446,0.3176231384277344,1.0,3159.0585327148438,0.045444488525390625,0.41961669921875,0.107421875,29.0,370.0,370.0
Q00185__clean,Q00185,0,,investfunds.kz,data/qr_images/Q00185.png,none,none,3,1,http://investfunds.kz/world/stocks/1835/,opencv,exact,40,14,19,0,1,0,0,4,0.1,0,0,0,0,0,0,3,0,0,0,0,0,0,4.334183719779189,0,0,0,0,0,0,0,1.0,0.6822485082289752,0.45724299548379205,0.3197517395019531,1.0,3246.9522399902344,0.046176910400390625,0.5340576171875,0.107421875,29.0,370.0,370.0
Q00186__clean,Q00186,1,,a2ip.ru,data/qr_images/Q00186.png,none,none,5,1,http://ge-ge.snprobbx.pbz.r.de.a2ip.ru/Messanger-2064751200477341/community,opencv,exact,75,31,37,0,6,5,2,17,0.22666666666666666,2,0,0,0,0,0,2,0,0,0,0,0,0,4.789973317186082,0,0,0,0,0,0,0,1.0,0.6562804128609452,0.46372946959288386,0.3400001525878906,1.0,4025.755058288574,0.05957794189453125,0.64849853515625,0.08984375,37.0,450.0,450.0
Q00187__clean,Q00187,1,,reallifechoices.com.au,data/qr_images/Q00187.png,none,none,4,1,http://rlcportal.reallifechoices.com.au/incs.php,opencv,exact,48,32,9,0,4,1,0,0,0.0,0,0,0,0,0,0,1,0,0,0,0,0,0,4.008947073809812,0,0,0,0,0,0,0,1.0,0.6567493812710631,0.46483689549702434,0.3403205871582031,1.0,3678.7649459838867,0.053874969482421875,0.457763671875,0.09765625,33.0,410.0,410.0
Q00188__clean,Q00188,1,,dukhovnist.in.ua,data/qr_images/Q00188.png,none,none,4,1,http://www.dukhovnist.in.ua/includes/ourtime,opencv,exact,44,20,17,0,3,1,0,0,0.0,0,0,0,0,0,0,2,0,0,0,0,0,0,4.1806892889443334,0,0,0,0,0,0,0,1.0,0.6698358124377681,0.4605973479653946,0.3269233703613281,1.0,3576.640205383301,0.0521087646484375,0.64849853515625,0.09765625,33.0,410.0,410.0
Q00189__clean,Q00189,1,,busywithwork.com,data/qr_images/Q00189.png,none,none,5,1,http://busywithwork.com/wp-content/plugins/index/CapitalOne360/UpdateBanking.php,opencv,exact,80,16,57,0,2,0,1,3,0.0375,1,0,0,0,0,0,5,0,0,0,0,0,0,4.6159250849056095,2,0,0,0,0,1,1,1.0,0.6503497553806679,0.46525513490695963,0.3460693359375,1.0,4200.171180725098,0.061786651611328125,0.5340576171875,0.08984375,37.0,450.0,450.0
Q00190__clean,Q00190,0,,resilienz.at,data/qr_images/Q00190.png,none,none,2,1,https://www.resilienz.at/,opencv,exact,25,16,1,0,2,1,0,0,0.0,0,0,0,0,0,0,0,0,1,0,0,0,0,3.7532696895151076,0,0,0,0,0,0,0,1.0,0.6914470448213466,0.454640645095266,0.3125190734863281,1.0,2534.8629150390625,0.03836822509765625,0.457763671875,0.12109375,25.0,330.0,330.0
Q00191__clean,Q00191,0,,excitedirectory.com,data/qr_images/Q00191.png,none,none,3,1,http://www.excitedirectory.com/,opencv,exact,31,23,1,0,2,1,0,0,0.0,0,0,0,0,0,0,0,0,0,0,0,0,0,3.8245334068819106,0,0,0,0,0,0,0,1.0,0.6917424819048713,0.45324297400239166,0.30950164794921875,1.0,3190.4681854248047,0.04582977294921875,0.57220458984375,0.107421875,29.0,370.0,370.0
Q00192__clean,Q00192,1,,moonfruit.com,data/qr_images/Q00192.png,none,none,3,1,http://microsoftmail.moonfruit.com,opencv,exact,34,27,0,0,2,1,0,0,0.0,0,0,0,0,0,0,0,0,0,0,0,0,0,3.8414473125268023,0,0,0,0,0,0,0,1.0,0.6785988901175705,0.4586667867722154,0.32341766357421875,1.0,3092.6323013305664,0.045192718505859375,0.34332275390625,0.107421875,29.0,370.0,370.0
Q00193__clean,Q00193,0,,pennzoil.com,data/qr_images/Q00193.png,none,none,8,1,http://www.pennzoil.com/en_us/products/other-oils-fluids-fuel/manual-transmission-fluids-axle-oils/synchromesh-manual-transmission-fluid.html,opencv,exact,141,16,118,0,3,1,10,0,0.0,11,0,0,0,0,0,5,0,0,0,0,0,0,4.331761080392511,0,0,0,0,0,0,0,1.0,0.6201858370911841,0.46943194294356694,0.3797416687011719,1.0,5017.685653686523,0.07966232299804688,0.87738037109375,0.0703125,49.0,570.0,570.0
Q00194__clean,Q00194,0,,tnut.edu.vn,data/qr_images/Q00194.png,none,none,2,1,http://tnut.edu.vn,opencv,exact,18,11,0,0,2,0,0,0,0.0,0,0,0,0,0,0,0,0,0,0,0,0,0,3.2810361125534233,0,0,0,0,0,0,0,1.0,0.6969585643095129,0.45248466897117173,0.30682373046875,1.0,2504.807960510254,0.03741455078125,0.6103515625,0.12109375,25.0,330.0,330.0
Q00195__clean,Q00195,0,,osdev.org,data/qr_images/Q00195.png,none,none,3,1,http://wiki.osdev.org/Parallel_port,opencv,exact,35,14,14,0,2,1,0,0,0.0,1,0,0,0,0,0,1,0,0,0,0,0,0,4.164299088064469,0,0,0,0,0,0,0,1.0,0.6785946266323912,0.4588591634949118,0.3235931396484375,1.0,3040.8866806030273,0.044300079345703125,0.41961669921875,0.107421875,29.0,370.0,370.0
Q00196__clean,Q00196,1,,coffeecup.com,data/qr_images/Q00196.png,none,none,4,1,http://actiie844.coffeecup.com/forms/info..w/,opencv,exact,45,23,15,0,4,1,0,3,0.06666666666666667,0,0,0,0,0,0,2,0,0,0,0,0,0,4.07242414119796,0,0,0,0,0,0,0,1.0,0.6740007886699602,0.4591193941436899,0.3228912353515625,1.0,3507.1178817749023,0.051361083984375,0.6103515625,0.09765625,33.0,410.0,410.0
Q00197__clean,Q00197,0,,purpletrail.com,data/qr_images/Q00197.png,none,none,5,1,http://www.purpletrail.com/blog/mickey-mouse-birthday-party-ideas/,opencv,exact,66,19,40,0,2,1,4,0,0.0,4,0,0,0,0,0,2,0,0,0,0,0,0,4.3929741426964695,0,0,0,0,0,0,0,1.0,0.6641766566856234,0.46074531780285205,0.3320579528808594,1.0,4129.279655456543,0.060848236083984375,0.64849853515625,0.08984375,37.0,450.0,450.0
Q00198__clean,Q00198,0,,owasp.org,data/qr_images/Q00198.png,none,none,5,1,https://www.owasp.org/images/0/0a/Appseceu09-Web_Application_Firewalls.pdf,opencv_aruco,exact,74,13,53,0,3,1,1,4,0.05405405405405406,3,0,0,0,0,0,4,0,1,0,0,0,0,4.542233651206049,0,0,0,0,0,0,0,1.0,0.6572647393918505,0.46324778715296044,0.3397941589355469,1.0,4193.710731506348,0.060779571533203125,0.5340576171875,0.08984375,37.0,450.0,450.0
Q00199__clean,Q00199,1,,mphusky.com,data/qr_images/Q00199.png,none,none,4,1,http://www.mphusky.com/bin/..https/.paypal.co.uk/Login.php,opencv,exact,58,15,36,0,8,1,0,0,0.0,0,0,0,0,0,0,4,0,0,0,0,0,0,4.0877907457645195,1,1,0,0,0,0,0,1.0,0.6531801261153876,0.4660872476519302,0.343841552734375,1.0,3665.6574783325195,0.05359649658203125,0.3814697265625,0.09765625,33.0,410.0,410.0
Q00200__clean,Q00200,1,,p122421.com,data/qr_images/Q00200.png,none,none,3,1,http://amazon.de.p122421.com/,opencv,exact,29,21,1,0,3,2,0,6,0.20689655172413793,0,0,0,0,0,0,0,0,0,0,0,0,0,3.9523029776623857,0,0,0,0,0,0,0,1.0,0.6975868374693628,0.4506697522682376,0.3041534423828125,1.0,3148.781669616699,0.045867919921875,0.57220458984375,0.107421875,29.0,370.0,370.0
Q00201__clean,Q00201,0,,wikipedia.org,data/qr_images/Q00201.png,none,none,4,1,https://en.wikipedia.org/wiki/Serial_Peripheral_Interface_Bus,opencv,exact,61,16,37,0,2,1,0,0,0.0,3,0,0,0,0,0,2,0,1,0,0,0,0,4.3704541918295465,0,0,0,0,0,0,0,1.0,0.6644839567296645,0.4627417497695682,0.332977294921875,1.0,3486.3682403564453,0.050991058349609375,0.57220458984375,0.09765625,33.0,410.0,410.0
Q00202__clean,Q00202,0,,toxel.com,data/qr_images/Q00202.png,none,none,5,1,http://www.toxel.com/tech/2009/02/03/20-creative-and-unusual-mp3-players/,opencv_aruco,exact,73,13,53,0,2,1,5,11,0.1506849315068493,5,0,0,0,0,0,5,0,0,0,0,0,0,4.505332957363194,0,0,0,0,0,0,0,1.0,0.6473880244236366,0.4670179520237667,0.3494758605957031,1.0,3978.1086807250977,0.058040618896484375,0.49591064453125,0.08984375,37.0,450.0,450.0
Q00203__clean,Q00203,0,,un.org,data/qr_images/Q00203.png,none,none,4,1,http://www.un.org/depts/unmovic/documents/1441.pdf,opencv,exact,50,10,33,0,3,1,0,4,0.08,0,0,0,0,0,0,4,0,0,0,0,0,0,4.267976439385299,0,0,0,0,0,0,0,1.0,0.6734050825530408,0.45897495116793846,0.3236656188964844,1.0,3678.4349365234375,0.053466796875,0.64849853515625,0.09765625,33.0,410.0,410.0
Q00204__clean,Q00204,0,,kinopoisk.ru,data/qr_images/Q00204.png,none,none,3,1,https://www.kinopoisk.ru/film/470553/,opencv,exact,37,16,13,0,2,1,0,6,0.16216216216216217,0,0,0,0,0,0,2,0,1,0,0,0,0,4.260279974311011,0,0,0,0,0,0,0,1.0,0.6873596041810279,0.4554355785664225,0.3149070739746094,1.0,3114.74503326416,0.044559478759765625,0.6103515625,0.107421875,29.0,370.0,370.0
Q00205__clean,Q00205,0,,finanzen.fr,data/qr_images/Q00205.png,none,none,2,1,https://www.finanzen.fr/,opencv,exact,24,15,1,0,2,1,0,0,0.0,0,0,0,0,0,0,0,0,1,0,0,0,0,3.7406015629507228,0,0,0,0,0,0,0,1.0,0.6914469700233609,0.4546864539943457,0.31250762939453125,1.0,2600.643753051758,0.03865814208984375,0.457763671875,0.12109375,25.0,330.0,330.0
Q00206__clean,Q00206,1,,costapbn.com,data/qr_images/Q00206.png,none,none,5,1,http://pbndemo2.costapbn.com/wp-admin/js/widgets/postale.activation/,opencv,exact,68,21,40,0,3,1,1,1,0.014705882352941176,1,0,0,0,0,0,4,0,0,0,0,0,0,4.235899196501307,0,0,0,0,0,0,0,1.0,0.6567696964039522,0.46384873725584047,0.34009552001953125,1.0,4051.6998596191406,0.0587615966796875,0.6866455078125,0.08984375,37.0,450.0,450.0
Q00207__clean,Q00207,1,,actionspineandjoint.com,data/qr_images/Q00207.png,none,none,4,1,http://pxi.actionspineandjoint.com/new/china-upgrade/index.php,opencv,exact,62,27,28,0,3,1,1,0,0.0,1,0,0,0,0,0,3,0,0,0,0,0,0,4.146855787027016,0,0,0,0,0,0,0,1.0,0.6799497118183211,0.45673876927551144,0.3166847229003906,1.0,3527.5738983154297,0.051666259765625,0.6866455078125,0.09765625,33.0,410.0,410.0
Q00208__clean,Q00208,1,,mfmazetomatrix.com,data/qr_images/Q00208.png,none,none,4,1,http://www.mfmazetomatrix.com/wp-includes/news/new/,opencv,exact,51,22,22,0,2,1,1,0,0.0,1,0,0,0,0,0,3,0,0,0,0,0,0,4.225867743720176,0,0,0,0,0,0,0,1.0,0.6579396116967294,0.4647041886235276,0.3392219543457031,1.0,3658.038703918457,0.0528106689453125,0.57220458984375,0.09765625,33.0,410.0,410.0
Q00209__clean,Q00209,0,,victorpest.com,data/qr_images/Q00209.png,none,none,4,1,http://www.victorpest.com/advice/rodent-library/house-mouse,opencv,exact,59,18,34,0,2,1,2,0,0.0,2,0,0,0,0,0,3,0,0,0,0,0,0,4.332505559422837,0,0,0,0,0,0,0,1.0,0.6597199234307981,0.4642383855246383,0.3371124267578125,1.0,3527.6310424804688,0.0516357421875,0.49591064453125,0.09765625,33.0,410.0,410.0
Q00210__clean,Q00210,1,,cort.as,data/qr_images/Q00210.png,none,none,2,1,http://cort.as/-FgvH,opencv,exact,20,7,6,0,1,0,1,0,0.0,1,0,0,0,0,0,1,0,0,0,0,0,0,3.846439344671015,0,0,0,0,0,0,0,1.0,0.707975559608609,0.44754922940841424,0.2954559326171875,1.0,2511.0882873535156,0.037395477294921875,0.5340576171875,0.12109375,25.0,330.0,330.0
Q00211__clean,Q00211,0,,sensagent.com,data/qr_images/Q00211.png,none,none,4,1,http://dictionary.sensagent.com/CLADISTICS/en-en/,opencv,exact,49,24,18,0,2,1,1,0,0.0,1,0,0,0,0,0,2,0,0,0,0,0,0,4.446969416587175,0,0,0,0,0,0,0,1.0,0.6722158992991728,0.4596303751251558,0.32460784912109375,1.0,3638.2589111328125,0.052707672119140625,0.457763671875,0.09765625,33.0,410.0,410.0
Q00212__clean,Q00212,0,,upblisher.com,data/qr_images/Q00212.png,none,none,2,1,http://www.upblisher.com/,opencv,exact,25,17,1,0,2,1,0,0,0.0,0,0,0,0,0,0,0,0,0,0,0,0,0,3.9434651896016453,0,0,0,0,0,0,0,1.0,0.6951200298234528,0.45320362535281916,0.3091392517089844,1.0,2488.3052368164062,0.03759765625,0.457763671875,0.12109375,25.0,330.0,330.0
Q00213__clean,Q00213,0,,icann.org,data/qr_images/Q00213.png,none,none,4,1,https://www.icann.org/resources/pages/dnssec-qaa-2014-01-29-en,opencv,exact,62,13,41,0,2,1,5,8,0.12903225806451613,5,0,0,0,0,0,3,0,1,0,0,0,0,4.396077617900943,0,0,0,0,0,0,0,1.0,0.6543667961569394,0.4657094127488426,0.342529296875,1.0,3644.610061645508,0.053325653076171875,0.49591064453125,0.09765625,33.0,410.0,410.0
Q00214__clean,Q00214,0,,dicksonsfarmstand.com,data/qr_images/Q00214.png,none,none,3,1,https://www.dicksonsfarmstand.com/,opencv,exact,34,25,1,0,2,1,0,0,0.0,0,0,0,0,0,0,0,0,1,0,0,0,0,4.02085512047121,0,0,0,0,0,0,0,1.0,0.6734831566904106,0.4606392496096994,0.3283119201660156,1.0,3009.2974014282227,0.044666290283203125,0.3814697265625,0.107421875,29.0,370.0,370.0
Q00215__clean,Q00215,1,,bradbeckstead.com,data/qr_images/Q00215.png,none,none,5,1,http://www.bradbeckstead.com/signed/docss/file/files/db/file.dropbox/,opencv,exact,69,21,41,0,3,1,0,0,0.0,0,0,0,0,0,0,6,0,0,0,0,0,0,4.228990536357121,0,0,0,0,0,0,0,1.0,0.6473879346660539,0.4664957791598897,0.3487701416015625,1.0,4148.1839599609375,0.060546875,0.6103515625,0.08984375,37.0,450.0,450.0
Q00216__clean,Q00216,1,,geocities.ws,data/qr_images/Q00216.png,none,none,3,1,http://www.geocities.ws/steamcom/,opencv,exact,33,16,10,0,2,1,0,0,0.0,0,0,0,0,0,0,1,0,0,0,0,0,0,3.725916088924304,0,0,0,0,0,0,0,1.0,0.6720218733245251,0.46132899431793084,0.3300323486328125,1.0,3035.829414367676,0.044460296630859375,0.3814697265625,0.107421875,29.0,370.0,370.0
Q00217__clean,Q00217,0,,birthdayinabox.com,data/qr_images/Q00217.png,none,none,4,1,https://www.birthdayinabox.com/pages/mickey-mouse-party,opencv,exact,55,22,25,0,2,1,2,0,0.0,2,0,0,0,0,0,2,0,1,0,0,0,0,4.435194258664518,0,0,0,0,0,0,0,1.0,0.6680497711780025,0.46155080610752397,0.3291282653808594,1.0,3511.7691192626953,0.050762176513671875,0.57220458984375,0.09765625,33.0,410.0,410.0
Q00218__clean,Q00218,0,,kotaku.com,data/qr_images/Q00218.png,none,none,5,1,http://kotaku.com/nintendos-ac-adapter-policy-isnt-fair-1679656730,opencv_aruco,exact,66,10,49,0,1,0,6,10,0.15151515151515152,6,0,0,0,0,0,1,0,0,0,0,0,0,4.564867748271417,0,0,0,0,0,0,0,1.0,0.6523259630390242,0.46478065894194753,0.3436088562011719,1.0,4133.972198486328,0.060855865478515625,0.57220458984375,0.08984375,37.0,450.0,450.0
Q00219__clean,Q00219,1,,zzux.com,data/qr_images/Q00219.png,none,none,3,1,http://www.grup-whatsapp-invite.zzux.com/,opencv,exact,41,33,1,0,3,2,2,0,0.0,2,0,0,0,0,0,0,0,0,0,0,0,0,4.247557492317426,0,0,0,0,0,0,0,1.0,0.6727527394014247,0.4609410196413364,0.3287773132324219,1.0,3066.5272674560547,0.044891357421875,0.5340576171875,0.107421875,29.0,370.0,370.0
Q00220__clean,Q00220,0,,smith-wesson.com,data/qr_images/Q00220.png,none,none,4,1,http://www.smith-wesson.com/firearms/mp-bodyguard-380,opencv,exact,53,20,26,0,2,1,3,3,0.05660377358490566,3,0,0,0,0,0,2,0,0,0,0,0,0,4.501136492135767,0,0,0,0,0,0,0,1.0,0.6668619642070696,0.46150380635157146,0.3305931091308594,1.0,3655.1817169189453,0.05295562744140625,0.3814697265625,0.09765625,33.0,410.0,410.0
Q00221__clean,Q00221,0,,camisetassabatini.com.br,data/qr_images/Q00221.png,none,none,3,1,https://www.camisetassabatini.com.br/,opencv,exact,37,28,1,0,3,1,0,0,0.0,0,0,0,0,0,0,0,0,1,0,0,0,0,3.884600662692359,0,0,0,0,0,0,0,1.0,0.6785952399758731,0.45882702829949135,0.323486328125,1.0,3011.397789001465,0.044223785400390625,0.5340576171875,0.107421875,29.0,370.0,370.0
Q00222__clean,Q00222,0,,quikset.cz,data/qr_images/Q00222.png,none,none,2,1,https://www.quikset.cz/,opencv,exact,23,14,1,0,2,1,0,0,0.0,0,0,0,0,0,0,0,0,1,0,0,0,0,3.7294461949052566,0,0,0,0,0,0,0,1.0,0.7024654762417663,0.44982641741049595,0.3012046813964844,1.0,2578.4761352539062,0.03862762451171875,0.49591064453125,0.12109375,25.0,330.0,330.0
Q00223__clean,Q00223,1,,binanceofficialdex.com,data/qr_images/Q00223.png,none,none,3,1,https://binanceofficialdex.com/,opencv,exact,31,22,1,0,1,0,0,0,0.0,0,0,0,0,0,0,0,0,1,0,0,0,0,4.106949132758152,0,0,0,0,0,0,0,1.0,0.6917435290766697,0.453218001518341,0.3096122741699219,1.0,3251.268669128418,0.046268463134765625,0.5340576171875,0.107421875,29.0,370.0,370.0
Q00224__clean,Q00224,1,,weblium.site,data/qr_images/Q00224.png,none,none,3,1,https://zrq2y.weblium.site/,opencv,exact,27,18,1,0,2,1,0,1,0.037037037037037035,0,0,0,0,0,0,0,0,1,0,0,0,0,4.106377316818027,0,0,0,0,0,0,0,1.0,0.6888234605976179,0.45434221692180843,0.31281280517578125,1.0,3201.0930099487305,0.04624176025390625,0.57220458984375,0.107421875,29.0,370.0,370.0
Q00225__clean,Q00225,1,,fitch.tv,data/qr_images/Q00225.png,none,none,4,1,http://www.fitch.tv/templates/system/shahedata.php,opencv,exact,50,12,31,0,3,1,0,0,0.0,0,0,0,0,0,0,3,0,0,0,0,0,0,3.829275070710713,0,0,0,0,0,0,0,1.0,0.6704307705748315,0.46032314143119357,0.326507568359375,1.0,3533.1205673217773,0.051845550537109375,0.49591064453125,0.09765625,33.0,410.0,410.0
Q00226__clean,Q00226,0,,ericsingleton.com,data/qr_images/Q00226.png,none,none,3,1,https://www.ericsingleton.com/,opencv,exact,30,21,1,0,2,1,0,0,0.0,0,0,0,0,0,0,0,0,1,0,0,0,0,3.9647351787255047,0,0,0,0,0,0,0,1.0,0.6793278114468444,0.4584555102292152,0.3222541809082031,1.0,3080.2875061035156,0.0449066162109375,0.64849853515625,0.107421875,29.0,370.0,370.0
Q00227__clean,Q00227,0,,vergleichhandys.de,data/qr_images/Q00227.png,none,none,3,1,https://www.vergleichhandys.de/,opencv,exact,31,22,1,0,2,1,0,0,0.0,0,0,0,0,0,0,0,0,1,0,0,0,0,4.082597923010943,0,0,0,0,0,0,0,1.0,0.6844409718232997,0.4565289581467101,0.31772613525390625,1.0,3040.667434692383,0.044429779052734375,0.6103515625,0.107421875,29.0,370.0,370.0
Q00228__clean,Q00228,1,,afritraders.com,data/qr_images/Q00228.png,none,none,4,1,http://www.afritraders.com/include/googledrive/index.htm,opencv,exact,56,19,30,0,3,1,0,0,0.0,0,0,0,0,0,0,3,0,0,0,0,0,0,4.316570217497533,0,0,0,0,0,0,0,1.0,0.6650782416848575,0.4620402148251179,0.3319816589355469,1.0,3651.218681335449,0.05338287353515625,0.457763671875,0.09765625,33.0,410.0,410.0
Q00229__clean,Q00229,0,,ldoceonline.com,data/qr_images/Q00229.png,none,none,4,1,http://www.ldoceonline.com/Computers-topic/font,opencv,exact,47,19,21,0,2,1,1,0,0.0,1,0,0,0,0,0,2,0,0,0,0,0,0,4.13131538381421,0,0,0,0,0,0,0,1.0,0.6763801724303002,0.45818272951870265,0.32138824462890625,1.0,3574.955879211426,0.0518646240234375,0.72479248046875,0.09765625,33.0,410.0,410.0
Q00230__clean,Q00230,1,,imsly.com,data/qr_images/Q00230.png,none,none,9,1,http://fr.imsly.com/direct/aHR0cHM6Ly93d3cuZmFjZWJvb2suY29tL2ltcHJlc3Npb24ucGhwL2YzNmZhYzcyMTM5Y2Y2NC8_bGlkPTExNSZwYXlsb2FkPSU3QiUyMnNvdXJjZSUyMiUzQSUyMmpzc2RrJTIyJTdE,opencv,exact,167,12,148,0,2,1,0,20,0.11976047904191617,1,0,0,0,0,0,2,0,0,0,0,0,0,5.513755907293088,0,0,0,0,0,0,0,1.0,0.6205218595616958,0.46903886401163414,0.3774299621582031,1.0,6423.525321960449,0.08894729614257812,0.91552734375,0.06640625,53.0,610.0,610.0
Q00231__clean,Q00231,0,,twitter.com,data/qr_images/Q00231.png,none,none,3,1,https://twitter.com/nbcnightlynews,opencv,exact,34,11,15,0,1,0,0,0,0.0,0,0,0,0,0,0,1,0,1,0,0,0,0,3.9986525468781666,0,0,0,0,0,0,0,1.0,0.6603355258118873,0.465187475040062,0.34107208251953125,1.0,3084.2516479492188,0.045635223388671875,0.49591064453125,0.107421875,29.0,370.0,370.0
Q00232__clean,Q00232,1,,imsly.com,data/qr_images/Q00232.png,none,none,9,1,https://fr.imsly.com/direct/aHR0cHM6Ly93d3cuZmFjZWJvb2suY29tL2ltcHJlc3Npb24ucGhwL2YzNmZhYzcyMTM5Y2Y2NC8_bGlkPTExNSZwYXlsb2FkPSU3QiUyMnNvdXJjZSUyMiUzQSUyMmpzc2RrJTIyJTdE,opencv,exact,168,12,148,0,2,1,0,20,0.11904761904761904,1,0,0,0,0,0,2,0,1,0,0,0,0,5.5141835369272325,0,0,0,0,0,0,0,1.0,0.6210595972397748,0.46914373244468904,0.3768768310546875,1.0,6197.72785949707,0.08702850341796875,1.10626220703125,0.06640625,53.0,610.0,610.0
Q00233__clean,Q00233,1,,ecotaskforce.com,data/qr_images/Q00233.png,none,none,4,1,http://www.ecotaskforce.com/Master/fronts/66.998.09.754/,opencv,exact,56,20,29,0,5,1,0,10,0.17857142857142858,0,0,0,0,0,0,3,0,0,0,0,0,0,4.356312404804366,0,0,0,0,0,0,0,1.0,0.6603207606895297,0.46379103511222275,0.3374366760253906,1.0,3641.9287338256836,0.053134918212890625,0.3814697265625,0.09765625,33.0,410.0,410.0
Q00234__clean,Q00234,1,,netlify.app,data/qr_images/Q00234.png,none,none,12,1,http://practical-shockley-f451be.netlify.app/?realm=J4WdjgY82yVv2iJa4pgnjBSI47BzKi6tm2GGiFPkeKQg2Ar7ZHvijn1ovCXfV4Ji6qZp6OJkzABBa2JaKft4Dus87qo3u8lAyl0E9JZJkBlvE4Foj8tXDV5KluOPCaqavqPFaOovpJ04NGs7PW5sRadcE12gbtrHUgm45KAvuBzhh2p7YuAPFN2kP4B1y2Isi5xnP7SjIs,opencv_aruco,exact,254,37,1,208,2,1,2,45,0.17716535433070865,4,0,1,1,0,0,0,1,0,0,0,0,0,5.73899320289527,0,0,0,0,0,0,0,1.0,0.5995575998343673,0.4680074447962054,0.4005775451660156,1.0,7383.551658630371,0.11106109619140625,1.33514404296875,0.0546875,65.0,730.0,730.0
Q00235__clean,Q00235,0,,productionhub.com,data/qr_images/Q00235.png,none,none,6,1,https://www.productionhub.com/directory/profiles/multimedia-digital-media-new-media-companies,opencv,exact,93,21,64,0,2,1,5,0,0.0,5,0,0,0,0,0,3,0,1,0,0,0,0,4.33745626430643,0,0,0,0,0,0,0,1.0,0.641381087957644,0.4671859080311761,0.35788726806640625,1.0,4871.010879516602,0.0684814453125,0.6866455078125,0.08203125,41.0,490.0,490.0
Q00236__clean,Q00236,1,,sindhuratna.com,data/qr_images/Q00236.png,none,none,4,1,http://www.sindhuratna.com/new2015/document.php,opencv,exact,47,19,21,0,3,1,0,4,0.0851063829787234,0,0,0,0,0,0,2,0,0,0,0,0,0,4.2723619898374166,0,0,0,0,0,0,0,1.0,0.6626961203182444,0.4627534144298566,0.33441925048828125,1.0,3679.022819519043,0.0538330078125,0.6103515625,0.09765625,33.0,410.0,410.0
Q00237__clean,Q00237,0,,thecoolerzone.com,data/qr_images/Q00237.png,none,none,3,1,https://www.thecoolerzone.com/,opencv,exact,30,21,1,0,2,1,0,0,0.0,0,0,0,0,0,0,0,0,1,0,0,0,0,3.8062389286533898,0,0,0,0,0,0,0,1.0,0.6946653328689875,0.4523410560368586,0.3074989318847656,1.0,3010.971176147461,0.0438079833984375,0.5340576171875,0.107421875,29.0,370.0,370.0
Q00238__clean,Q00238,1,,dx.am,data/qr_images/Q00238.png,none,none,3,1,http://www.maersklinesllc.dx.am/index.php,opencv,exact,41,24,10,0,4,2,0,0,0.0,0,0,0,0,0,0,1,0,0,0,0,0,0,4.143541333622539,0,0,0,0,0,0,0,1.0,0.6815144707174862,0.45754556862413415,0.3206138610839844,1.0,3182.739776611328,0.045642852783203125,0.457763671875,0.107421875,29.0,370.0,370.0
Q00239__clean,Q00239,0,,techtarget.com,data/qr_images/Q00239.png,none,none,5,1,http://searchtelecom.techtarget.com/definition/fiber-to-the-x-FTTx,opencv,exact,66,28,31,0,2,1,4,0,0.0,4,0,0,0,0,0,2,0,0,0,0,0,0,4.237057566098692,0,0,0,0,0,0,0,1.0,0.643437479056564,0.4676130755670614,0.3533477783203125,1.0,4125.760963439941,0.0606689453125,0.5340576171875,0.08984375,37.0,450.0,450.0
Q00240__clean,Q00240,0,,techopedia.com,data/qr_images/Q00240.png,none,none,4,1,https://www.techopedia.com/definition/25323/packet-analyzer,opencv,exact,59,18,33,0,2,1,1,5,0.0847457627118644,1,0,0,0,0,0,3,0,1,0,0,0,0,4.448687813190182,0,0,0,0,0,0,0,1.0,0.6632909737381281,0.46318815684055803,0.3339347839355469,1.0,3521.371940612793,0.051227569580078125,0.6103515625,0.09765625,33.0,410.0,410.0
Q00241__clean,Q00241,1,,inaceinox.pt,data/qr_images/Q00241.png,none,none,5,1,http://inaceinox.pt/admin/calendar/security/Update/myaccount/signin/,opencv,exact,68,12,49,0,1,0,0,0,0.0,0,0,0,0,0,0,6,0,0,0,0,0,0,4.089969459498448,3,0,0,1,0,1,0,1.0,0.6503527772192862,0.4655812403472765,0.3470191955566406,1.0,4216.344635009766,0.060871124267578125,0.457763671875,0.08984375,37.0,450.0,450.0
Q00242__clean,Q00242,0,,techspot.com,data/qr_images/Q00242.png,none,none,5,1,http://www.techspot.com/community/topics/network-latency-test.168744/,opencv,exact,69,16,46,0,3,1,2,6,0.08695652173913043,2,0,0,0,0,0,3,0,0,0,0,0,0,4.34442627688119,0,0,0,0,0,0,0,1.0,0.6444249919816559,0.4677704362256541,0.3525276184082031,1.0,4093.4934310913086,0.059345245361328125,0.6866455078125,0.08984375,37.0,450.0,450.0
Q00243__clean,Q00243,0,,goodgame.hr,data/qr_images/Q00243.png,none,none,2,1,http://www.goodgame.hr/,opencv,exact,23,15,1,0,2,1,0,0,0.0,0,0,0,0,0,0,0,0,0,0,0,0,0,3.6753108689123644,0,0,0,0,0,0,0,1.0,0.6942029167624081,0.45373526693741395,0.3096923828125,1.0,2509.4828491210938,0.03730010986328125,0.457763671875,0.12109375,25.0,330.0,330.0
Q00244__clean,Q00244,1,,pinnerx.com,data/qr_images/Q00244.png,none,none,6,1,http://pinnerx.com/abc/KIQ7VGFbZhUOJq2ghNbGSa6GhZQE5ehPX7WTNB5NTZBDqETHs5okfu1xtRcy6to4AlXoX3cQ2Nu/,opencv,exact,99,11,81,0,1,0,0,12,0.12121212121212122,0,0,0,0,0,0,2,0,0,0,0,0,0,5.492957696200646,0,0,0,0,0,0,0,1.0,0.6526288948807062,0.46390866118142554,0.3458747863769531,1.0,4729.374931335449,0.06707763671875,0.6866455078125,0.08203125,41.0,490.0,490.0
Q00245__clean,Q00245,0,,sheetdownload.com,data/qr_images/Q00245.png,none,none,2,1,http://sheetdownload.com/,opencv,exact,25,17,1,0,1,0,0,0,0.0,0,0,0,0,0,0,0,0,0,0,0,0,0,3.8332696895151073,0,0,0,0,0,0,0,1.0,0.6987938525629979,0.4516285017216441,0.3049430847167969,1.0,2497.1286087036133,0.037647247314453125,0.57220458984375,0.12109375,25.0,330.0,330.0
Q00246__clean,Q00246,0,,caterworth.co.za,data/qr_images/Q00246.png,none,none,2,1,http://caterworth.co.za,opencv,exact,23,16,0,0,2,0,0,0,0.0,0,0,0,0,0,0,0,0,0,0,0,0,0,3.567040216926579,0,0,0,0,0,0,0,1.0,0.6932834550446155,0.45379412877668796,0.3110084533691406,1.0,2590.4069595336914,0.03890228271484375,0.5340576171875,0.12109375,25.0,330.0,330.0
Q00247__clean,Q00247,1,,demopage.co,data/qr_images/Q00247.png,none,none,3,1,http://updted-access.demopage.co/,opencv,exact,33,25,1,0,2,1,1,0,0.0,1,0,0,0,0,0,0,0,0,0,0,0,0,3.8391081341821707,0,0,0,0,0,0,0,1.0,0.6749447242886413,0.460208760478354,0.3271903991699219,1.0,3060.679168701172,0.04462432861328125,0.6103515625,0.107421875,29.0,370.0,370.0
Q00248__clean,Q00248,0,,chungjungone.com,data/qr_images/Q00248.png,none,none,4,1,http://www.chungjungone.com/us/product/gochujang.jsp,opencv,exact,52,20,25,0,3,1,0,0,0.0,0,0,0,0,0,0,3,0,0,0,0,0,0,4.051428065028507,0,0,0,0,0,0,0,1.0,0.6632921854654948,0.4631420533001703,0.3344383239746094,1.0,3465.0135192871094,0.050914764404296875,0.49591064453125,0.09765625,33.0,410.0,410.0
Q00249__clean,Q00249,1,,jjscdc.cn,data/qr_images/Q00249.png,none,none,3,1,http://www.jjscdc.cn/adfile/login.html,opencv,exact,38,13,18,0,3,1,0,0,0.0,0,0,0,0,0,0,2,0,0,0,0,0,0,4.14860021052734,1,1,0,0,0,0,0,1.0,0.6720214544558057,0.4610936528937864,0.3301239013671875,1.0,3093.5784454345703,0.045398712158203125,0.49591064453125,0.107421875,29.0,370.0,370.0
Q00250__clean,Q00250,1,,lesavik.net,data/qr_images/Q00250.png,none,none,4,1,http://magazyn.allegro.secfence.lesavik.net,opencv,exact,43,36,0,0,4,3,0,0,0.0,0,0,0,0,0,0,0,0,0,0,0,0,0,4.175696440497044,0,0,0,0,0,0,0,1.0,0.659721643784467,0.4640903389907648,0.3374748229980469,1.0,3667.1181716918945,0.052913665771484375,0.6103515625,0.09765625,33.0,410.0,410.0
Q00251__clean,Q00251,0,,greenweez.com,data/qr_images/Q00251.png,none,none,3,1,https://www.greenweez.com/magazine/,opencv,exact,35,17,10,0,2,1,0,0,0.0,0,0,0,0,0,0,1,0,1,0,0,0,0,3.9404361462467707,0,0,0,0,0,0,0,1.0,0.6873599482517616,0.45538084249406435,0.314453125,1.0,3040.764938354492,0.044086456298828125,0.5340576171875,0.107421875,29.0,370.0,370.0
Q00252__clean,Q00252,1,,dialoginsight.com,data/qr_images/Q00252.png,none,none,7,1,http://app.dialoginsight.com/T/OFC4/L2S/3888/B2685608/XRKO/737015/27934048/Ehc0TG/1/1627685/VdR2nPao/I/749903/y3ULZ4.html,opencv,exact,121,21,93,0,3,1,0,45,0.371900826446281,0,0,0,0,0,0,15,0,0,0,0,0,0,5.024436335248557,1,1,0,0,0,0,0,1.0,0.6347530888576134,0.46787991208523855,0.3630523681640625,1.0,5059.698760986328,0.07305908203125,1.25885009765625,0.076171875,45.0,530.0,530.0
Q00253__clean,Q00253,0,,horniman.ac.uk,data/qr_images/Q00253.png,none,none,3,1,http://www.horniman.ac.uk/dinosaurs,opencv,exact,35,18,10,0,3,1,0,0,0.0,0,0,0,0,0,0,1,0,0,0,0,0,0,4.050013373778756,0,0,0,0,0,0,0,1.0,0.6961244321336933,0.4514853681357226,0.30567169189453125,1.0,3085.0319061279297,0.0449676513671875,0.57220458984375,0.107421875,29.0,370.0,370.0
Q00254__clean,Q00254,1,,mediaryte.co,data/qr_images/Q00254.png,none,none,4,1,http://www.facebook.com-marketplace-93839.mediaryte.co/,opencv,exact,55,47,1,0,4,3,2,5,0.09090909090909091,2,0,0,0,0,0,0,0,0,0,0,0,0,4.365463295689619,0,0,0,0,0,0,0,1.0,0.6591261770211014,0.46453094166770864,0.33791351318359375,1.0,3545.890998840332,0.05168914794921875,0.5340576171875,0.09765625,33.0,410.0,410.0
Q00255__clean,Q00255,1,,remove-limited-access.com,data/qr_images/Q00255.png,none,none,6,1,http://www.remove-limited-access.com/signin/9fd286ffeebff2def753a72165f9e2ff/login.php,opencv,exact,86,29,50,0,3,1,2,15,0.1744186046511628,2,0,0,0,0,0,3,0,0,0,0,0,0,4.690247533963853,2,1,0,0,0,0,0,1.0,0.6484631856282552,0.46554081191040597,0.35167694091796875,1.0,4707.894424438477,0.06609344482421875,0.6103515625,0.08203125,41.0,490.0,490.0
Q00256__clean,Q00256,0,,kamagrabestellen.nl,data/qr_images/Q00256.png,none,none,3,1,https://kamagrabestellen.nl/,opencv,exact,28,19,1,0,1,0,0,0,0.0,0,0,0,0,0,0,0,0,1,0,0,0,0,3.815410725242699,0,0,0,0,0,0,0,1.0,0.6990494522393919,0.4503348980240323,0.3028106689453125,1.0,3016.1828994750977,0.044170379638671875,0.6103515625,0.107421875,29.0,370.0,370.0
Q00257__clean,Q00257,0,,climbingweather.com,data/qr_images/Q00257.png,none,none,4,1,http://www.climbingweather.com/Iowa/Backbone-State-Park,opencv,exact,55,23,25,0,2,1,2,0,0.0,2,0,0,0,0,0,2,0,0,0,0,0,0,4.357019778476707,0,0,0,0,0,0,0,1.0,0.6632933672736673,0.46304226680390087,0.33345794677734375,1.0,3515.87158203125,0.051502227783203125,0.6866455078125,0.09765625,33.0,410.0,410.0
Q00258__clean,Q00258,1,,7m.pl,data/qr_images/Q00258.png,none,none,4,1,http://13suntrust4.7m.pl/clen/bnk/vct/dsk/SunTrust/index.html,opencv,exact,61,17,37,0,3,1,0,4,0.06557377049180328,0,0,0,0,0,0,6,0,0,0,0,0,0,4.344329141937196,0,0,0,0,0,0,0,1.0,0.6710246217017081,0.46037250250501854,0.32613372802734375,1.0,3578.360626220703,0.05164337158203125,0.8392333984375,0.09765625,33.0,410.0,410.0
Q00259__clean,Q00259,1,,goepsa.com,data/qr_images/Q00259.png,none,none,4,1,http://www.goepsa.com/Old%20Files/yahoo/IDCHECK.html,opencv,exact,52,14,31,0,3,1,0,2,0.038461538461538464,1,0,0,0,0,1,3,0,0,0,0,0,0,4.635361295347743,0,0,0,0,0,0,0,1.0,0.6787594065946692,0.4571114199349677,0.3180656433105469,1.0,3582.292526245117,0.05230712890625,0.457763671875,0.09765625,33.0,410.0,410.0
Q00260__clean,Q00260,0,,computerhope.com,data/qr_images/Q00260.png,none,none,4,1,https://www.computerhope.com/jargon/p/paraport.htm,opencv,exact,50,20,22,0,3,1,0,0,0.0,0,0,0,0,0,0,3,0,1,0,0,0,0,3.921593511005629,0,0,0,0,0,0,0,1.0,0.6638866798550475,0.46265438965729305,0.33329010009765625,1.0,3580.303291320801,0.05233001708984375,0.6103515625,0.09765625,33.0,410.0,410.0
Q00261__clean,Q00261,1,,p-chem.gr,data/qr_images/Q00261.png,none,none,2,1,http://p-chem.gr/ecrb.php,opencv,exact,25,9,9,0,2,0,1,0,0.0,1,0,0,0,0,0,1,0,0,0,0,0,0,3.5434651896016462,0,0,0,0,0,0,0,1.0,0.709811715518727,0.44665338274908867,0.2933235168457031,1.0,2546.410041809082,0.0377349853515625,0.49591064453125,0.12109375,25.0,330.0,330.0
Q00262__clean,Q00262,0,,consumerreports.org,data/qr_images/Q00262.png,none,none,5,1,http://www.consumerreports.org/cro/digital-cameras/buying-guide,opencv,exact,63,23,33,0,2,1,2,0,0.0,2,0,0,0,0,0,3,0,0,0,0,0,0,4.344044161760534,0,0,0,0,0,0,0,1.0,0.6493666256175322,0.4664952120976726,0.3475837707519531,1.0,3969.468147277832,0.057891845703125,0.57220458984375,0.08984375,37.0,450.0,450.0
Q00263__clean,Q00263,1,,i-m.mx,data/qr_images/Q00263.png,none,none,3,1,http://www.i-m.mx/WEBMASTER8d/emailquota/,opencv,exact,41,10,24,0,2,1,1,1,0.024390243902439025,1,0,0,0,0,0,2,0,0,0,0,0,0,4.53134949288815,0,0,0,0,0,0,0,1.0,0.7019683089910769,0.448543498352593,0.3003730773925781,1.0,3288.0960083007812,0.047199249267578125,0.5340576171875,0.107421875,29.0,370.0,370.0
Q00264__clean,Q00264,1,,webcindario.com,data/qr_images/Q00264.png,none,none,13,1,https://mt54467891.webcindario.com/cox.full/cox.full/Zo/stepCoxMail/log/sycho/personalID.html?verification-id=4d389c2a5c3a20ea73e7e3d3c016e4364d389c2a5c3a20ea73e7e3d3c016e4364d389c2a5c3a20ea73e7e3d3c016e4364d389c2a5c3a20ea73e7e3d3c016e4364d389c2a5c3a20ea73e7e3d3c016e4364d389c2a5c3a20ea73e7e3d3c016e436,opencv,exact,302,26,59,208,5,1,1,128,0.423841059602649,3,0,1,1,0,0,7,1,1,0,0,0,0,4.68828566571173,1,0,0,0,0,0,0,1.0,0.5968932806276808,0.46792839388009794,0.4015083312988281,1.0,9145.105545043945,0.12209320068359375,1.18255615234375,0.052734375,69.0,770.0,770.0
Q00265__clean,Q00265,1,,cmanextstep.com,data/qr_images/Q00265.png,none,none,5,1,https://www.cmanextstep.com/wp-includes/css/flo/vfegt46e5hrgv.html,opencv,exact,66,19,39,0,3,1,1,3,0.045454545454545456,1,0,0,0,0,0,4,0,1,0,0,0,0,4.468435506201716,0,0,0,0,0,0,0,1.0,0.6473894156661688,0.466466941341169,0.3487663269042969,1.0,4259.820556640625,0.061321258544921875,0.6103515625,0.08984375,37.0,450.0,450.0
Q00266__clean,Q00266,0,,mailchimp.com,data/qr_images/Q00266.png,none,none,5,1,https://mailchimp.com/resources/research/email-marketing-benchmarks/,opencv,exact,68,13,47,0,1,0,2,0,0.0,2,0,0,0,0,0,3,0,1,0,0,0,0,4.120336100178899,0,0,0,0,0,0,0,1.0,0.6547957177255668,0.46444439806937404,0.342254638671875,1.0,4119.778854370117,0.059444427490234375,0.64849853515625,0.08984375,37.0,450.0,450.0
Q00267__clean,Q00267,0,,usedvancouver.com,data/qr_images/Q00267.png,none,none,3,1,https://www.usedvancouver.com/,opencv,exact,30,21,1,0,2,1,0,0,0.0,0,0,0,0,0,0,0,0,1,0,0,0,0,4.056564762130954,0,0,0,0,0,0,0,1.0,0.6778662139294194,0.45905241670970587,0.32358551025390625,1.0,3177.0656814575195,0.045505523681640625,0.6866455078125,0.107421875,29.0,370.0,370.0
Q00268__clean,Q00268,0,,animaldiversity.org,data/qr_images/Q00268.png,none,none,4,1,http://animaldiversity.org/accounts/Mus_musculus/,opencv,exact,49,19,23,0,1,0,0,0,0.0,1,0,0,0,0,0,2,0,0,0,0,0,0,4.245453029221314,1,0,0,1,0,0,0,1.0,0.6680515364104627,0.4611657246646555,0.3296356201171875,1.0,3503.9382247924805,0.05193328857421875,0.64849853515625,0.09765625,33.0,410.0,410.0
Q00269__clean,Q00269,1,,limited-help.com,data/qr_images/Q00269.png,none,none,3,1,http://limited-help.com/banks/hsbc.co.uk,opencv,exact,40,16,17,0,3,0,1,0,0.0,1,0,0,0,0,0,2,0,0,0,0,0,0,4.196439344671015,1,0,0,0,0,0,1,1.0,0.7012409434599035,0.44964373545168007,0.3004112243652344,1.0,3059.17684173584,0.0437469482421875,0.80108642578125,0.107421875,29.0,370.0,370.0
Q00270__clean,Q00270,1,,banco.net.co,data/qr_images/Q00270.png,none,none,4,1,https://colpatria.banco.net.co/virtual/l0gin/,opencv,exact,45,22,15,0,3,1,0,1,0.022222222222222223,0,0,0,0,0,0,2,0,1,0,0,0,0,4.075217408288466,0,0,0,0,0,0,0,1.0,0.6597219130572151,0.46406914656748155,0.337890625,1.0,3605.9773559570312,0.052616119384765625,0.41961669921875,0.09765625,33.0,410.0,410.0
Q00271__clean,Q00271,1,,animatics.co.uk,data/qr_images/Q00271.png,none,none,3,1,http://animatics.co.uk/blog/profile/,opencv,exact,36,15,14,0,2,0,0,0,0.0,0,0,0,0,0,0,2,0,0,0,0,0,0,4.173416585305445,0,0,0,0,0,0,0,1.0,0.6676390703986673,0.4627979433427567,0.3343391418457031,1.0,3113.9949111938477,0.045322418212890625,0.41961669921875,0.107421875,29.0,370.0,370.0
Q00272__clean,Q00272,0,,tomsguide.com,data/qr_images/Q00272.png,none,none,5,1,"http://www.tomsguide.com/us/best-streaming-players,review-2140.html",opencv,exact,67,17,43,0,3,1,3,4,0.05970149253731343,4,0,0,0,0,0,2,0,0,0,0,0,0,4.578794556252628,0,0,0,0,0,0,0,1.0,0.6562771965475643,0.4640645662400844,0.3400993347167969,1.0,3973.2591552734375,0.058139801025390625,0.64849853515625,0.08984375,37.0,450.0,450.0
Q00273__clean,Q00273,1,,174.139.46.123,data/qr_images/Q00273.png,none,none,17,1,http://174.139.46.123/ap/signin?openid.pape.max_auth_age=0&amp;openid.return_to=https%3A%2F%2Fwww.amazon.co.jp%2F%3Fref_%3Dnav_em_hd_re_signin&amp;openid.identity=http%3A%2F%2Fspecs.openid.net%2Fauth%2F2.0%2Fidentifier_select&amp;openid.assoc_handle=jpflex&amp;openid.mode=checkid_setup&amp;key=a@b.c&amp;openid.claimed_id=http%3A%2F%2Fspecs.openid.net%2Fauth%2F2.0%2Fidentifier_select&amp;openid.ns=http%3A%2F%2Fspecs.openid.net%2Fauth%2F2.0&amp;&amp;ref_=nav_em_hd_clc_signin,opencv_aruco,exact,477,14,10,445,24,0,0,41,0.0859538784067086,70,1,1,9,9,23,2,10,0,1,0,0,0,4.859459720404429,1,0,0,0,0,0,0,1.0,0.5858397839116115,0.4659980274659454,0.41845703125,1.0,11109.391990661621,0.14371109008789062,1.86920166015625,0.04296875,85.0,930.0,930.0
Q00274__clean,Q00274,1,,life-reboot.club,data/qr_images/Q00274.png,none,none,4,1,http://life-reboot.club/?email=abuse@cdpq.com,opencv,exact,45,16,1,20,2,0,1,0,0.0,4,1,1,1,0,0,0,1,0,0,0,0,0,4.413423651596767,0,0,0,0,0,0,0,1.0,0.6638858121984145,0.4624854440031244,0.3329277038574219,1.0,3649.0378341674805,0.053180694580078125,0.5340576171875,0.09765625,33.0,410.0,410.0
Q00275__clean,Q00275,1,,reddotarms.com,data/qr_images/Q00275.png,none,none,3,1,http://www.reddotarms.com/min/share,opencv,exact,35,18,10,0,2,1,0,0,0.0,0,0,0,0,0,0,2,0,0,0,0,0,0,3.957295873840569,0,0,0,0,0,0,0,1.0,0.7034294427609911,0.44837418019013164,0.29865264892578125,1.0,3162.1414184570312,0.04510498046875,0.762939453125,0.107421875,29.0,370.0,370.0
Q00276__clean,Q00276,0,,cubaverdad.net,data/qr_images/Q00276.png,none,none,4,1,http://www.cubaverdad.net/internet_access.htm,opencv,exact,45,18,20,0,3,1,0,0,0.0,1,0,0,0,0,0,1,0,0,0,0,0,0,4.077436640957574,0,0,0,0,0,0,0,1.0,0.6734062643612132,0.45895633693295756,0.32300567626953125,1.0,3657.642532348633,0.053302764892578125,0.87738037109375,0.09765625,33.0,410.0,410.0
Q00277__clean,Q00277,0,,music-for-music-teachers.com,data/qr_images/Q00277.png,none,none,5,1,http://www.music-for-music-teachers.com/amazing-grace-piano-sheet-music.html,opencv,exact,76,32,37,0,3,1,7,0,0.0,7,0,0,0,0,0,1,0,0,0,0,0,0,4.257814857545929,0,0,0,0,0,0,0,1.0,0.6454134024825751,0.4672081514570351,0.3515892028808594,1.0,4115.295806884766,0.060176849365234375,0.457763671875,0.08984375,37.0,450.0,450.0
Q00278__clean,Q00278,1,,gameplaylabs.com,data/qr_images/Q00278.png,none,none,10,1,http://www.gameplaylabs.com/newuser/fabbc6a1c5734ea09ca150004b35a440/?pid=6&amp;sub_id=a-0-2895-9068-7024-0-223-0&amp;source_id=5DD12362493dbdbb91705M0K3&amp;iid=whitesmoke&amp;uzid=9068,opencv,exact,186,20,42,116,2,1,7,58,0.3118279569892473,23,0,1,5,4,0,2,5,0,0,0,0,0,5.128693180597295,0,0,0,0,0,0,0,1.0,0.6075629739200368,0.47078028543833467,0.3898506164550781,1.0,6660.5957107543945,0.09413528442382812,1.068115234375,0.0625,57.0,650.0,650.0
Q00279__clean,Q00279,0,,tripadvisor.ru,data/qr_images/Q00279.png,none,none,6,1,https://www.tripadvisor.ru/AttractionsNear-g58805-d1783773-The_Hardware_Store-Vashon_Washington.html,opencv,exact,100,18,74,0,3,1,4,12,0.12,7,0,0,0,0,0,1,0,1,0,0,0,0,4.808465630737975,0,0,0,0,0,0,0,1.0,0.6505461000928692,0.46425510678677623,0.3486785888671875,1.0,4785.519432067871,0.06799697875976562,0.6866455078125,0.08203125,41.0,490.0,490.0
Q00280__clean,Q00280,1,,imsly.com,data/qr_images/Q00280.png,none,none,9,1,https://fr.imsly.com/direct/aHR0cHM6Ly93d3cuZmFjZWJvb2suY29tL2ltcHJlc3Npb24ucGhwL2ZkYTk3YjM1ZWNjZjU4Lz9saWQ9MTE1JnBheWxvYWQ9JTdCJTIyc291cmNlJTIyJTNBJTIyanNzZGslMjIlN0Q-,opencv,exact,168,12,148,0,2,1,1,24,0.14285714285714285,1,0,0,0,0,0,2,0,1,0,0,0,0,5.45742397411003,0,0,0,0,0,0,0,1.0,0.6307355244954427,0.46658538521350323,0.36745452880859375,1.0,6275.858642578125,0.08744430541992188,1.25885009765625,0.06640625,53.0,610.0,610.0
Q00281__clean,Q00281,1,,encarnacionhurtado.com,data/qr_images/Q00281.png,none,none,3,1,http://www.encarnacionhurtado.com/img/,opencv,exact,38,26,5,0,2,1,0,0,0.0,0,0,0,0,0,0,1,0,0,0,0,0,0,4.023471592049353,0,0,0,0,0,0,0,1.0,0.6859020158356312,0.455960180010444,0.3159217834472656,1.0,3041.6595001220703,0.04430389404296875,0.64849853515625,0.107421875,29.0,370.0,370.0
Q00282__clean,Q00282,0,,columbusonlineauctions.com,data/qr_images/Q00282.png,none,none,5,1,http://www.columbusonlineauctions.com/cgi-bin/mnhistory.cgi?coa9/1,opencv,exact,66,30,22,6,3,1,1,2,0.030303030303030304,2,0,1,0,0,0,2,1,0,0,0,0,0,4.354651036439185,0,0,0,0,0,0,0,1.0,0.6503532858455883,0.46557814976687467,0.34632110595703125,1.0,4216.773010253906,0.061046600341796875,0.5340576171875,0.08984375,37.0,450.0,450.0
Q00283__clean,Q00283,1,,illmickelsonbeats.com,data/qr_images/Q00283.png,none,none,6,1,http://usbank-link-mupyndtfft---com.illmickelsonbeats.com/getStep.php?id=848d02d0d2c30e6b99b106593506d8fd,opencv,exact,105,50,12,35,3,1,5,22,0.20952380952380953,7,0,1,1,0,0,1,1,0,0,0,0,0,4.918669152656359,1,0,0,0,0,0,1,1.0,0.6409646127738204,0.4675606884295376,0.35881805419921875,1.0,4880.250793457031,0.06781768798828125,0.6103515625,0.08203125,41.0,490.0,490.0
Q00284__clean,Q00284,1,,ledger-event.com,data/qr_images/Q00284.png,none,none,2,1,http://ledger-event.com,opencv,exact,23,16,0,0,1,0,1,0,0.0,1,0,0,0,0,0,0,0,0,0,0,0,0,3.8820451081368628,0,0,0,0,0,0,0,1.0,0.692366626215916,0.45434748081745163,0.311370849609375,1.0,2558.0497817993164,0.03810882568359375,0.30517578125,0.12109375,25.0,330.0,330.0
Q00285__clean,Q00285,0,,chron.com,data/qr_images/Q00285.png,none,none,5,1,http://smallbusiness.chron.com/usb-printer-port-adapter-50688.html,opencv,exact,66,23,36,0,3,1,4,5,0.07575757575757576,4,0,0,0,0,0,1,0,0,0,0,0,0,4.415257097045245,0,0,0,0,0,0,0,1.0,0.6533141790651807,0.46475818045836703,0.3436546325683594,1.0,4143.560470581055,0.0601654052734375,0.80108642578125,0.08984375,37.0,450.0,450.0
Q00286__clean,Q00286,0,,cutiefive.net,data/qr_images/Q00286.png,none,none,2,1,https://www.cutiefive.net/,opencv,exact,26,17,1,0,2,1,0,0,0.0,0,0,0,0,0,0,0,0,1,0,0,0,0,3.6902603909683838,0,0,0,0,0,0,0,1.0,0.70246680764591,0.45007056447518295,0.3013801574707031,1.0,2507.9983139038086,0.03753662109375,0.49591064453125,0.12109375,25.0,330.0,330.0
Q00287__clean,Q00287,1,,neilmacqueen.com,data/qr_images/Q00287.png,none,none,4,1,http://www.neilmacqueen.com/wp-includes/images/emiratee.htm,opencv,exact,59,20,32,0,3,1,1,0,0.0,1,0,0,0,0,0,3,0,0,0,0,0,0,4.183679812793577,0,0,0,0,0,0,0,1.0,0.6555581485523897,0.4653137924670412,0.3408851623535156,1.0,3647.104560852051,0.05324554443359375,0.5340576171875,0.09765625,33.0,410.0,410.0
Q00288__clean,Q00288,0,,cablek.com,data/qr_images/Q00288.png,none,none,5,1,http://www.cablek.com/technical-reference/cat-5---5e--6--6a---7--standards,opencv_aruco,exact,74,14,53,0,2,1,14,5,0.06756756756756757,14,0,0,0,0,0,2,0,0,0,0,0,0,4.1574492257263715,0,0,0,0,0,0,0,1.0,0.656276912315219,0.4640036895272093,0.3397636413574219,1.0,3971.0814208984375,0.058292388916015625,0.49591064453125,0.08984375,37.0,450.0,450.0
Q00289__clean,Q00289,0,,syria.news,data/qr_images/Q00289.png,none,none,2,1,http://syria.news,opencv,exact,17,10,0,0,1,0,0,0,0.0,0,0,0,0,0,0,0,0,0,0,0,0,0,3.734521664779752,0,0,0,0,0,0,0,1.0,0.6987950343711703,0.4516420400474454,0.3048820495605469,1.0,2519.5340576171875,0.037631988525390625,0.3814697265625,0.12109375,25.0,330.0,330.0
Q00290__clean,Q00290,1,,farmerscentre.com.ng,data/qr_images/Q00290.png,none,none,4,1,https://www.fb327-items-market46.farmerscentre.com.ng/,opencv,exact,54,45,1,0,4,2,2,5,0.09259259259259259,2,0,0,0,0,0,0,0,1,0,0,0,0,4.43111077150858,0,0,0,0,0,0,0,1.0,0.6739991580738741,0.45901341806594,0.322723388671875,1.0,3541.7773818969727,0.051906585693359375,0.6103515625,0.09765625,33.0,410.0,410.0
Q00291__clean,Q00291,1,,medicalbi.it,data/qr_images/Q00291.png,none,none,3,1,http://medicalbi.it/blog/red.html,opencv,exact,33,12,14,0,2,0,0,0,0.0,0,0,0,0,0,0,2,0,0,0,0,0,0,3.907734270742486,0,0,0,0,0,0,0,1.0,0.690283203125,0.4541721705127059,0.31177520751953125,1.0,3079.873016357422,0.044475555419921875,0.457763671875,0.107421875,29.0,370.0,370.0
Q00292__clean,Q00292,1,,quke9.com,data/qr_images/Q00292.png,none,none,6,1,https://quke9.com/wp-content/plugins/apikey/?qzw0iniuGYTRYwy$vwedbygVDRwydgCCYyueuuyywUBYVYUb*uWu,opencv_aruco,exact,97,9,27,52,1,0,1,2,0.020618556701030927,4,0,1,0,0,0,3,1,1,0,0,0,0,4.985013843072754,0,0,0,0,0,0,0,1.0,0.6418016321518842,0.46735141742507685,0.35895538330078125,1.0,4719.64665222168,0.06671905517578125,0.762939453125,0.08203125,41.0,490.0,490.0
Q00293__clean,Q00293,1,,webeden.co.uk,data/qr_images/Q00293.png,none,none,2,1,http://cz84.webeden.co.uk/,opencv,exact,26,18,1,0,3,1,0,2,0.07692307692307693,0,0,0,0,0,0,0,0,0,0,0,0,0,3.997952698660691,0,0,0,0,0,0,0,1.0,0.6951196259143306,0.45318802412762704,0.3084449768066406,1.0,2580.5799407958984,0.03820037841796875,0.457763671875,0.12109375,25.0,330.0,330.0
Q00294__clean,Q00294,0,,brighttots.com,data/qr_images/Q00294.png,none,none,4,1,http://www.brighttots.com/Autism/Self_help_skills,opencv,exact,49,18,24,0,2,1,0,0,0.0,2,0,0,0,0,0,2,0,0,0,0,0,0,4.272374384710773,0,0,0,0,0,0,0,1.0,0.6728075214460785,0.45947455728514847,0.32402801513671875,1.0,3576.767120361328,0.052021026611328125,0.6103515625,0.09765625,33.0,410.0,410.0
Q00295__clean,Q00295,0,,csgnetwork.com,data/qr_images/Q00295.png,none,none,3,1,http://www.csgnetwork.com/ipinfocalc.html,opencv,exact,41,18,16,0,3,1,0,0,0.0,0,0,0,0,0,0,1,0,0,0,0,0,0,4.1315846264110005,0,0,0,0,0,0,0,1.0,0.6705625496658625,0.4620444917270485,0.3315544128417969,1.0,3018.125244140625,0.043834686279296875,0.41961669921875,0.107421875,29.0,370.0,370.0
Q00296__clean,Q00296,0,,hifimusic.co.il,data/qr_images/Q00296.png,none,none,3,1,http://www.hifimusic.co.il/,opencv,exact,27,19,1,0,3,1,0,0,0.0,0,0,0,0,0,0,0,0,0,0,0,0,0,3.708048150071232,0,0,0,0,0,0,0,1.0,0.6866321937710631,0.4553574860684309,0.3150367736816406,1.0,3113.3891525268555,0.0455780029296875,0.6103515625,0.107421875,29.0,370.0,370.0
Q00297__clean,Q00297,1,,macchiashop.it,data/qr_images/Q00297.png,none,none,7,1,http://www.macchiashop.it/prestashop/modules/autoupgrade/vendor/phpunit/phpunit/src/Util/PHP/csc/Billing.php,opencv,exact,108,18,83,0,3,1,0,0,0.0,0,0,0,0,0,0,11,0,0,0,0,0,0,4.313448312735547,0,0,0,0,0,0,0,1.0,0.6254956264121859,0.4706771333722961,0.3717002868652344,1.0,4942.615753173828,0.07182693481445312,1.1444091796875,0.076171875,45.0,530.0,530.0
Q00298__clean,Q00298,1,,midyatmimaritas.com,data/qr_images/Q00298.png,none,none,5,1,http://mail.midyatmimaritas.com/wp-includes/images/media/document/3253,opencv,exact,70,24,39,0,2,1,1,4,0.05714285714285714,1,0,0,0,0,0,5,0,0,0,0,0,0,4.273109311346435,0,0,0,0,0,0,0,1.0,0.6612144470214844,0.4623218701795317,0.3362922668457031,1.0,4087.153678894043,0.059234619140625,0.762939453125,0.08984375,37.0,450.0,450.0
Q00299__clean,Q00299,0,,msnews.co.kr,data/qr_images/Q00299.png,none,none,2,1,http://www.msnews.co.kr/,opencv,exact,24,16,1,0,3,1,0,0,0.0,0,0,0,0,0,0,0,0,0,0,0,0,0,3.6887218755408675,0,0,0,0,0,0,0,1.0,0.6914452795888864,0.45457904403802224,0.3126182556152344,1.0,2577.910858154297,0.0387115478515625,0.5340576171875,0.12109375,25.0,330.0,330.0
Q00300__clean,Q00300,0,,rogerebert.com,data/qr_images/Q00300.png,none,none,5,1,http://www.rogerebert.com/reviews/donnie-darko-the-directors-cut-2004,opencv,exact,69,18,44,0,2,1,5,4,0.057971014492753624,5,0,0,0,0,0,2,0,0,0,0,0,0,4.331057747878253,0,0,0,0,0,0,0,1.0,0.6503514158959482,0.4660019754560679,0.3465423583984375,1.0,4036.245880126953,0.058689117431640625,0.49591064453125,0.08984375,37.0,450.0,450.0
Q00301__clean,Q00301,0,,online-convert.com,data/qr_images/Q00301.png,none,none,4,1,http://document.online-convert.com/convert-to-ppt,opencv,exact,49,27,15,0,2,1,3,0,0.0,3,0,0,0,0,0,1,0,0,0,0,0,0,3.8792902024895475,0,0,0,0,0,0,0,1.0,0.6710258483886719,0.45964747348970236,0.3268089294433594,1.0,3559.185127258301,0.053127288818359375,0.5340576171875,0.09765625,33.0,410.0,410.0
Q00302__clean,Q00302,1,,ttdancestudio.com,data/qr_images/Q00302.png,none,none,5,1,http://ttdancestudio.com/ap_application/application/controllers/tesla,opencv,exact,69,17,45,0,1,0,0,0,0.0,1,0,0,0,0,0,4,0,0,0,0,0,0,3.919410965357847,0,0,0,0,0,0,0,1.0,0.642450459798177,0.46797817515931156,0.3537178039550781,1.0,4093.1517639160156,0.060451507568359375,0.6103515625,0.08984375,37.0,450.0,450.0
Q00303__clean,Q00303,1,,4dq.com,data/qr_images/Q00303.png,none,none,3,1,http://whatsappjoins.4dq.com/login.php,opencv,exact,38,21,10,0,3,1,0,1,0.02631578947368421,0,0,0,0,0,0,1,0,0,0,0,0,0,4.106241250673739,1,1,0,0,0,0,0,1.0,0.6807882121964997,0.45786985772276556,0.32079315185546875,1.0,3120.920738220215,0.045162200927734375,0.57220458984375,0.107421875,29.0,370.0,370.0
Q00304__clean,Q00304,0,,j-net.cn,data/qr_images/Q00304.png,none,none,2,1,http://www.j-net.cn/cms,opencv,exact,23,12,4,0,2,1,1,0,0.0,1,0,0,0,0,0,1,0,0,0,0,0,0,3.6424896731661267,0,0,0,0,0,0,0,1.0,0.718997132544424,0.44225070647457815,0.28504180908203125,1.0,2539.768623352051,0.03765106201171875,0.72479248046875,0.12109375,25.0,330.0,330.0
Q00305__clean,Q00305,1,,deref-mail.com,data/qr_images/Q00305.png,none,none,8,1,https://deref-mail.com/mail/client/ztVaDFZ46mI/dereferrer/?redirectUrl=https%3A%2F%2Fmegrodaure.gq%2Fsoftwrk%2Fsignhere%2Findex.php,opencv,exact,131,14,36,72,3,0,1,8,0.061068702290076333,9,0,1,1,0,6,4,1,1,0,0,0,0,4.820739224276872,0,0,0,0,0,0,0,1.0,0.6038728003408395,0.47338147841003075,0.3958930969238281,1.0,4981.0778732299805,0.0794525146484375,0.80108642578125,0.0703125,49.0,570.0,570.0
Q00306__clean,Q00306,1,,essentialnotes.in,data/qr_images/Q00306.png,none,none,3,1,http://essentialnotes.in/Payment/,opencv,exact,33,17,9,0,1,0,0,0,0.0,0,0,0,0,0,0,1,0,0,0,0,0,0,3.7000144837038995,1,0,0,0,0,0,0,1.0,0.6764051549574908,0.45978593148891456,0.3256034851074219,1.0,3025.8940505981445,0.04404449462890625,0.457763671875,0.107421875,29.0,370.0,370.0
Q00307__clean,Q00307,1,,huesofgray.com,data/qr_images/Q00307.png,none,none,8,1,http://viewitem.eday.de.ws.isapi.dllsign.inusingssl1puserid.naxpmj9pkjb2bqne4pm1piqrjpy.huesofgray.com/?widerruf@shirts-und-strass.de,opencv,exact,133,95,1,29,10,8,2,5,0.03759398496240601,4,1,1,0,0,0,0,1,0,0,0,0,0,4.688109894491512,0,0,0,0,0,0,0,1.0,0.6097167220770144,0.471947462051145,0.3901023864746094,1.0,4991.800910949707,0.07982635498046875,0.91552734375,0.0703125,49.0,570.0,570.0
Q00308__clean,Q00308,0,,autohut.ro,data/qr_images/Q00308.png,none,none,2,1,https://www.autohut.ro/,opencv,exact,23,14,1,0,2,1,0,0,0.0,0,0,0,0,0,0,0,0,1,0,0,0,0,3.414441303694973,0,0,0,0,0,0,0,1.0,0.6969570384306066,0.45251478587807836,0.306427001953125,1.0,2527.0794067382812,0.03762054443359375,0.457763671875,0.12109375,25.0,330.0,330.0
Q00309__clean,Q00309,0,,walmart.com,data/qr_images/Q00309.png,none,none,4,1,https://www.walmart.com/c/kp/30-ft-ethernet-cables,opencv,exact,50,15,27,0,2,1,3,2,0.04,3,0,0,0,0,0,3,0,1,0,0,0,0,4.216174630069641,0,0,0,0,0,0,0,1.0,0.6716194452023974,0.459998446693811,0.3250617980957031,1.0,3538.929641723633,0.05161285400390625,0.6866455078125,0.09765625,33.0,410.0,410.0
Q00310__clean,Q00310,1,,aiq.ru,data/qr_images/Q00310.png,none,none,2,1,http://mailru.aiq.ru,opencv,exact,20,13,0,0,2,1,0,0,0.0,0,0,0,0,0,0,0,0,0,0,0,0,0,3.621928094887362,0,0,0,0,0,0,0,1.0,0.7171598845837163,0.4431173382227514,0.2869110107421875,1.0,2510.0294036865234,0.0375518798828125,0.64849853515625,0.12109375,25.0,330.0,330.0
Q00311__clean,Q00311,1,,m9e4.com,data/qr_images/Q00311.png,none,none,5,1,http://www.m9e4.com/labanquepostale.fr/service-mobile-pass/ac451/messagerie.php,opencv,exact,79,12,60,0,4,1,2,5,0.06329113924050633,2,0,0,0,0,0,4,0,0,0,0,0,0,4.481597165701878,0,0,0,0,0,0,0,1.0,0.6355345034131816,0.47008986880216636,0.3608589172363281,1.0,4140.153938293457,0.0605926513671875,0.5340576171875,0.08984375,37.0,450.0,450.0
Q00312__clean,Q00312,1,,shatorupa.com,data/qr_images/Q00312.png,none,none,3,1,http://shatorupa.com/receipe/micro/adobe/,opencv,exact,41,13,21,0,1,0,0,0,0.0,0,0,0,0,0,0,3,0,0,0,0,0,0,3.8628151140048086,0,0,0,0,0,0,0,1.0,0.6632568209779028,0.464497686198786,0.3389778137207031,1.0,3063.6175079345703,0.04456329345703125,0.3814697265625,0.107421875,29.0,370.0,370.0
Q00313__clean,Q00313,0,,moneyou.at,data/qr_images/Q00313.png,none,none,2,1,https://www.moneyou.at/,opencv,exact,23,14,1,0,2,1,0,0,0.0,0,0,0,0,0,0,0,0,1,0,0,0,0,3.729446194905257,0,0,0,0,0,0,0,1.0,0.7061387903550091,0.4481627215338295,0.29788970947265625,1.0,2611.957229614258,0.038883209228515625,0.49591064453125,0.12109375,25.0,330.0,330.0
Q00314__clean,Q00314,1,,201.163.98.162,data/qr_images/Q00314.png,none,none,6,1,http://201.163.98.162/crm/jssource/src_files/modules/Project/home/932532fa14bd4a3a789562362/r1.php,opencv_aruco,exact,98,14,77,0,4,0,0,31,0.3163265306122449,1,0,0,0,0,0,8,0,0,1,0,0,0,4.7442345039278075,0,0,0,0,0,0,0,1.0,0.638887741986443,0.4679871677407029,0.36181640625,1.0,4839.86653137207,0.06818008422851562,0.6103515625,0.08203125,41.0,490.0,490.0
Q00315__clean,Q00315,0,,wikispaces.com,data/qr_images/Q00315.png,none,none,3,1,https://site-closed.wikispaces.com,opencv,exact,34,26,0,0,2,1,1,0,0.0,1,0,0,0,0,0,0,0,1,0,0,0,0,3.951310179982966,0,0,0,0,0,0,0,1.0,0.6844401939242494,0.45652817128472195,0.3176765441894531,1.0,3043.6651458740234,0.04444122314453125,0.34332275390625,0.107421875,29.0,370.0,370.0
Q00316__clean,Q00316,1,,webhost4life.com,data/qr_images/Q00316.png,none,none,4,1,https://emailmg.webhost4life.com/roundcube/,opencv,exact,43,24,11,0,2,1,0,1,0.023255813953488372,0,0,0,0,0,0,1,0,1,0,0,0,0,4.350342370830227,0,0,0,0,0,0,0,1.0,0.6591289744657629,0.46418229687514445,0.3385009765625,1.0,3650.2916870117188,0.053150177001953125,0.49591064453125,0.09765625,33.0,410.0,410.0
Q00317__clean,Q00317,1,,applmanager.com,data/qr_images/Q00317.png,none,none,5,1,http://www.paypal-verification.applmanager.com/customer_center/user-154773,opencv,exact,74,39,28,0,3,2,2,6,0.08108108108108109,3,0,0,0,0,0,2,0,0,0,0,0,0,4.582726386643206,1,0,0,0,0,0,0,1.0,0.6454138512704887,0.46759991696221254,0.3509330749511719,1.0,3980.076515197754,0.058223724365234375,0.6866455078125,0.08984375,37.0,450.0,450.0
Q00318__clean,Q00318,1,,dacompsc.com,data/qr_images/Q00318.png,none,none,6,1,http://www.dacompsc.com/modules/mod_custom/Acesso-Seguro-painel/Acesso-Seguro/identificacao-jsf/,opencv,exact,96,16,73,0,2,1,4,0,0.0,5,0,0,0,0,0,5,0,0,0,0,0,0,4.3975647831999005,0,0,0,0,0,0,0,1.0,0.6501299689797794,0.46468076975373546,0.3500518798828125,1.0,4627.476112365723,0.06646347045898438,0.6866455078125,0.08203125,41.0,490.0,490.0
Q00319__clean,Q00319,1,,kisa.link,data/qr_images/Q00319.png,none,none,4,1,https://www.kisa.link/url_redirector.php?url=MQP9,opencv,exact,49,13,19,8,3,1,0,1,0.02040816326530612,3,0,1,1,0,0,1,1,1,0,0,0,0,4.494427130042125,0,0,0,0,0,0,0,1.0,0.6626974666819853,0.46333940357819664,0.3344841003417969,1.0,3514.3051834106445,0.05115509033203125,0.57220458984375,0.09765625,33.0,410.0,410.0
Q00320__clean,Q00320,0,,wordpress.com,data/qr_images/Q00320.png,none,none,4,1,https://thesorrowandthepit64.wordpress.com/,opencv,exact,43,34,1,0,2,1,0,2,0.046511627906976744,0,0,0,0,0,0,0,0,1,0,0,0,0,4.016283580676733,0,0,0,0,0,0,0,1.0,0.6531777774586397,0.4661659256845589,0.3434181213378906,1.0,3642.9108505249023,0.053165435791015625,0.457763671875,0.09765625,33.0,410.0,410.0
Q00321__clean,Q00321,1,,laviosaviaggi.com,data/qr_images/Q00321.png,none,none,4,1,http://www.laviosaviaggi.com/ver/webapps/dae75/websrc,opencv,exact,53,21,25,0,2,1,0,2,0.03773584905660377,0,0,0,0,0,0,4,0,0,0,0,0,0,4.223229776037644,0,0,0,0,0,0,0,1.0,0.6615083133473115,0.4636970061819728,0.33548736572265625,1.0,3542.55623626709,0.051509857177734375,0.49591064453125,0.09765625,33.0,410.0,410.0
Q00322__clean,Q00322,0,,cbsnews.com,data/qr_images/Q00322.png,none,none,3,1,http://www.cbsnews.com/cbs-this-morning/,opencv,exact,40,15,18,0,2,1,2,0,0.0,2,0,0,0,0,0,1,0,0,0,0,0,0,4.015311532225102,0,0,0,0,0,0,0,1.0,0.6917442920161229,0.4534338472339613,0.3104057312011719,1.0,3050.4552459716797,0.044551849365234375,0.6103515625,0.107421875,29.0,370.0,370.0
Q00323__clean,Q00323,0,,tignes-spirit.com,data/qr_images/Q00323.png,none,none,3,1,https://www.tignes-spirit.com/,opencv,exact,30,21,1,0,2,1,1,0,0.0,1,0,0,0,0,0,0,0,1,0,0,0,0,3.8729055953200566,0,0,0,0,0,0,0,1.0,0.6764046463311887,0.4594809722583768,0.3249969482421875,1.0,3124.972885131836,0.045505523681640625,0.457763671875,0.107421875,29.0,370.0,370.0
Q00324__clean,Q00324,0,,com.ru,data/qr_images/Q00324.png,none,none,2,1,https://linuxmint.com.ru/,opencv,exact,25,16,1,0,2,1,0,0,0.0,0,0,0,0,0,0,0,0,1,0,0,0,0,3.8634651896016465,0,0,0,0,0,0,0,1.0,0.6914469251445695,0.4547664740189851,0.31252288818359375,1.0,2565.6413650512695,0.03820037841796875,0.457763671875,0.12109375,25.0,330.0,330.0
Q00325__clean,Q00325,0,,biblegateway.com,data/qr_images/Q00325.png,none,none,3,1,https://www.biblegateway.com/,opencv,exact,29,20,1,0,2,1,0,0,0.0,0,0,0,0,0,0,0,0,1,0,0,0,0,3.9783335811852645,0,0,0,0,0,0,0,1.0,0.6888238794663373,0.4545619635915876,0.31279754638671875,1.0,3215.576934814453,0.04586029052734375,0.457763671875,0.107421875,29.0,370.0,370.0
Q00326__clean,Q00326,1,,157.240.2.20,data/qr_images/Q00326.png,none,none,2,1,http://157.240.2.20/,opencv,exact,20,12,1,0,3,0,0,9,0.45,0,0,0,0,0,0,0,0,0,1,0,0,0,3.4086949695628417,0,0,0,0,0,0,0,1.0,0.7171585083007812,0.44310227622622006,0.2866249084472656,1.0,2568.348808288574,0.037967681884765625,0.6866455078125,0.12109375,25.0,330.0,330.0
Q00327__clean,Q00327,0,,wealthdaily.com,data/qr_images/Q00327.png,none,none,4,1,http://www.wealthdaily.com/articles/nokia-stock/2147,opencv,exact,52,19,26,0,2,1,1,4,0.07692307692307693,1,0,0,0,0,0,3,0,0,0,0,0,0,4.38815450741941,0,0,0,0,0,0,0,1.0,0.6662657045850566,0.46114604061115516,0.330596923828125,1.0,3761.4852294921875,0.05521392822265625,0.72479248046875,0.09765625,33.0,410.0,410.0
Q00328__clean,Q00328,1,,drucker.com.ar,data/qr_images/Q00328.png,none,none,3,1,http://drucker.com.ar/inc/aaa.htm,opencv,exact,33,14,12,0,3,0,0,0,0.0,0,0,0,0,0,0,2,0,0,0,0,0,0,3.861983513035609,0,0,0,0,0,0,0,1.0,0.6888177310719209,0.4544597583341116,0.3132781982421875,1.0,3140.2199325561523,0.045543670654296875,0.6103515625,0.107421875,29.0,370.0,370.0
Q00329__clean,Q00329,0,,instagram.com,data/qr_images/Q00329.png,none,none,3,1,https://www.instagram.com/hopdoddy/,opencv,exact,35,17,10,0,2,1,0,0,0.0,0,0,0,0,0,0,1,0,1,0,0,0,0,4.014438730983427,0,0,0,0,0,0,0,1.0,0.6975875405704274,0.4505114646696522,0.3039703369140625,1.0,3175.7744903564453,0.04634857177734375,0.57220458984375,0.107421875,29.0,370.0,370.0
Q00330__clean,Q00330,0,,youtube.com,data/qr_images/Q00330.png,none,none,4,1,https://www.youtube.com/watch?v=DDnULVBcmkk,opencv,exact,43,15,6,13,2,1,0,0,0.0,2,0,1,1,0,0,1,1,1,0,0,0,0,4.507432777857285,0,0,0,0,0,0,0,1.0,0.6519887438007429,0.4667882323295119,0.34505462646484375,1.0,3632.9409408569336,0.05234527587890625,0.49591064453125,0.09765625,33.0,410.0,410.0
Q00331__clean,Q00331,0,,embl-heidelberg.de,data/qr_images/Q00331.png,none,none,5,1,http://smart.embl-heidelberg.de/smart/do_annotation.pl?DOMAIN=LY,opencv,exact,64,24,23,9,3,1,1,0,0.0,4,0,1,1,0,0,2,1,0,0,0,0,0,4.6499433125951875,0,0,0,0,0,0,0,1.0,0.6528219933603324,0.46522955317148396,0.3440361022949219,1.0,4025.1553497314453,0.058502197265625,0.5340576171875,0.08984375,37.0,450.0,450.0
Q00332__clean,Q00332,1,,naidakundurovic.com,data/qr_images/Q00332.png,none,none,9,1,http://www.naidakundurovic.com/cli/45bade2Fusr2Ftiraoo3F_trksid3Dp2047675l2559eayISAPIdllSignInru=http0A2F2Fwwwebade2Fusr2Ftiraoo3F_trksid3Dp2047675l2559.html,opencv,exact,158,23,128,0,3,1,0,35,0.22151898734177214,3,0,0,1,0,0,2,0,0,0,0,0,0,5.049817220787066,1,0,0,0,0,0,0,1.0,0.6215954649682138,0.46822820466095133,0.3764457702636719,1.0,6701.058723449707,0.09193038940429688,0.9918212890625,0.06640625,53.0,610.0,610.0
Q00333__clean,Q00333,0,,thexfiles.in,data/qr_images/Q00333.png,none,none,2,1,http://www.thexfiles.in/,opencv,exact,24,16,1,0,2,1,0,0,0.0,0,0,0,0,0,0,0,0,0,0,0,0,0,3.6572682296173897,0,0,0,0,0,0,0,1.0,0.6730797262752757,0.4620467642840572,0.3309898376464844,1.0,2573.5322341918945,0.038265228271484375,0.34332275390625,0.12109375,25.0,330.0,330.0
Q00334__clean,Q00334,0,,mathworksheets4kids.com,data/qr_images/Q00334.png,none,none,4,1,https://www.mathworksheets4kids.com/line-ray-segment.php,opencv,exact,56,27,21,0,3,1,2,1,0.017857142857142856,2,0,0,0,0,0,1,0,1,0,0,0,0,4.310060789343956,0,0,0,0,0,0,0,1.0,0.6740014917710249,0.45881871627395737,0.3232994079589844,1.0,3506.3039169311523,0.052165985107421875,0.57220458984375,0.09765625,33.0,410.0,410.0
Q00335__clean,Q00335,1,,whydoesntgodhealamputees.com,data/qr_images/Q00335.png,none,none,4,1,http://whydoesntgodhealamputees.com/faq/Webmail/,opencv,exact,48,28,13,0,1,0,0,0,0.0,0,0,0,0,0,0,2,0,0,0,0,0,0,4.304047012067739,0,0,0,0,0,0,0,1.0,0.6626988280053232,0.4629415056922447,0.3347320556640625,1.0,3659.5757598876953,0.053195953369140625,0.6103515625,0.09765625,33.0,410.0,410.0
Q00336__clean,Q00336,0,,qnimate.com,data/qr_images/Q00336.png,none,none,5,1,http://qnimate.com/speech-recognition-and-synthesis-using-javascript/,opencv,exact,69,11,51,0,1,0,5,0,0.0,5,0,0,0,0,0,1,0,0,0,0,0,0,4.231378899203216,0,0,0,0,0,0,0,1.0,0.646402650720933,0.46751593312993717,0.3518486022949219,1.0,3997.1035079956055,0.057621002197265625,0.64849853515625,0.08984375,37.0,450.0,450.0
Q00337__clean,Q00337,0,,highspeed-internet-providers.com,data/qr_images/Q00337.png,none,none,5,1,http://www.highspeed-internet-providers.com/city/ispseattle.html,opencv,exact,64,36,21,0,3,1,2,0,0.0,2,0,0,0,0,0,2,0,0,0,0,0,0,4.194909571322961,0,0,0,0,0,0,0,1.0,0.6503523134717755,0.46569862049722327,0.34639739990234375,1.0,4110.885276794434,0.05994415283203125,0.64849853515625,0.08984375,37.0,450.0,450.0
Q00338__clean,Q00338,1,,159.203.115.201,data/qr_images/Q00338.png,none,none,6,1,http://159.203.115.201/wp-content/plugins/simple-post-series/nkia/paypal-password-reset.php,opencv,exact,91,15,69,0,4,0,5,12,0.13186813186813187,5,0,0,0,0,0,5,0,0,1,0,0,0,4.48840322928817,1,0,0,0,0,0,0,1.0,0.6393003127154182,0.46830978116584165,0.3610343933105469,1.0,4768.804466247559,0.06649398803710938,0.6866455078125,0.08203125,41.0,490.0,490.0
Q00339__clean,Q00339,1,,nazwa.pl,data/qr_images/Q00339.png,none,none,4,1,http://www.server685641.nazwa.pl/weryfikacja/,opencv,exact,45,25,13,0,3,2,0,6,0.13333333333333333,0,0,0,0,0,0,1,0,0,0,0,0,0,4.427979696753515,0,0,0,0,0,0,0,1.0,0.6609122631596583,0.46369349231285295,0.3364753723144531,1.0,3583.277389526367,0.05228424072265625,0.57220458984375,0.09765625,33.0,410.0,410.0
Q00340__clean,Q00340,1,,cashat.pro,data/qr_images/Q00340.png,none,none,2,1,http://cashat.pro/,opencv,exact,18,10,1,0,1,0,0,0,0.0,0,0,0,0,0,0,0,0,0,0,0,0,0,3.3082708345352603,0,0,0,0,0,0,0,1.0,0.7088963676901424,0.44713625800329204,0.29479217529296875,1.0,2499.364303588867,0.037364959716796875,0.457763671875,0.12109375,25.0,330.0,330.0
Q00341__clean,Q00341,0,,name.com,data/qr_images/Q00341.png,none,none,2,1,https://www.name.com/en,opencv,exact,23,12,3,0,2,1,0,0,0.0,0,0,0,0,0,0,1,0,1,0,0,0,0,3.6753108689123644,0,0,0,0,0,0,0,1.0,0.6969548244102328,0.4522652663927682,0.3072319030761719,1.0,2594.3738708496094,0.0387420654296875,0.49591064453125,0.12109375,25.0,330.0,330.0
Q00342__clean,Q00342,1,,j.mp,data/qr_images/Q00342.png,none,none,2,1,https://j.mp/2DgFwAC,opencv,exact,20,4,8,0,1,0,0,1,0.05,0,0,0,0,0,0,1,0,1,0,0,0,0,3.884183719779189,0,0,0,0,0,0,0,1.0,0.6932849210851333,0.45404308327731435,0.3097381591796875,1.0,2514.9684448242188,0.037448883056640625,0.457763671875,0.12109375,25.0,330.0,330.0
Q00343__clean,Q00343,0,,newmemorialsdirect.com,data/qr_images/Q00343.png,none,none,4,1,http://www.newmemorialsdirect.com/fingerprint-jewelry.aspx,opencv,exact,58,26,25,0,3,1,1,0,0.0,1,0,0,0,0,0,1,0,0,0,0,0,0,4.332058694023815,0,0,0,0,0,0,0,1.0,0.6745985442516851,0.45863988571029296,0.3231773376464844,1.0,3561.6238403320312,0.05239105224609375,0.49591064453125,0.09765625,33.0,410.0,410.0
Q00344__clean,Q00344,0,,courtnic.nic.in,data/qr_images/Q00344.png,none,none,2,1,http://courtnic.nic.in,opencv,exact,22,15,0,0,2,0,0,0,0.0,0,0,0,0,0,0,0,0,0,0,0,0,0,3.413088436425758,0,0,0,0,0,0,0,1.0,0.6785929810767081,0.4601380934683764,0.3256492614746094,1.0,2536.1451110839844,0.03746795654296875,0.30517578125,0.12109375,25.0,330.0,330.0
Q00345__clean,Q00345,1,,dotartprinting.com,data/qr_images/Q00345.png,none,none,3,1,http://www.dotartprinting.com/js/index/,opencv,exact,39,22,10,0,2,1,0,0,0.0,0,0,0,0,0,0,2,0,0,0,0,0,0,4.067865207186248,0,0,0,0,0,0,0,1.0,0.7063534605736826,0.4468657819731724,0.2953453063964844,1.0,3200.793441772461,0.045803070068359375,0.6866455078125,0.107421875,29.0,370.0,370.0
Q00346__clean,Q00346,0,,rathena.org,data/qr_images/Q00346.png,none,none,6,1,https://rathena.org/board/topic/65959-packetparser-yommys-amazing-ragnarok-packet-analyzer-framework/,opencv,exact,101,11,82,0,1,0,7,5,0.04950495049504951,7,0,0,0,0,0,3,0,1,0,0,0,0,4.404302846717045,0,0,0,0,0,0,0,1.0,0.6463808396283318,0.4657037139643215,0.353424072265625,1.0,4833.071754455566,0.06799697875976562,0.5340576171875,0.08203125,41.0,490.0,490.0
Q00347__clean,Q00347,1,,mrbonus.com,data/qr_images/Q00347.png,none,none,3,1,http://joinchatgrupwhatsapp31.mrbonus.com/,opencv,exact,42,34,1,0,2,1,0,2,0.047619047619047616,0,0,0,0,0,0,0,0,0,0,0,0,0,4.225185279715573,1,0,0,0,0,0,0,1.0,0.6910123787674249,0.4537222401867247,0.3110618591308594,1.0,3128.296859741211,0.045185089111328125,0.64849853515625,0.107421875,29.0,370.0,370.0
Q00348__clean,Q00348,1,,enlaceinmobiliario.cl,data/qr_images/Q00348.png,none,none,5,1,https://propiedadesusadas-bancofalabella.enlaceinmobiliario.cl/home,opencv,exact,67,54,5,0,2,1,1,0,0.0,1,0,0,0,0,0,1,0,1,0,0,0,0,4.136276041450471,0,0,0,0,0,0,0,1.0,0.6493630652334176,0.4659567903729732,0.34740447998046875,1.0,4157.924690246582,0.06034088134765625,0.64849853515625,0.08984375,37.0,450.0,450.0
Q00349__clean,Q00349,0,,destructoid.com,data/qr_images/Q00349.png,none,none,6,1,https://www.destructoid.com/meet-the-winner-of-nintendo-power-s-the-mask-ii-contest-287112.phtml,opencv,exact,96,19,69,0,3,1,11,6,0.0625,11,0,0,0,0,0,1,0,1,0,0,0,0,4.303560239596714,0,0,0,0,0,0,0,1.0,0.6467978084788603,0.4661182007586063,0.3524589538574219,1.0,4551.8044357299805,0.06507492065429688,0.72479248046875,0.08203125,41.0,490.0,490.0
Q00350__clean,Q00350,0,,icondigital.com,data/qr_images/Q00350.png,none,none,3,1,http://www.icondigital.com/contact/,opencv,exact,35,19,9,0,2,1,0,0,0.0,0,0,0,0,0,0,1,0,0,0,0,0,0,3.761445788918474,0,0,0,0,0,0,0,1.0,0.6888218300015319,0.454679688487711,0.31275177001953125,1.0,3077.6226196289062,0.044635772705078125,0.457763671875,0.107421875,29.0,370.0,370.0
Q00351__clean,Q00351,0,,domenicozaccagna.gov.it,data/qr_images/Q00351.png,none,none,3,1,http://www.domenicozaccagna.gov.it/,opencv,exact,35,27,1,0,3,1,0,0,0.0,0,0,0,0,0,0,0,0,0,0,0,0,0,4.006876945083701,0,0,0,0,0,0,0,1.0,0.6888212465772442,0.454652824261818,0.3130149841308594,1.0,3093.9096298217773,0.044811248779296875,0.49591064453125,0.107421875,29.0,370.0,370.0
Q00352__clean,Q00352,1,,livewild.co,data/qr_images/Q00352.png,none,none,4,1,http://livewild.co/cgi/home/auth/Logging_in.php,opencv,exact,47,11,29,0,2,0,0,0,0.0,1,0,0,0,0,0,4,0,0,0,0,0,0,4.120885064757336,0,0,0,0,0,0,0,1.0,0.6621030770096125,0.463351805312904,0.33515167236328125,1.0,3584.506904602051,0.0521697998046875,0.64849853515625,0.09765625,33.0,410.0,410.0
Q00353__clean,Q00353,1,,givemdiscount.com,data/qr_images/Q00353.png,none,none,3,1,http://www.exito.givemdiscount.com,opencv,exact,34,27,0,0,3,2,0,0,0.0,0,0,0,0,0,0,0,0,0,0,0,0,0,4.057476076289932,0,0,0,0,0,0,0,1.0,0.6807884365904565,0.4579140965707388,0.32099151611328125,1.0,3077.987419128418,0.044727325439453125,0.457763671875,0.107421875,29.0,370.0,370.0
Q00354__clean,Q00354,0,,newegg.com,data/qr_images/Q00354.png,none,none,5,1,https://www.newegg.com/Product/Product.aspx?Item=N82E16833588001,opencv,exact,64,14,21,20,3,1,0,13,0.203125,2,0,1,1,0,0,2,1,1,0,0,0,0,4.802668898701708,0,0,0,0,0,0,0,1.0,0.6483743854597503,0.46659487994360316,0.34854888916015625,1.0,4071.0057373046875,0.058917999267578125,0.3814697265625,0.08984375,37.0,450.0,450.0
Q00355__clean,Q00355,0,,syr.edu,data/qr_images/Q00355.png,none,none,5,1,https://www.maxwell.syr.edu/uploadedfiles/ict/training/databasedesignbasics.pdf,opencv,exact,79,19,52,0,4,2,0,0,0.0,0,0,0,0,0,0,4,0,1,0,0,0,0,4.2979391734318115,0,0,0,0,0,0,0,1.0,0.655291000067019,0.46442329170229524,0.3430213928222656,1.0,4067.322006225586,0.058765411376953125,0.49591064453125,0.08984375,37.0,450.0,450.0
Q00356__clean,Q00356,1,,sierragaragedoors.pro,data/qr_images/Q00356.png,none,none,5,1,http://sierragaragedoors.pro/wp-content/themes/123_parent/newnatred/1,opencv,exact,69,21,41,0,1,0,1,4,0.057971014492753624,2,0,0,0,0,0,5,0,0,0,0,0,0,4.12405167686155,0,0,0,0,0,0,0,1.0,0.6582508909936045,0.4632454810571068,0.338653564453125,1.0,4130.997123718262,0.059665679931640625,0.64849853515625,0.08984375,37.0,450.0,450.0
Q00357__clean,Q00357,1,,shortest-route.com,data/qr_images/Q00357.png,none,none,4,1,https://columbus.shortest-route.com/cignaprd/home/login.jsp,opencv,exact,59,27,24,0,3,1,1,0,0.0,1,0,0,0,0,0,3,0,1,0,0,0,0,4.249121075718702,1,1,0,0,0,0,0,1.0,0.6507998597388174,0.46695007505916164,0.34610748291015625,1.0,3606.7006301879883,0.052959442138671875,0.49591064453125,0.09765625,33.0,410.0,410.0
Q00358__clean,Q00358,1,,prizesforall.com,data/qr_images/Q00358.png,none,none,14,1,http://portal.prizesforall.com//?id=YSokqfs2djpsdO0BMzRadHVPzmBflqbcmhuWVfoAzvofO6%2F%2FthPZIU4EQR147UGA1UK9x54awtMfJjUbuSHn8FECp3eb3JTg72k7nMrUQ5Mj9hTyJEZH%2BHQAnR7A%2BMVcZAZfpD%2B6mhnyhMdynTY%2F90I0tYxbe00m%2B0I0V2Qvz5lnLrkWnZ8GOXuzrSslUYPGY8V8CUD%2FcTTEcWx0YJwrVXEDxzfYEtviJzcywcYQpuLooFU6VNqdQ2v%2BosvcRQAfgaCjryd7cizi%2FrKmsqj0VLYQIi6daE9cDPMjFlHdWfg%3D,opencv,exact,358,23,2,325,2,1,0,51,0.1424581005586592,13,0,1,1,0,11,0,1,0,0,0,0,1,5.899916842286554,0,0,0,0,0,0,0,1.0,0.5808525384641161,0.4702545218240275,0.4203910827636719,1.0,9193.332870483398,0.12480545043945312,1.7547607421875,0.048828125,73.0,810.0,810.0
Q00359__clean,Q00359,1,,imagelinetech.com,data/qr_images/Q00359.png,none,none,4,1,http://visa.com-vmore-4636967280.imagelinetech.com/,opencv,exact,51,43,1,0,3,2,2,10,0.19607843137254902,2,0,0,0,0,0,0,0,0,0,0,0,0,4.5492054887333735,0,0,0,0,0,0,0,1.0,0.6716162737678079,0.46000605432737507,0.3252677917480469,1.0,3590.8532104492188,0.052051544189453125,0.5340576171875,0.09765625,33.0,410.0,410.0
Q00360__clean,Q00360,0,,andash.co.uk,data/qr_images/Q00360.png,none,none,2,1,http://andash.co.uk,opencv,exact,19,12,0,0,2,0,0,0,0.0,0,0,0,0,0,0,0,0,0,0,0,0,0,3.7216117239699,0,0,0,0,0,0,0,1.0,0.6932833952062271,0.4539333134361834,0.3105049133300781,1.0,2546.597671508789,0.0381622314453125,0.41961669921875,0.12109375,25.0,330.0,330.0
Q00361__clean,Q00361,0,,philosophybasics.com,data/qr_images/Q00361.png,none,none,4,1,http://www.philosophybasics.com/philosophers_voltaire.html,opencv,exact,58,24,27,0,3,1,0,0,0.0,1,0,0,0,0,0,1,0,0,0,0,0,0,4.090679383678988,0,0,0,0,0,0,0,1.0,0.6674559948491116,0.4610281079624048,0.3294830322265625,1.0,3696.958038330078,0.053951263427734375,0.3814697265625,0.09765625,33.0,410.0,410.0
Q00362__clean,Q00362,0,,newegg.com,data/qr_images/Q00362.png,none,none,5,1,https://www.newegg.com/Product/ProductList.aspx?Description=hdmi%20switch&Submit=ENE,opencv,exact,84,14,25,36,3,1,0,2,0.023809523809523808,5,0,1,2,1,1,2,2,1,0,0,0,0,4.74496270319608,0,0,0,0,0,0,0,1.0,0.6483761656518076,0.46631076726489434,0.3478965759277344,1.0,4276.787239074707,0.061100006103515625,0.64849853515625,0.08984375,37.0,450.0,450.0
Q00363__clean,Q00363,0,,theverge.com,data/qr_images/Q00363.png,none,none,7,1,https://www.theverge.com/2016/10/20/13351870/new-dinosaur-species-savannasaurus-australia-discovery-titanosaur-sauropod,opencv,exact,119,16,95,0,2,1,7,16,0.13445378151260504,7,0,0,0,0,0,5,0,1,0,0,0,0,4.579846423827761,0,0,0,0,0,0,0,1.0,0.6212262321920956,0.47136221370836995,0.37603759765625,1.0,5115.413475036621,0.07423019409179688,0.95367431640625,0.076171875,45.0,530.0,530.0
Q00364__clean,Q00364,0,,clipartpanda.com,data/qr_images/Q00364.png,none,none,5,1,http://www.clipartpanda.com/categories/mickey-mouse-head-clipart,opencv,exact,64,20,37,0,2,1,3,0,0.0,3,0,0,0,0,0,2,0,0,0,0,0,0,4.310732282211646,0,0,0,0,0,0,0,1.0,0.6691139969171263,0.459505819219971,0.3278999328613281,1.0,4003.3069915771484,0.05850982666015625,1.02996826171875,0.08984375,37.0,450.0,450.0
Q00365__clean,Q00365,0,,geforce.com,data/qr_images/Q00365.png,none,none,5,1,https://forums.geforce.com/default/topic/844027/?comment=4759331,opencv,exact,64,18,22,15,2,1,0,13,0.203125,2,0,1,1,0,0,3,1,1,0,0,0,0,4.652518266288633,0,0,0,0,0,0,0,1.0,0.6602276371974571,0.4620489970488517,0.33673858642578125,1.0,4190.112648010254,0.0614166259765625,0.64849853515625,0.08984375,37.0,450.0,450.0
Q00366__clean,Q00366,1,,zyns.com,data/qr_images/Q00366.png,none,none,3,1,http://whatsapp-join.zyns.com/,opencv,exact,30,22,1,0,2,1,1,0,0.0,1,0,0,0,0,0,0,0,0,0,0,0,0,4.031401845392171,0,0,0,0,0,0,0,1.0,0.6859005497951134,0.4556046547985514,0.3162803649902344,1.0,3202.081268310547,0.046253204345703125,0.57220458984375,0.107421875,29.0,370.0,370.0
Q00367__clean,Q00367,0,,wisegeek.com,data/qr_images/Q00367.png,none,none,4,1,http://www.wisegeek.com/what-is-transaction-processing.htm,opencv,exact,58,16,35,0,3,1,3,0,0.0,3,0,0,0,0,0,1,0,0,0,0,0,0,4.120598995636049,0,0,0,0,0,0,0,1.0,0.6460396112180223,0.4683645839414053,0.3519439697265625,1.0,3627.0987396240234,0.0531463623046875,0.41961669921875,0.09765625,33.0,410.0,410.0
Q00368__clean,Q00368,1,,addpoll.com,data/qr_images/Q00368.png,none,none,5,1,http://www.addpoll.com/information/form/emergency-contact-information-form,opencv,exact,74,15,52,0,2,1,3,0,0.0,3,0,0,0,0,0,3,0,0,0,0,0,0,4.1480669672326576,0,0,0,0,0,0,0,1.0,0.653808967739928,0.4646627827886194,0.3423805236816406,1.0,4128.869766235352,0.059665679931640625,0.457763671875,0.08984375,37.0,450.0,450.0
Q00369__clean,Q00369,0,,gnu.org,data/qr_images/Q00369.png,none,none,5,1,http://www.gnu.org/s/emacs/manual/html_node/elisp/Standard-Hooks.html,opencv,exact,69,11,51,0,3,1,1,0,0.0,2,0,0,0,0,0,6,0,0,0,0,0,0,4.383977812434821,0,0,0,0,0,0,0,1.0,0.6508436165603937,0.46582772824239,0.3458900451660156,1.0,3910.3586044311523,0.05806732177734375,0.57220458984375,0.08984375,37.0,450.0,450.0
Q00370__clean,Q00370,1,,etecindsvc.com,data/qr_images/Q00370.png,none,none,4,1,http://www.etecindsvc.com/8787/?sec=WiebkeOldsen,opencv,exact,48,18,6,16,2,1,0,4,0.08333333333333333,2,0,1,1,0,0,1,1,0,0,0,0,0,4.381328385912463,0,0,0,0,0,0,0,1.0,0.6662674249387255,0.4615466998227583,0.3310432434082031,1.0,3632.8696823120117,0.053516387939453125,0.49591064453125,0.09765625,33.0,410.0,410.0
Q00371__clean,Q00371,1,,zyns.com,data/qr_images/Q00371.png,none,none,3,1,http://pornseks.zyns.com/login.php,opencv,exact,34,17,10,0,3,1,0,0,0.0,0,0,0,0,0,0,1,0,0,0,0,0,0,4.035273502696888,1,1,0,0,0,0,0,1.0,0.6902821110744103,0.4539639687258845,0.31137847900390625,1.0,3120.352096557617,0.045253753662109375,0.49591064453125,0.107421875,29.0,370.0,370.0
Q00372__clean,Q00372,0,,ksn.com,data/qr_images/Q00372.png,none,none,2,1,https://www.ksn.com/,opencv,exact,20,11,1,0,2,1,0,0,0.0,0,0,0,0,0,0,0,0,1,0,0,0,0,3.546439344671015,0,0,0,0,0,0,0,1.0,0.6951201345406327,0.4532917257780674,0.30901336669921875,1.0,2475.1762313842773,0.03720855712890625,0.49591064453125,0.12109375,25.0,330.0,330.0
Q00373__clean,Q00373,1,,mystrikingly.com,data/qr_images/Q00373.png,none,none,4,1,http://site-2807402-7190-6233.mystrikingly.com/rfrekkke,opencv,exact,55,39,9,0,2,1,3,15,0.2727272727272727,3,0,0,0,0,0,1,0,0,0,0,0,0,4.667101304158399,0,0,0,0,0,0,0,1.0,0.6555590461282169,0.46548170689449786,0.34148406982421875,1.0,3589.4602584838867,0.05266571044921875,0.30517578125,0.09765625,33.0,410.0,410.0
Q00374__clean,Q00374,1,,scancity.am,data/qr_images/Q00374.png,none,none,5,1,http://www.scancity.am/tmp/ibxolb/ibxolb/login/index-html/login/,opencv,exact,64,15,42,0,2,1,1,0,0.0,1,0,0,0,0,0,6,0,0,0,0,0,0,4.163702445739504,1,1,0,0,0,0,0,1.0,0.6533148672066483,0.46479304379084824,0.3431243896484375,1.0,4164.652854919434,0.060047149658203125,0.49591064453125,0.08984375,37.0,450.0,450.0
Q00375__clean,Q00375,1,,com-devicealert.com,data/qr_images/Q00375.png,none,none,3,1,http://apple.com-devicealert.com/dPZVa,opencv,exact,38,25,6,0,2,1,1,0,0.0,1,0,0,0,0,0,1,0,0,0,0,0,0,4.14860021052734,0,0,0,0,0,0,0,1.0,0.687358497170841,0.4553303794598505,0.31468963623046875,1.0,3020.19189453125,0.04415130615234375,0.49591064453125,0.107421875,29.0,370.0,370.0
Q00376__clean,Q00376,0,,jacobspillow.org,data/qr_images/Q00376.png,none,none,3,1,https://www.jacobspillow.org/,opencv,exact,29,20,1,0,2,1,0,0,0.0,0,0,0,0,0,0,0,0,1,0,0,0,0,3.909368063943885,0,0,0,0,0,0,0,1.0,0.6764065013212316,0.4594401326245493,0.32526397705078125,1.0,3103.7501220703125,0.045551300048828125,0.3814697265625,0.107421875,29.0,370.0,370.0
Q00377__clean,Q00377,1,,prefabbricatipanozzo.it,data/qr_images/Q00377.png,none,none,5,1,http://prefabbricatipanozzo.it/media/editors/codemirror/css/europa,opencv,exact,66,23,36,0,1,0,0,0,0.0,0,0,0,0,0,0,5,0,0,0,0,0,0,4.0229380156120715,0,0,0,0,0,0,0,1.0,0.6483788882984834,0.46655069025346346,0.3488883972167969,1.0,4139.34627532959,0.059604644775390625,0.6103515625,0.08984375,37.0,450.0,450.0
Q00378__clean,Q00378,1,,e-monsite.com,data/qr_images/Q00378.png,none,none,4,1,http://chantale.e-monsite.com/pages/page.html,opencv,exact,45,22,16,0,3,1,1,0,0.0,1,0,0,0,0,0,2,0,0,0,0,0,0,3.9309901861623966,0,0,0,0,0,0,0,1.0,0.660913325291054,0.4637174280283172,0.33713531494140625,1.0,3508.5017700195312,0.051853179931640625,0.41961669921875,0.09765625,33.0,410.0,410.0
Q00379__clean,Q00379,1,,acsbap.com,data/qr_images/Q00379.png,none,none,4,1,https://acsbap.com/apps/ace/?render=true&website=chase.com,opencv,exact,58,10,10,29,2,0,0,0,0.0,4,0,1,2,1,0,2,2,1,0,0,0,0,4.153757997639402,0,0,0,0,0,0,0,1.0,0.6644817277496936,0.462439301785654,0.3334465026855469,1.0,3514.2797470092773,0.0519256591796875,0.64849853515625,0.09765625,33.0,410.0,410.0
Q00380__clean,Q00380,1,,furmanpartners.ru,data/qr_images/Q00380.png,none,none,4,1,http://www.furmanpartners.ru/Slider/js/Outlook.html,opencv,exact,51,21,23,0,3,1,0,0,0.0,0,0,0,0,0,0,3,0,0,0,0,0,0,4.302847470756509,0,0,0,0,0,0,0,1.0,0.6603174845377604,0.4638867612223994,0.3364830017089844,1.0,3598.5571060180664,0.052600860595703125,0.457763671875,0.09765625,33.0,410.0,410.0
Q00381__clean,Q00381,0,,queen-of-theme-party-games.com,data/qr_images/Q00381.png,none,none,5,1,http://www.queen-of-theme-party-games.com/mickey-mouse-birthday-party-ideas.html,opencv,exact,80,34,39,0,3,1,8,0,0.0,8,0,0,0,0,0,1,0,0,0,0,0,0,4.386803095506428,0,0,0,0,0,0,0,1.0,0.6404747458065257,0.4688225577646506,0.35614013671875,1.0,4035.779899597168,0.05942535400390625,0.6103515625,0.08984375,37.0,450.0,450.0
Q00382__clean,Q00382,0,,bluesheepdog.com,data/qr_images/Q00382.png,none,none,5,1,http://www.bluesheepdog.com/smith-and-wesson-bodyguard-380-review/,opencv,exact,66,20,39,0,2,1,5,3,0.045454545454545456,5,0,0,0,0,0,1,0,0,0,0,0,0,4.525623953335311,0,0,0,0,0,0,0,1.0,0.6473858552820543,0.467141027590493,0.34949493408203125,1.0,4012.70352935791,0.058086395263671875,0.49591064453125,0.08984375,37.0,450.0,450.0
Q00383__clean,Q00383,1,,nitadecualumni.com,data/qr_images/Q00383.png,none,none,3,1,http://www.nitadecualumni.com/?a,opencv,exact,32,22,1,1,2,1,0,0,0.0,1,0,1,0,0,0,0,1,0,0,0,0,0,4.030639062229566,0,0,0,0,0,0,0,1.0,0.6932030023313036,0.452670616614842,0.3089141845703125,1.0,3085.2735137939453,0.045169830322265625,0.57220458984375,0.107421875,29.0,370.0,370.0
Q00384__clean,Q00384,1,,oldstyle.ro,data/qr_images/Q00384.png,none,none,2,1,https://oldstyle.ro/a,opencv,exact,21,11,2,0,1,0,0,0,0.0,0,0,0,0,0,0,1,0,1,0,0,0,0,3.6537567082870006,0,0,0,0,0,0,0,1.0,0.6951197904698989,0.45326329585652286,0.3087882995605469,1.0,2574.565383911133,0.0380401611328125,0.41961669921875,0.12109375,25.0,330.0,330.0
Q00385__clean,Q00385,0,,guidetoonlineschools.com,data/qr_images/Q00385.png,none,none,4,1,http://www.guidetoonlineschools.com/graphic_design,opencv,exact,50,28,15,0,2,1,0,0,0.0,1,0,0,0,0,0,1,0,0,0,0,0,0,4.235783629896564,0,0,0,0,0,0,0,1.0,0.6704300225949755,0.4604445230430519,0.32611846923828125,1.0,3485.269821166992,0.051273345947265625,0.64849853515625,0.09765625,33.0,410.0,410.0
Q00386__clean,Q00386,0,,reference.com,data/qr_images/Q00386.png,none,none,6,1,https://www.reference.com/world-view/did-voltaire-contribute-enlightenment-d966c49adb9f69af,opencv,exact,91,17,66,0,2,1,5,8,0.08791208791208792,5,0,0,0,0,0,2,0,1,0,0,0,0,4.4907819120827455,0,0,0,0,0,0,0,1.0,0.644297207103056,0.4666211885268102,0.35492706298828125,1.0,4745.574668884277,0.06689834594726562,0.64849853515625,0.08203125,41.0,490.0,490.0
Q00387__clean,Q00387,1,,inqserve.com,data/qr_images/Q00387.png,none,none,5,1,http://inqserve.com/wp/wp-admin/network/FR-FR6963IMPOTSGOUV4/espace/sms2.html,opencv,exact,77,12,58,0,2,0,2,6,0.07792207792207792,2,0,0,0,0,0,6,0,0,0,0,0,0,4.9535473786330355,0,0,0,0,0,0,0,1.0,0.6572652928969439,0.4634605851194255,0.33905792236328125,1.0,4038.289390563965,0.059299468994140625,0.457763671875,0.08984375,37.0,450.0,450.0
Q00388__clean,Q00388,0,,planetparfum.com,data/qr_images/Q00388.png,none,none,3,1,https://www.planetparfum.com,opencv,exact,28,20,0,0,2,1,0,0,0.0,0,0,0,0,0,0,0,0,1,0,0,0,0,4.01218840396866,0,0,0,0,0,0,0,1.0,0.68078426286286,0.4578344269860223,0.32137298583984375,1.0,3073.4552688598633,0.0449676513671875,0.3814697265625,0.107421875,29.0,370.0,370.0
Q00389__clean,Q00389,1,,sexologistdoctors.com,data/qr_images/Q00389.png,none,none,8,1,http://www.sexologistdoctors.com/wp-content/plugins/c8OwDoeFa3023jxTL23h4L7gWle1DK1x/45extracted/chronopost.fr/suivi/accueil/xytu5mtk=/ifram1.php,opencv,exact,145,25,113,0,4,1,1,15,0.10344827586206896,2,0,0,1,0,0,9,0,0,0,0,0,0,5.005039728233954,0,0,0,0,0,0,0,1.0,0.6084914263556985,0.4716869868608913,0.3910179138183594,1.0,5182.1123123168945,0.08245468139648438,0.762939453125,0.0703125,49.0,570.0,570.0
Q00390__clean,Q00390,1,,clearpointsupplies.com,data/qr_images/Q00390.png,none,none,5,1,http://attention.solution.valid.clearpointsupplies.com/klhv8yofibkjvjhv3g4554y45y54/,opencv,exact,84,47,30,0,4,3,0,10,0.11904761904761904,0,0,0,0,0,0,1,0,0,0,0,0,0,4.605947036489341,0,0,0,0,0,0,0,1.0,0.6434364917231541,0.4676369732908014,0.35280609130859375,1.0,4230.477111816406,0.061328887939453125,0.457763671875,0.08984375,37.0,450.0,450.0
Q00391__clean,Q00391,1,,jalisco.gob.mx,data/qr_images/Q00391.png,none,none,5,1,http://plataformaeducativa.se.jalisco.gob.mx/elpunto/misc/msci/,opencv_aruco,exact,63,37,19,0,4,2,0,0,0.0,0,0,0,0,0,0,3,0,0,0,0,0,0,4.28055209826847,0,0,0,0,0,0,0,1.0,0.6503502640069699,0.4659232294032942,0.3467521667480469,1.0,4089.1920166015625,0.059276580810546875,0.5340576171875,0.08984375,37.0,450.0,450.0
Q00392__clean,Q00392,0,,yellohvillage.de,data/qr_images/Q00392.png,none,none,3,1,https://www.yellohvillage.de/,opencv,exact,29,20,1,0,2,1,0,0,0.0,0,0,0,0,0,0,0,0,1,0,0,0,0,3.8833374604210067,0,0,0,0,0,0,0,1.0,0.6880930582682292,0.45496597001830064,0.31383514404296875,1.0,3184.134735107422,0.04541778564453125,0.72479248046875,0.107421875,29.0,370.0,370.0
Q00393__clean,Q00393,0,,inquirelive.co.uk,data/qr_images/Q00393.png,none,none,3,1,http://www.inquirelive.co.uk/,opencv,exact,29,21,1,0,3,1,0,0,0.0,0,0,0,0,0,0,0,0,0,0,0,0,0,3.9952378913808873,0,0,0,0,0,0,0,1.0,0.6902809143066406,0.4537543818411755,0.31169891357421875,1.0,3190.669723510742,0.0461883544921875,0.57220458984375,0.107421875,29.0,370.0,370.0
Q00394__clean,Q00394,0,,samaco.com.sa,data/qr_images/Q00394.png,none,none,2,1,http://samaco.com.sa,opencv,exact,20,13,0,0,2,0,0,0,0.0,0,0,0,0,0,0,0,0,0,0,0,0,0,3.3841837197791884,0,0,0,0,0,0,0,1.0,0.6859376047171798,0.45697728762317863,0.3181800842285156,1.0,2541.849967956543,0.038135528564453125,0.41961669921875,0.12109375,25.0,330.0,330.0
Q00395__clean,Q00395,0,,typenetwork.com,data/qr_images/Q00395.png,none,none,3,1,https://www.typenetwork.com/,opencv,exact,28,19,1,0,2,1,0,0,0.0,0,0,0,0,0,0,0,0,1,0,0,0,0,3.780394654123194,0,0,0,0,0,0,0,1.0,0.6829786412856158,0.4568463683803695,0.3188667297363281,1.0,3106.057083129883,0.045398712158203125,0.5340576171875,0.107421875,29.0,370.0,370.0
Q00396__clean,Q00396,1,,centromusicalpaternense.es,data/qr_images/Q00396.png,none,none,4,1,https://www.centromusicalpaternense.es/wp-includes/css/,opencv,exact,55,30,17,0,2,1,1,0,0.0,1,0,0,0,0,0,2,0,1,0,0,0,0,4.044527214700469,0,0,0,0,0,0,0,1.0,0.6615082834281173,0.46344648901676444,0.3362007141113281,1.0,3662.029960632324,0.052959442138671875,0.57220458984375,0.09765625,33.0,410.0,410.0
Q00397__clean,Q00397,1,,blogspot.it,data/qr_images/Q00397.png,none,none,6,1,http://creditiperhabbogratissicuro100.blogspot.it/2011/02/habbo-crediti-gratis-sicuro-100.html,opencv,exact,94,42,45,0,3,1,4,12,0.1276595744680851,4,0,0,0,0,0,3,0,0,0,0,0,0,4.325034001454413,0,0,0,0,0,0,0,1.0,0.6472112618240655,0.4658223762405849,0.3524360656738281,1.0,4755.798973083496,0.06653594970703125,0.41961669921875,0.08203125,41.0,490.0,490.0
Q00398__clean,Q00398,0,,tuparada.com,data/qr_images/Q00398.png,none,none,3,1,https://www.tuparada.com/default.aspx,opencv,exact,37,16,13,0,3,1,0,0,0.0,0,0,0,0,0,0,1,0,1,0,0,0,0,4.003259028248121,0,0,0,0,0,0,0,1.0,0.6690997852998621,0.462284624316738,0.3331565856933594,1.0,3027.1578979492188,0.044742584228515625,0.5340576171875,0.107421875,29.0,370.0,370.0
Q00399__clean,Q00399,0,,master.com.mx,data/qr_images/Q00399.png,none,none,2,1,http://master.com.mx,opencv,exact,20,13,0,0,2,0,0,0,0.0,0,0,0,0,0,0,0,0,0,0,0,0,0,3.6464393446710153,0,0,0,0,0,0,0,1.0,0.7033850576363357,0.44939928386831945,0.3001899719238281,1.0,2591.112480163574,0.03870391845703125,0.34332275390625,0.12109375,25.0,330.0,330.0
Q00400__clean,Q00400,0,,ancientegyptonline.co.uk,data/qr_images/Q00400.png,none,none,3,1,https://www.ancientegyptonline.co.uk/,opencv,exact,37,28,1,0,3,1,0,0,0.0,0,0,0,0,0,0,0,0,1,0,0,0,0,4.046762824854522,0,0,0,0,0,0,0,1.0,0.6859016568053002,0.4557910506395559,0.3156929016113281,1.0,3165.0449295043945,0.045490264892578125,0.41961669921875,0.107421875,29.0,370.0,370.0
Q00401__clean,Q00401,0,,apple.com,data/qr_images/Q00401.png,none,none,4,1,https://itunes.apple.com/us/app/fox-sports-go/id711074743?mt=8,opencv,exact,62,16,33,4,2,1,2,10,0.16129032258064516,4,0,1,1,0,0,4,1,1,0,0,0,0,4.583329883617666,0,0,0,0,0,0,0,1.0,0.6484198027966069,0.4679108840829128,0.3487548828125,1.0,3657.2865676879883,0.05283355712890625,0.49591064453125,0.09765625,33.0,410.0,410.0
Q00402__clean,Q00402,0,,sihle.com,data/qr_images/Q00402.png,none,none,2,1,https://www.sihle.com/,opencv,exact,22,13,1,0,2,1,0,0,0.0,0,0,0,0,0,0,0,0,1,0,0,0,0,3.6635327548042538,0,0,0,0,0,0,0,1.0,0.6951173969343597,0.45309831400284994,0.308502197265625,1.0,2557.979202270508,0.038425445556640625,0.5340576171875,0.12109375,25.0,330.0,330.0
Q00403__clean,Q00403,0,,conti.waw.pl,data/qr_images/Q00403.png,none,none,2,1,http://www.conti.waw.pl/,opencv,exact,24,16,1,0,3,1,0,0,0.0,0,0,0,0,0,0,0,0,0,0,0,0,0,3.423533209849189,0,0,0,0,0,0,0,1.0,0.7070581922344134,0.4480153011240374,0.2963447570800781,1.0,2509.330711364746,0.037326812744140625,0.6103515625,0.12109375,25.0,330.0,330.0
Q00404__clean,Q00404,0,,metro.cz,data/qr_images/Q00404.png,none,none,2,1,http://www.metro.cz/,opencv,exact,20,12,1,0,2,1,0,0,0.0,0,0,0,0,0,0,0,0,0,0,0,0,0,3.5086949695628418,0,0,0,0,0,0,0,1.0,0.6942027222876456,0.45381783937651426,0.30928802490234375,1.0,2489.9138107299805,0.037052154541015625,0.34332275390625,0.12109375,25.0,330.0,330.0
Q00405__clean,Q00405,1,,min.bz,data/qr_images/Q00405.png,none,none,2,1,http://min.bz/r/7671859,opencv,exact,23,6,10,0,1,0,0,7,0.30434782608695654,0,0,0,0,0,0,2,0,0,0,0,0,0,4.001822825622231,0,0,0,0,0,0,0,1.0,0.7070582071940105,0.44768492831092754,0.29644012451171875,1.0,2579.1947631835938,0.03863525390625,0.457763671875,0.12109375,25.0,330.0,330.0
Q00406__clean,Q00406,1,,22web.org,data/qr_images/Q00406.png,none,none,4,1,http://community-diskussionsforen-ebay-de-t11.22web.org/,opencv,exact,56,48,1,0,2,1,4,4,0.07142857142857142,4,0,0,0,0,0,0,0,0,0,0,0,0,4.516914520155991,0,0,0,0,0,0,0,1.0,0.6722143285414752,0.4595877929842948,0.3253822326660156,1.0,3618.8108444213867,0.052734375,0.457763671875,0.09765625,33.0,410.0,410.0
Q00407__clean,Q00407,0,,ethermanage.com,data/qr_images/Q00407.png,none,none,4,1,http://www.ethermanage.com/ethernet/pdf/dell-auto-neg.pdf,opencv,exact,57,19,31,0,3,1,2,0,0.0,2,0,0,0,0,0,3,0,0,0,0,0,0,4.1065105756751255,0,0,0,0,0,0,0,1.0,0.6698366651348039,0.46098123641723465,0.3274269104003906,1.0,3478.445358276367,0.050380706787109375,0.5340576171875,0.09765625,33.0,410.0,410.0
Q00408__clean,Q00408,1,,sharepoint.com,data/qr_images/Q00408.png,none,none,8,1,https://synovasa-my.sharepoint.com/:b:/g/personal/tatiana_boillat_synova_ch/EUeepMli5aZEpIsT-4tz7BYBt7qPUaFA6t_EWW2emC2SKw?e=y2wsSR/,opencv,exact,132,26,88,9,2,1,2,8,0.06060606060606061,8,0,1,1,0,0,5,1,1,0,0,0,0,5.161088503552877,0,0,0,0,0,0,0,1.0,0.6121844572179458,0.4714255674736845,0.38765716552734375,1.0,4953.593635559082,0.07924652099609375,0.95367431640625,0.0703125,49.0,570.0,570.0
Q00409__clean,Q00409,1,,seapost.com.ua,data/qr_images/Q00409.png,none,none,4,1,http://seapost.com.ua/img/Customerservicetill.htm,opencv,exact,49,14,28,0,3,0,0,0,0.0,0,0,0,0,0,0,2,0,0,0,0,0,0,4.068292752057711,0,0,0,0,0,0,0,1.0,0.6555588965322457,0.46537499861194964,0.3412513732910156,1.0,3656.19490814209,0.053249359130859375,0.3814697265625,0.09765625,33.0,410.0,410.0
Q00410__clean,Q00410,0,,vdoe.de,data/qr_images/Q00410.png,none,none,2,1,https://www.vdoe.de/,opencv,exact,20,11,1,0,2,1,0,0,0.0,0,0,0,0,0,0,0,0,1,0,0,0,0,3.4464393446710146,0,0,0,0,0,0,0,1.0,0.6969544205011106,0.4523951954971862,0.3066139221191406,1.0,2544.899215698242,0.038116455078125,0.3814697265625,0.12109375,25.0,330.0,330.0
Q00411__clean,Q00411,0,,homeandlearn.co.uk,data/qr_images/Q00411.png,none,none,4,1,http://www.homeandlearn.co.uk/NET/nets4p10.html,opencv,exact,47,22,18,0,4,1,0,3,0.06382978723404255,0,0,0,0,0,0,2,0,0,0,0,0,0,4.4265133195786195,0,0,0,0,0,0,0,1.0,0.6704318027870327,0.4603717563386567,0.3265724182128906,1.0,3585.686668395996,0.05239105224609375,0.6866455078125,0.09765625,33.0,410.0,410.0
Q00412__clean,Q00412,1,,2933517.com,data/qr_images/Q00412.png,none,none,3,1,http://2933517.com/js/index.htm,opencv,exact,31,11,13,0,2,0,0,7,0.22580645161290322,0,0,0,0,0,0,2,0,0,0,0,0,0,4.284683810317086,0,0,0,0,0,0,0,1.0,0.6888229968501073,0.4548589440045069,0.31391143798828125,1.0,3035.6108169555664,0.043975830078125,0.64849853515625,0.107421875,29.0,370.0,370.0
Q00413__clean,Q00413,0,,gyu-kaku.com,data/qr_images/Q00413.png,none,none,2,1,https://www.gyu-kaku.com/,opencv,exact,25,16,1,0,2,1,1,0,0.0,1,0,0,0,0,0,0,0,1,0,0,0,0,3.943465189601646,0,0,0,0,0,0,0,1.0,0.7116504145603554,0.4456720070443274,0.2916679382324219,1.0,2551.307418823242,0.0380859375,0.41961669921875,0.12109375,25.0,330.0,330.0
Q00414__clean,Q00414,0,,alsako.com,data/qr_images/Q00414.png,none,none,2,1,https://www.alsako.com/,opencv,exact,23,14,1,0,2,1,0,0,0.0,0,0,0,0,0,0,0,0,1,0,0,0,0,3.6753108689123644,0,0,0,0,0,0,0,1.0,0.6822648590686274,0.45868745142523526,0.32215118408203125,1.0,2549.300407409668,0.037647247314453125,0.457763671875,0.12109375,25.0,330.0,330.0
Q00415__clean,Q00415,1,,editey.com,data/qr_images/Q00415.png,none,none,5,1,https://web.editey.com/1FZNM_owG_ZHj_cvZly3IK5_bmYm0xrI_/index.html,opencv,exact,67,14,45,0,3,1,0,4,0.05970149253731343,5,0,0,0,0,0,2,0,1,0,0,0,0,4.94490388480458,0,0,0,0,0,0,0,1.0,0.6414617800245098,0.4689724970927331,0.3547706604003906,1.0,3864.904457092285,0.0570526123046875,0.41961669921875,0.08984375,37.0,450.0,450.0
Q00416__clean,Q00416,0,,ftp-mac.com,data/qr_images/Q00416.png,none,none,2,1,https://ftp-mac.com/,opencv,exact,20,11,1,0,1,0,1,0,0.0,1,0,0,0,0,0,0,0,1,0,0,0,0,3.546439344671015,0,0,0,0,0,0,0,1.0,0.7006309509277344,0.45085133832326574,0.3036003112792969,1.0,2557.0399017333984,0.037937164306640625,0.5340576171875,0.12109375,25.0,330.0,330.0
Q00417__clean,Q00417,0,,historyvshollywood.com,data/qr_images/Q00417.png,none,none,4,1,http://www.historyvshollywood.com/reelfaces/bridge-of-spies/,opencv,exact,60,26,27,0,2,1,2,0,0.0,2,0,0,0,0,0,2,0,0,0,0,0,0,4.305005029967607,0,0,0,0,0,0,0,1.0,0.6609123529172412,0.463676382705612,0.3366279602050781,1.0,3601.955047607422,0.052490234375,0.49591064453125,0.09765625,33.0,410.0,410.0
Q00418__clean,Q00418,0,,beowolfproductions.com,data/qr_images/Q00418.png,none,none,4,1,http://www.beowolfproductions.com/LordMantis-DeathMask.html,opencv,exact,59,26,26,0,3,1,1,0,0.0,1,0,0,0,0,0,1,0,0,0,0,0,0,4.479355125303006,0,0,0,0,0,0,0,1.0,0.6621007881912531,0.46372719208537994,0.3347434997558594,1.0,3546.1379165649414,0.050868988037109375,0.41961669921875,0.09765625,33.0,410.0,410.0
Q00419__clean,Q00419,1,,dukhovnist.in.ua,data/qr_images/Q00419.png,none,none,3,1,http://dukhovnist.in.ua/includes/ourtime,opencv,exact,40,16,17,0,2,0,0,0,0.0,0,0,0,0,0,0,2,0,0,0,0,0,0,4.103055907333275,0,0,0,0,0,0,0,1.0,0.6676395939845665,0.4631219022317575,0.3340873718261719,1.0,3020.008758544922,0.043819427490234375,0.457763671875,0.107421875,29.0,370.0,370.0
Q00420__clean,Q00420,0,,great-lakes-sailing.com,data/qr_images/Q00420.png,none,none,4,1,http://www.great-lakes-sailing.com/lorain_ohio.html,opencv,exact,51,27,17,0,3,1,2,0,0.0,3,0,0,0,0,0,1,0,0,0,0,0,0,4.2406694594488705,0,0,0,0,0,0,0,1.0,0.6579373827167586,0.4644801994974118,0.339141845703125,1.0,3659.763359069824,0.053447723388671875,0.57220458984375,0.09765625,33.0,410.0,410.0
Q00421__clean,Q00421,0,,huile-de-ricin.fr,data/qr_images/Q00421.png,none,none,3,1,https://www.huile-de-ricin.fr/,opencv,exact,30,21,1,0,2,1,2,0,0.0,2,0,0,0,0,0,0,0,1,0,0,0,0,4.031401845392171,0,0,0,0,0,0,0,1.0,0.6800584980085784,0.45821052481500407,0.32151031494140625,1.0,3143.807388305664,0.0450439453125,0.49591064453125,0.107421875,29.0,370.0,370.0
Q00422__clean,Q00422,1,,eventhotel.hu,data/qr_images/Q00422.png,none,none,3,1,http://eventhotel.hu/dpbx/dpbx/index.htm,opencv,exact,40,13,20,0,2,0,0,0,0.0,0,0,0,0,0,0,3,0,0,0,0,0,0,3.834829508503261,0,0,0,0,0,0,0,1.0,0.691742811016008,0.45352690037114374,0.3104896545410156,1.0,2980.4494857788086,0.043933868408203125,0.64849853515625,0.107421875,29.0,370.0,370.0
Q00423__clean,Q00423,0,,answers.com,data/qr_images/Q00423.png,none,none,4,1,http://www.answers.com/Q/What_does_latency_mean,opencv,exact,47,15,25,0,2,1,0,0,0.0,3,0,0,0,0,0,2,0,0,0,0,0,0,4.187255606858693,0,0,0,0,0,0,0,1.0,0.660317679012523,0.463769648589427,0.3362007141113281,1.0,3696.8132400512695,0.053493499755859375,0.41961669921875,0.09765625,33.0,410.0,410.0
Q00424__clean,Q00424,1,,costaulloa.com,data/qr_images/Q00424.png,none,none,3,1,http://www.costaulloa.com/img/,opencv,exact,30,18,5,0,2,1,0,0,0.0,0,0,0,0,0,0,1,0,0,0,0,0,0,3.8314018453921714,0,0,0,0,0,0,0,1.0,0.6771330291149663,0.4592553832374312,0.3248100280761719,1.0,3150.3718872070312,0.0454559326171875,0.457763671875,0.107421875,29.0,370.0,370.0
Q00425__clean,Q00425,1,,bellailusi.com.my,data/qr_images/Q00425.png,none,none,7,1,http://bellailusi.com.my/paypal.co.uk.signin.returnUri.https.www.paypal.com.2Fcgi-bin.2Fwebscr.3fcmd.3d_upd-exp.26wid.html,opencv,exact,122,17,98,0,16,0,2,6,0.04918032786885246,3,0,0,0,0,0,1,0,0,0,0,0,0,4.652970358470491,1,0,0,0,0,0,0,1.0,0.6247861974379596,0.46999452910963047,0.37316131591796875,1.0,5276.782501220703,0.07628250122070312,0.87738037109375,0.076171875,45.0,530.0,530.0
Q00426__clean,Q00426,1,,my3-account.com,data/qr_images/Q00426.png,none,none,3,1,https://my3-account.com/three/,opencv,exact,30,15,7,0,1,0,1,1,0.03333333333333333,1,0,0,0,0,0,1,0,1,0,0,0,0,3.948394345536403,1,0,0,1,0,0,0,1.0,0.671291306439568,0.46117412338909264,0.33095550537109375,1.0,3217.584327697754,0.0465240478515625,0.3814697265625,0.107421875,29.0,370.0,370.0
Q00427__clean,Q00427,1,,granhongo.com,data/qr_images/Q00427.png,none,none,7,1,http://granhongo.com/wp-includes/Login/customer_center/customer-IDPP00C824/myaccount/identity/?cmd=_session=US,opencv,exact,110,13,74,15,1,0,2,5,0.045454545454545456,7,0,1,2,0,0,6,1,0,0,0,0,0,4.722999346025464,2,1,0,1,0,0,0,1.0,0.616948954264323,0.47269994669677,0.3807563781738281,1.0,4970.267219543457,0.07238006591796875,0.762939453125,0.076171875,45.0,530.0,530.0
Q00428__clean,Q00428,1,,cicak2.com.au,data/qr_images/Q00428.png,none,none,4,1,http://cicak2.com.au/assets/74c5d34d/error.html,opencv,exact,47,13,27,0,3,0,0,6,0.1276595744680851,0,0,0,0,0,0,3,0,0,0,0,0,0,4.307159266931026,0,0,0,0,0,0,0,1.0,0.6716214647480085,0.45968373534803986,0.3258094787597656,1.0,3546.532272338867,0.052585601806640625,0.41961669921875,0.09765625,33.0,410.0,410.0
Q00429__clean,Q00429,1,,laviosaviaggi.com,data/qr_images/Q00429.png,none,none,4,1,http://www.laviosaviaggi.com/ver/webapps/2635a/websrc,opencv,exact,53,21,25,0,2,1,0,4,0.07547169811320754,0,0,0,0,0,0,4,0,0,0,0,0,0,4.284458313732673,0,0,0,0,0,0,0,1.0,0.6567497702205882,0.4647790335976439,0.3409461975097656,1.0,3777.174819946289,0.054439544677734375,0.6103515625,0.09765625,33.0,410.0,410.0
Q00430__clean,Q00430,0,,dostigator.guru,data/qr_images/Q00430.png,none,none,2,1,http://dostigator.guru,opencv,exact,22,15,0,0,1,0,0,0,0.0,0,0,0,0,0,0,0,0,0,0,0,0,0,3.6412498004554785,0,0,0,0,0,0,0,1.0,0.6841002669988894,0.4577999480020458,0.32030487060546875,1.0,2552.0376739501953,0.038036346435546875,0.3814697265625,0.12109375,25.0,330.0,330.0
Q00431__clean,Q00431,1,,vegapages.com,data/qr_images/Q00431.png,none,none,3,1,http://www.vegapages.com/yahoo/yahoo/,opencv,exact,37,17,13,0,2,1,0,0,0.0,0,0,0,0,0,0,2,0,0,0,0,0,0,3.7843437452721784,0,0,0,0,0,0,0,1.0,0.6910141888786765,0.45370825481795984,0.3104972839355469,1.0,3138.367347717285,0.045253753662109375,0.49591064453125,0.107421875,29.0,370.0,370.0
Q00432__clean,Q00432,1,,horstmicket.com,data/qr_images/Q00432.png,none,none,3,1,https://www.horstmicket.com/images/img/,opencv,exact,39,19,12,0,2,1,0,0,0.0,0,0,0,0,0,0,2,0,1,0,0,0,0,3.9040098347359096,0,0,0,0,0,0,0,1.0,0.6720242369408701,0.46125539276653466,0.32978057861328125,1.0,3129.45694732666,0.045131683349609375,0.57220458984375,0.107421875,29.0,370.0,370.0
Q00433__clean,Q00433,0,,quick-step.com.au,data/qr_images/Q00433.png,none,none,3,1,https://www.quick-step.com.au/en-au,opencv,exact,35,21,6,0,3,1,2,0,0.0,2,0,0,0,0,0,1,0,1,0,0,0,0,4.107156230921613,0,0,0,0,0,0,0,1.0,0.6902829936906403,0.4538244908963184,0.3116035461425781,1.0,3228.815231323242,0.04628753662109375,0.49591064453125,0.107421875,29.0,370.0,370.0
Q00434__clean,Q00434,1,,monclershop.top,data/qr_images/Q00434.png,none,none,2,1,http://es.monclershop.top,opencv,exact,25,18,0,0,2,1,0,0,0.0,0,0,0,0,0,0,0,0,0,0,0,0,0,3.6732696895151076,0,0,0,0,0,0,0,1.0,0.6841000725241269,0.45765568811816076,0.3200836181640625,1.0,2645.0534439086914,0.03911590576171875,0.3814697265625,0.12109375,25.0,330.0,330.0
Q00435__clean,Q00435,1,,shadetreetechnology.com,data/qr_images/Q00435.png,none,none,5,1,http://shadetreetechnology.com/V4/validation/c7578a7b6e0567d782b0df995a951de3,opencv,exact,77,23,47,0,1,0,0,22,0.2857142857142857,0,0,0,0,0,0,3,0,0,0,0,0,0,4.7366223863702075,0,0,0,0,0,0,0,1.0,0.6463996288823146,0.46720646995976456,0.3507881164550781,1.0,4042.24072265625,0.058868408203125,0.57220458984375,0.08984375,37.0,450.0,450.0
Q00436__clean,Q00436,1,,chinesebiznews.com,data/qr_images/Q00436.png,none,none,10,1,https://flips.chinesebiznews.com/mpdf/iccprofiles/wnounou_2j2993morcov73_dUlceat3688_73.n7739-97366368_jn66382/n63_00836cApsuNi7390066612_733.cb6663822877v3d/m6638_dss.73hN66638_1qa_jhst6638-n553vvdr55636.php,opencv,exact,208,24,176,0,6,1,2,85,0.40865384615384615,11,0,0,0,0,0,5,0,1,0,0,0,0,4.857493222342761,0,0,0,0,0,0,0,1.0,0.6151336819517846,0.4680560775524233,0.3824501037597656,1.0,7223.844482421875,0.09932327270507812,0.80108642578125,0.060546875,57.0,650.0,650.0
Q00437__clean,Q00437,0,,phorsa.com,data/qr_images/Q00437.png,none,none,2,1,https://www.phorsa.com/,opencv,exact,23,14,1,0,2,1,0,0,0.0,0,0,0,0,0,0,0,0,1,0,0,0,0,3.588354347173234,0,0,0,0,0,0,0,1.0,0.6822640961291744,0.4585102884837656,0.32173919677734375,1.0,2561.026054382324,0.0381927490234375,0.34332275390625,0.12109375,25.0,330.0,330.0
Q00438__clean,Q00438,0,,linksys.com,data/qr_images/Q00438.png,none,none,3,1,http://ui.linksys.com/BEFCMUH4/twc/,opencv,exact,35,14,14,0,2,1,0,1,0.02857142857142857,0,0,0,0,0,0,2,0,0,0,0,0,0,4.433153646184956,0,0,0,0,0,0,0,1.0,0.6932020748362822,0.45306163260685767,0.3090705871582031,1.0,3102.2717361450195,0.04422760009765625,0.41961669921875,0.107421875,29.0,370.0,370.0
Q00439__clean,Q00439,1,,speedonline.fr,data/qr_images/Q00439.png,none,none,4,1,http://speedonline.fr/wp-content/plugins/index.html,opencv,exact,51,14,30,0,2,0,1,0,0.0,1,0,0,0,0,0,3,0,0,0,0,0,0,4.145984725658471,0,0,0,0,0,0,0,1.0,0.6603182624368107,0.4636678633582635,0.3369140625,1.0,3650.0834350585938,0.05332183837890625,0.457763671875,0.09765625,33.0,410.0,410.0
Q00440__clean,Q00440,0,,wikisource.org,data/qr_images/Q00440.png,none,none,5,1,https://en.wikisource.org/wiki/United_Nations_Security_Council_Resolution_678,opencv,exact,77,17,52,0,2,1,0,3,0.03896103896103896,5,0,0,0,0,0,2,0,1,0,0,0,0,4.502012885509551,0,0,0,0,0,0,0,1.0,0.6483782599954044,0.466145556369298,0.3484306335449219,1.0,4145.472297668457,0.06070709228515625,0.6103515625,0.08984375,37.0,450.0,450.0
Q00441__clean,Q00441,0,,hayalimdekiyemekler.com,data/qr_images/Q00441.png,none,none,3,1,https://www.hayalimdekiyemekler.com/,opencv,exact,36,27,1,0,2,1,0,0,0.0,0,0,0,0,0,0,0,0,1,0,0,0,0,4.107017709595357,0,0,0,0,0,0,0,1.0,0.6953978744207644,0.4515953007884318,0.3060455322265625,1.0,3175.7098999023438,0.04616546630859375,0.57220458984375,0.107421875,29.0,370.0,370.0
Q00442__clean,Q00442,1,,bit.ly,data/qr_images/Q00442.png,none,none,2,1,https://bit.ly/2E6D7J1,opencv,exact,22,6,8,0,1,0,0,4,0.18181818181818182,0,0,0,0,0,0,1,0,1,0,0,0,0,4.027169118440616,0,0,0,0,0,0,0,1.0,0.6914462519626992,0.45468501413305895,0.31268310546875,1.0,2583.6663818359375,0.038501739501953125,0.34332275390625,0.12109375,25.0,330.0,330.0
Q00443__clean,Q00443,0,,browneyedbaker.com,data/qr_images/Q00443.png,none,none,3,1,https://www.browneyedbaker.com/,opencv,exact,31,22,1,0,2,1,0,0,0.0,0,0,0,0,0,0,0,0,1,0,0,0,0,4.0667842134731025,0,0,0,0,0,0,0,1.0,0.699048973532284,0.45025179629277085,0.3022346496582031,1.0,3163.344940185547,0.045246124267578125,0.6103515625,0.107421875,29.0,370.0,370.0
Q00444__clean,Q00444,1,,org.ru,data/qr_images/Q00444.png,none,none,5,1,http://https.www.paypal.com.ttlart2012ttcysu.aylandirow.tmf.org.ru/ru/signin,opencv,exact,76,59,10,0,8,7,0,4,0.05263157894736842,0,0,0,0,0,0,2,0,0,0,0,0,0,4.304206797484486,1,0,0,0,0,0,0,1.0,0.6592362048579198,0.4628831030114263,0.3377189636230469,1.0,4107.917907714844,0.05954742431640625,0.6866455078125,0.08984375,37.0,450.0,450.0
Q00445__clean,Q00445,0,,cabinetdoorsdepot.com,data/qr_images/Q00445.png,none,none,3,1,https://www.cabinetdoorsdepot.com/,opencv,exact,34,25,1,0,2,1,0,0,0.0,0,0,0,0,0,0,0,0,1,0,0,0,0,3.9842341646524884,0,0,0,0,0,0,0,1.0,0.6866320292154948,0.4556425596738814,0.3152809143066406,1.0,3020.1995391845703,0.044193267822265625,0.49591064453125,0.107421875,29.0,370.0,370.0
Q00446__clean,Q00446,0,,bose.fi,data/qr_images/Q00446.png,none,none,3,1,https://www.bose.fi/fi_fi/index.html,opencv,exact,36,11,17,0,3,1,0,0,0.0,1,0,0,0,0,0,2,0,1,0,0,0,0,4.030493056757482,0,0,0,0,0,0,0,1.0,0.6844384436513863,0.45662765116060233,0.3178901672363281,1.0,3009.307487487793,0.043914794921875,0.762939453125,0.107421875,29.0,370.0,370.0
Q00447__clean,Q00447,1,,goldcoastships.com,data/qr_images/Q00447.png,none,none,4,1,https://goldcoastships.com/daum/daum/daaum/,opencv,exact,43,18,17,0,1,0,0,0,0.0,0,0,0,0,0,0,3,0,1,0,0,0,0,3.766169917835722,0,0,0,0,0,0,0,1.0,0.6591271493949142,0.4643178369593799,0.3377113342285156,1.0,3649.4634170532227,0.0528411865234375,0.49591064453125,0.09765625,33.0,410.0,410.0
Q00448__clean,Q00448,0,,isp1.us,data/qr_images/Q00448.png,none,none,3,1,http://isp1.us/state/washington/seattle/,opencv,exact,40,7,26,0,1,0,0,1,0.025,0,0,0,0,0,0,3,0,0,0,0,0,0,3.7149112214500133,0,0,0,0,0,0,0,1.0,0.6837107340494791,0.45652316175850305,0.3181495666503906,1.0,3252.367889404297,0.046478271484375,0.57220458984375,0.107421875,29.0,370.0,370.0
Q00449__clean,Q00449,1,,officialtobinbell.com,data/qr_images/Q00449.png,none,none,6,1,http://www.officialtobinbell.com/situasi-poker-online-indonesia-sokongan-implementasi-android-dan-ios,opencv,exact,101,25,69,0,2,1,8,0,0.0,8,0,0,0,0,0,1,0,0,0,0,0,0,4.218924578524213,0,0,0,0,0,0,0,1.0,0.6422167011335784,0.46727146707782563,0.3573455810546875,1.0,4848.839324951172,0.0675811767578125,0.64849853515625,0.08203125,41.0,490.0,490.0
Q00450__clean,Q00450,0,,trainingcesarsway.com,data/qr_images/Q00450.png,none,none,4,1,http://www.trainingcesarsway.com/courses/search-and-rescue,opencv,exact,58,25,26,0,2,1,2,0,0.0,2,0,0,0,0,0,2,0,0,0,0,0,0,4.143185962258587,0,0,0,0,0,0,0,1.0,0.6680533016429228,0.46139097982991006,0.3295631408691406,1.0,3529.0859985351562,0.051361083984375,0.5340576171875,0.09765625,33.0,410.0,410.0
Q00451__clean,Q00451,1,,209.140.29.226,data/qr_images/Q00451.png,none,none,17,1,http://209.140.29.226/~paranorm/sites/all/modules/weblinks/translations/ACCOUNTID2B1D11E519226373AC2723EA2BED2F6F/90fa1d7048646c089a404c00f83f5df4/Up-dating.php?country.x=US-United%20States&ACCT.x=ID-PPL=PA32465.155.30.101=ScrPg=dcdc2aed464a8fc21f6befc2ec81475af5238c5da26b4290de3279239f41852bS=$1$SYZ/mxYq$A0noXq9uq3Hl31VCDkLHD1Kd4DqTzJ7Ieam5QoRt2OAVWgjhZ8cpwnrEN6MuskSxvXiLP3FYUlyHBCf1bG90ZzMrtdI1KnPwN4GsyTE3VSDCpcf75vx9eHjbUoBmXJ6QWiF8hYkOaqRlguL2A011142648145,opencv,exact,464,14,139,303,9,0,3,143,0.3081896551724138,16,0,1,6,1,1,9,2,0,1,0,0,0,5.806902708157501,1,0,0,1,0,0,0,1.0,0.5823721343395757,0.4662462206798071,0.4211692810058594,1.0,11314.912734985352,0.14546966552734375,1.678466796875,0.04296875,85.0,930.0,930.0
Q00452__clean,Q00452,0,,internationalfood4u.com,data/qr_images/Q00452.png,none,none,3,1,http://www.internationalfood4u.com,opencv,exact,34,27,0,0,2,1,0,1,0.029411764705882353,0,0,0,0,0,0,0,0,0,0,0,0,0,4.101881223476018,0,0,0,0,0,0,0,1.0,0.6800551769780178,0.4580611438932626,0.32176971435546875,1.0,3191.2393646240234,0.0457763671875,0.3814697265625,0.107421875,29.0,370.0,370.0
Q00453__clean,Q00453,1,,digiprojects.top,data/qr_images/Q00453.png,none,none,5,1,https://giangua.dev.digiprojects.top/login.php?email=info@google.com,opencv,exact,68,28,10,21,5,2,0,0,0.0,3,1,1,1,0,0,1,1,1,0,0,0,0,4.338788349771154,1,1,0,0,0,0,0,1.0,0.6493626613242953,0.46606535337331795,0.34735107421875,1.0,4074.1345443725586,0.059398651123046875,0.57220458984375,0.08984375,37.0,450.0,450.0
Q00454__clean,Q00454,1,,masng.com,data/qr_images/Q00454.png,none,none,2,1,http://masng.com/,opencv,exact,17,9,1,0,1,0,0,0,0.0,0,0,0,0,0,0,0,0,0,0,0,0,0,3.572469458770136,0,0,0,0,0,0,0,1.0,0.695121929692287,0.45323222953599224,0.30859375,1.0,2533.95223236084,0.037731170654296875,0.49591064453125,0.12109375,25.0,330.0,330.0
Q00455__clean,Q00455,1,,thescrapescape.com,data/qr_images/Q00455.png,none,none,5,1,http://thescrapescape.com/cccxxxxxxxxxc/doc/doc/processing.html,opencv,exact,63,18,38,0,2,0,0,0,0.0,0,0,0,0,0,0,4,0,0,0,0,0,0,3.881831217653171,0,0,0,0,0,0,0,1.0,0.6464020373774509,0.46673832611656124,0.3501548767089844,1.0,4158.636795043945,0.060848236083984375,0.5340576171875,0.08984375,37.0,450.0,450.0
Q00456__clean,Q00456,0,,mnemonicdictionary.com,data/qr_images/Q00456.png,none,none,4,1,http://mnemonicdictionary.com/word/provenance,opencv,exact,45,22,16,0,1,0,0,0,0.0,0,0,0,0,0,0,2,0,0,0,0,0,0,3.958659352780987,0,0,0,0,0,0,0,1.0,0.6650765213311888,0.46193553285147737,0.3312644958496094,1.0,3719.8393325805664,0.0539398193359375,0.57220458984375,0.09765625,33.0,410.0,410.0
Q00457__clean,Q00457,1,,artofmine.be,data/qr_images/Q00457.png,none,none,2,1,http://artofmine.be/,opencv,exact,20,12,1,0,1,0,0,0,0.0,0,0,0,0,0,0,0,0,0,0,0,0,0,3.746439344671015,0,0,0,0,0,0,0,1.0,0.687771546606924,0.45609842976193044,0.31600189208984375,1.0,2636.970443725586,0.03916168212890625,0.30517578125,0.12109375,25.0,330.0,330.0
Q00458__clean,Q00458,1,,webador.com,data/qr_images/Q00458.png,none,none,4,1,https://reception-vocale-smsmobile.webador.com/,opencv,exact,47,38,1,0,2,1,2,0,0.0,2,0,0,0,0,0,0,0,1,0,0,0,0,4.214296969556553,0,0,0,0,0,0,0,1.0,0.6591292586981081,0.46419794721569846,0.3373756408691406,1.0,3656.9662017822266,0.053127288818359375,0.41961669921875,0.09765625,33.0,410.0,410.0
Q00459__clean,Q00459,0,,gadgetzone.com.my,data/qr_images/Q00459.png,none,none,3,1,https://www.gadgetzone.com.my/,opencv,exact,30,21,1,0,3,1,0,0,0.0,0,0,0,0,0,0,0,0,1,0,0,0,0,4.0062389286533895,0,0,0,0,0,0,0,1.0,0.6866306978113511,0.45547073440185637,0.315338134765625,1.0,3113.3853454589844,0.04518890380859375,0.57220458984375,0.107421875,29.0,370.0,370.0
Q00460__clean,Q00460,0,,tritonwear.com,data/qr_images/Q00460.png,none,none,3,1,https://www.tritonwear.com/,opencv,exact,27,18,1,0,2,1,0,0,0.0,0,0,0,0,0,0,0,0,1,0,0,0,0,3.763965742824082,0,0,0,0,0,0,0,1.0,0.6815190184350107,0.4576573135732936,0.3202705383300781,1.0,3078.588233947754,0.044696807861328125,0.64849853515625,0.107421875,29.0,370.0,370.0
Q00461__clean,Q00461,0,,directlyrics.com,data/qr_images/Q00461.png,none,none,4,1,https://www.directlyrics.com/kendrick-lamar-dna-lyrics.html,opencv,exact,59,20,31,0,3,1,3,0,0.0,3,0,0,0,0,0,1,0,1,0,0,0,0,4.268094219426564,0,0,0,0,0,0,0,1.0,0.6472296621285233,0.4679726402215118,0.34979248046875,1.0,3653.2948684692383,0.0535736083984375,0.3814697265625,0.09765625,33.0,410.0,410.0
Q00462__clean,Q00462,0,,thinclient.org,data/qr_images/Q00462.png,none,none,2,1,https://thinclient.org/,opencv,exact,23,14,1,0,1,0,0,0,0.0,0,0,0,0,0,0,0,0,1,0,0,0,0,3.708132064658602,0,0,0,0,0,0,0,1.0,0.7070588504566866,0.44805263885673674,0.29645538330078125,1.0,2539.8423461914062,0.03737640380859375,0.41961669921875,0.12109375,25.0,330.0,330.0
Q00463__clean,Q00463,1,,webcindario.com,data/qr_images/Q00463.png,none,none,8,1,http://alertasbancolom2.webcindario.com/VALIDATEPASSWORDscisCjbTnfpNmVKQgeSUxnzRLmBdbq2BSLvH8jz8T1eNjJrxD2uact4fC1fGWN1VgTRClno-back-button.html,opencv,exact,144,32,105,0,3,1,2,9,0.0625,2,0,0,0,0,0,1,0,0,0,0,0,0,5.5109791682125255,1,0,0,0,0,0,0,1.0,0.6017196804869409,0.4733989244868254,0.3980293273925781,1.0,5099.023536682129,0.08148956298828125,0.762939453125,0.0703125,49.0,570.0,570.0
Q00464__clean,Q00464,0,,multichain.com,data/qr_images/Q00464.png,none,none,3,1,https://www.multichain.com/,opencv,exact,27,18,1,0,2,1,0,0,0.0,0,0,0,0,0,0,0,0,1,0,0,0,0,3.85619629821938,0,0,0,0,0,0,0,1.0,0.690284325094784,0.45406425095334646,0.3112678527832031,1.0,3084.589942932129,0.044811248779296875,0.5340576171875,0.107421875,29.0,370.0,370.0
Q00465__clean,Q00465,0,,hostingchecker.com,data/qr_images/Q00465.png,none,none,3,1,https://www.hostingchecker.com/,opencv,exact,31,22,1,0,2,1,0,0,0.0,0,0,0,0,0,0,0,0,1,0,0,0,0,3.9292144551992183,0,0,0,0,0,0,0,1.0,0.682249241249234,0.45740769244220914,0.31927490234375,1.0,3024.752098083496,0.04436492919921875,0.49591064453125,0.107421875,29.0,370.0,370.0
Q00466__clean,Q00466,0,,riverbed.com,data/qr_images/Q00466.png,none,none,6,1,https://www.riverbed.com/products/steelcentral/steelcentral-packet-analyzer-personal-edition.html,opencv,exact,97,16,73,0,3,1,4,0,0.0,4,0,0,0,0,0,3,0,1,0,0,0,0,4.285379988815355,0,0,0,0,0,0,0,1.0,0.6476309682808671,0.4653386584618205,0.3522377014160156,1.0,4870.581253051758,0.06837844848632812,0.91552734375,0.08203125,41.0,490.0,490.0
Q00467__clean,Q00467,0,,restaurantnatsumi.nl,data/qr_images/Q00467.png,none,none,3,1,http://restaurantnatsumi.nl,opencv,exact,27,20,0,0,1,0,0,0,0.0,0,0,0,0,0,0,0,0,0,0,0,0,0,3.676390632579627,0,0,0,0,0,0,0,1.0,0.6859007442698759,0.4557849580485823,0.3164176940917969,1.0,3241.828094482422,0.045948028564453125,0.3814697265625,0.107421875,29.0,370.0,370.0
Q00468__clean,Q00468,0,,gobananas.com,data/qr_images/Q00468.png,none,none,2,1,http://www.gobananas.com/,opencv,exact,25,17,1,0,2,1,0,0,0.0,0,0,0,0,0,0,0,0,0,0,0,0,0,3.7532696895151076,0,0,0,0,0,0,0,1.0,0.7153233397240732,0.44413186529648613,0.28790283203125,1.0,2506.68595123291,0.037166595458984375,0.6103515625,0.12109375,25.0,330.0,330.0
Q00469__clean,Q00469,0,,mgtv.com,data/qr_images/Q00469.png,none,none,2,1,https://www.mgtv.com,opencv,exact,20,12,0,0,2,1,0,0,0.0,0,0,0,0,0,0,0,0,1,0,0,0,0,3.5464393446710147,0,0,0,0,0,0,0,1.0,0.6987959319469975,0.4517138264544427,0.3055686950683594,1.0,2450.192054748535,0.036983489990234375,0.49591064453125,0.12109375,25.0,330.0,330.0
Q00470__clean,Q00470,0,,ietf.org,data/qr_images/Q00470.png,none,none,4,1,http://www.ietf.org/proceedings/78/slides/tls-0/tls-0.htm,opencv,exact,57,12,38,0,3,1,2,4,0.07017543859649122,2,0,0,0,0,0,5,0,0,0,0,0,0,4.257618962553849,0,0,0,0,0,0,0,1.0,0.6555571761785769,0.4652972317057014,0.3420829772949219,1.0,3610.168212890625,0.053192138671875,0.34332275390625,0.09765625,33.0,410.0,410.0
Q00471__clean,Q00471,0,,top20sites.com,data/qr_images/Q00471.png,none,none,4,1,https://www.top20sites.com/top-bodyguard-jobs-sites,opencv,exact,51,18,25,0,2,1,3,2,0.0392156862745098,3,0,0,0,0,0,1,0,1,0,0,0,0,4.267548077427486,0,0,0,0,0,0,0,1.0,0.6674570270613128,0.461605378500916,0.33014678955078125,1.0,3608.235610961914,0.051883697509765625,0.57220458984375,0.09765625,33.0,410.0,410.0
Q00472__clean,Q00472,0,,jeyamohan.in,data/qr_images/Q00472.png,none,none,2,1,https://www.jeyamohan.in/,opencv,exact,25,16,1,0,2,1,0,0,0.0,0,0,0,0,0,0,0,0,1,0,0,0,0,3.863465189601646,0,0,0,0,0,0,0,1.0,0.6896102905273438,0.455560084253392,0.3149261474609375,1.0,2509.7286224365234,0.037815093994140625,0.57220458984375,0.12109375,25.0,330.0,330.0
Q00473__clean,Q00473,1,,free.fr,data/qr_images/Q00473.png,none,none,3,1,https://subscribes.free.fr/login/login.pl,opencv,exact,41,18,15,0,3,1,0,0,0.0,0,0,0,0,0,0,2,0,1,0,0,0,0,4.045980358012783,1,1,0,0,0,0,0,1.0,0.6807889900955499,0.45780100778843746,0.32064056396484375,1.0,3138.5485458374023,0.04549407958984375,0.64849853515625,0.107421875,29.0,370.0,370.0
Q00474__clean,Q00474,1,,iza99.com,data/qr_images/Q00474.png,none,none,6,1,http://www.iza99.com/administrator/karkar/free/free/3dc81032b57d0e9721f56b513d87cfd2/,opencv,exact,85,13,65,0,2,1,0,23,0.27058823529411763,0,0,0,0,0,0,5,0,0,0,0,0,0,4.678418183818777,0,0,0,0,0,0,0,1.0,0.6480477875354244,0.46502062171402464,0.35132598876953125,1.0,4865.971176147461,0.06880569458007812,0.6866455078125,0.08203125,41.0,490.0,490.0
Q00475__clean,Q00475,0,,hkcfp.org.hk,data/qr_images/Q00475.png,none,none,2,1,http://hkcfp.org.hk,opencv,exact,19,12,0,0,2,0,0,0,0.0,0,0,0,0,0,0,0,0,0,0,0,0,0,3.471354487013928,0,0,0,0,0,0,0,1.0,0.695120433732575,0.45347362527734447,0.3090362548828125,1.0,2494.407539367676,0.03687286376953125,0.57220458984375,0.12109375,25.0,330.0,330.0
Q00476__clean,Q00476,0,,allquests.com,data/qr_images/Q00476.png,none,none,4,1,http://www.allquests.com/question/2248296-1/,opencv,exact,44,17,20,0,2,1,1,8,0.18181818181818182,1,0,0,0,0,0,2,0,0,0,0,0,0,4.416833823616223,0,0,0,0,0,0,0,1.0,0.674594669716031,0.45871097137465705,0.322235107421875,1.0,3539.8131256103516,0.0520782470703125,0.6866455078125,0.09765625,33.0,410.0,410.0
Q00477__clean,Q00477,0,,emedicinehealth.com,data/qr_images/Q00477.png,none,none,4,1,http://www.emedicinehealth.com/neuropathy/article_em.htm,opencv,exact,56,23,26,0,3,1,0,0,0.0,1,0,0,0,0,0,2,0,0,0,0,0,0,4.0833310391293125,0,0,0,0,0,0,0,1.0,0.666267739090265,0.4616033653595255,0.3310661315917969,1.0,3622.231689453125,0.05309295654296875,0.3814697265625,0.09765625,33.0,410.0,410.0
Q00478__clean,Q00478,0,,recipecommunity.co.uk,data/qr_images/Q00478.png,none,none,3,1,https://www.recipecommunity.co.uk/,opencv,exact,34,25,1,0,3,1,0,0,0.0,0,0,0,0,0,0,0,0,1,0,0,0,0,4.035273502696889,0,0,0,0,0,0,0,1.0,0.6793261808507582,0.45866333125370723,0.3225669860839844,1.0,2953.4992294311523,0.043590545654296875,0.64849853515625,0.107421875,29.0,370.0,370.0
Q00479__clean,Q00479,1,,redehost.net,data/qr_images/Q00479.png,none,none,4,1,http://bracontabil-com-br.webap02.redehost.net,opencv,exact,46,39,0,0,3,2,2,2,0.043478260869565216,2,0,0,0,0,0,0,0,0,0,0,0,0,4.249014336859389,0,0,0,0,0,0,0,1.0,0.6739998462153416,0.45918975504512277,0.3224296569824219,1.0,3487.7428588867188,0.0511474609375,0.57220458984375,0.09765625,33.0,410.0,410.0
Q00480__clean,Q00480,1,,skechersbuty.com,data/qr_images/Q00480.png,none,none,3,1,http://www.skechersbuty.com/,opencv,exact,28,20,1,0,2,1,0,0,0.0,0,0,0,0,0,0,0,0,0,0,0,0,0,3.940759832540089,0,0,0,0,0,0,0,1.0,0.690280839508655,0.454191471021878,0.3118324279785156,1.0,3048.785713195801,0.0441131591796875,0.49591064453125,0.107421875,29.0,370.0,370.0
Q00481__clean,Q00481,1,,justlookapp.com,data/qr_images/Q00481.png,none,none,7,1,http://www.justlookapp.com/blog/wp-content/themes/storefront/assets/fonts/c8fe2373bd59b7bc5e1e8cbdf2578d45/,opencv,exact,107,19,81,0,2,1,1,17,0.1588785046728972,1,0,0,0,0,0,7,0,0,0,0,0,0,4.6146072685739075,0,0,0,0,0,0,0,1.0,0.6133914423923866,0.47342467630481155,0.38454437255859375,1.0,5130.395706176758,0.07389068603515625,0.5340576171875,0.076171875,45.0,530.0,530.0
Q00482__clean,Q00482,0,,komikgue.com,data/qr_images/Q00482.png,none,none,2,1,https://www.komikgue.com/,opencv,exact,25,16,1,0,2,1,0,0,0.0,0,0,0,0,0,0,0,0,1,0,0,0,0,3.8634651896016465,0,0,0,0,0,0,0,1.0,0.7052221709606694,0.44884959032185234,0.2986297607421875,1.0,2508.232063293457,0.0373382568359375,0.457763671875,0.12109375,25.0,330.0,330.0
Q00483__clean,Q00483,0,,baconismagic.ca,data/qr_images/Q00483.png,none,none,5,1,http://www.baconismagic.ca/food/five-foods-not-to-miss-in-nicaragua/,opencv,exact,68,19,42,0,2,1,6,0,0.0,6,0,0,0,0,0,2,0,0,0,0,0,0,4.215400709689343,0,0,0,0,0,0,0,1.0,0.644922009636374,0.4671096941391109,0.3521232604980469,1.0,4228.120307922363,0.061435699462890625,0.457763671875,0.08984375,37.0,450.0,450.0
Q00484__clean,Q00484,1,,joshtobye.com,data/qr_images/Q00484.png,none,none,12,1,http://joshtobye.com/3.mtb.com/www3.mtb.com/ccsslv199810.php?MvdMLsytrUakJrd7a7j5yUijC6xoVFz5B8s9IMkPLj39mntm4N6zBbkeXnLu6Vu3PqPDiAruqwfyNh4V4QA80dx5Nia3GoE7CMecVNvr2jfSMsZiqHZ3LVfURBYnmTJSYfQ8YAP8LCoxu0k1EJiIOPSwrj48HHF5jb72avANxrYqEjBlyjsnR5lS8jApRRDvFCFSgmCW,opencv,exact,261,13,40,200,6,0,0,41,0.15708812260536398,1,0,1,0,0,0,3,1,0,0,0,0,0,5.84999166139533,0,0,0,0,0,0,0,1.0,0.5922375847311581,0.4698703266958962,0.4080619812011719,1.0,7252.121696472168,0.10930252075195312,1.1444091796875,0.0546875,65.0,730.0,730.0
Q00485__clean,Q00485,1,,tudosobretudo.blog.br,data/qr_images/Q00485.png,none,none,10,1,http://www.tudosobretudo.blog.br/banco-bradesco-agencia-endereco/bradesco-agencia-6621-shopping-granja-viana-rodovia-raposo-tavares-km-23-lageadinho-telefone-endereco-mapa-localizacao-cep-06709015,opencv,exact,196,25,164,0,3,1,20,14,0.07142857142857142,20,0,0,0,0,0,2,0,0,0,0,0,0,4.522420335722036,0,0,0,0,0,0,0,1.0,0.5971470851524203,0.4730206441653509,0.4007110595703125,1.0,6676.315689086914,0.09432220458984375,0.9918212890625,0.0625,57.0,650.0,650.0
Q00486__clean,Q00486,0,,explained.today,data/qr_images/Q00486.png,none,none,5,1,http://everything.explained.today/UN_Security_Council_Resolution_678/,opencv,exact,69,26,36,0,2,1,0,3,0.043478260869565216,4,0,0,0,0,0,1,0,0,0,0,0,0,4.617309196059602,0,0,0,0,0,0,0,1.0,0.652324826109643,0.46480728766621576,0.3453369140625,1.0,4105.887748718262,0.060611724853515625,0.57220458984375,0.08984375,37.0,450.0,450.0
Q00487__clean,Q00487,0,,foxwoods.com,data/qr_images/Q00487.png,none,none,2,1,https://www.foxwoods.com/,opencv,exact,25,16,1,0,2,1,0,0,0.0,0,0,0,0,0,0,0,0,1,0,0,0,0,3.573660689688185,0,0,0,0,0,0,0,1.0,0.6969573077033547,0.45228140469831934,0.30689239501953125,1.0,2584.144287109375,0.038669586181640625,0.5340576171875,0.12109375,25.0,330.0,330.0
Q00488__clean,Q00488,0,,analyzemath.com,data/qr_images/Q00488.png,none,none,5,1,http://www.analyzemath.com/DomainRange/find_domain_calculator.html,opencv,exact,66,19,40,0,3,1,0,0,0.0,2,0,0,0,0,0,2,0,0,0,0,0,0,4.3382826203565195,0,0,0,0,0,0,0,1.0,0.6523254843319164,0.46497193075560606,0.34433746337890625,1.0,4194.675048828125,0.060886383056640625,0.6103515625,0.08984375,37.0,450.0,450.0
Q00489__clean,Q00489,0,,livestrong.com,data/qr_images/Q00489.png,none,none,5,1,http://www.livestrong.com/article/141612-self-help-skills-children/,opencv,exact,67,18,42,0,2,1,4,6,0.08955223880597014,4,0,0,0,0,0,2,0,0,0,0,0,0,4.474369743978753,0,0,0,0,0,0,0,1.0,0.6518312940410539,0.4649850396587564,0.344940185546875,1.0,4222.145370483398,0.06130218505859375,0.57220458984375,0.08984375,37.0,450.0,450.0
Q00490__clean,Q00490,1,,myppbilling-acount.link,data/qr_images/Q00490.png,none,none,3,1,https://myppbilling-acount.link/,opencv,exact,32,23,1,0,1,0,1,0,0.0,1,0,0,0,0,0,0,0,1,0,0,0,0,4.108458593344349,0,0,0,0,0,0,0,1.0,0.6924729141534544,0.45332954239700723,0.30975341796875,1.0,3055.4838485717773,0.0439910888671875,0.64849853515625,0.107421875,29.0,370.0,370.0
Q00491__clean,Q00491,0,,circsource.com,data/qr_images/Q00491.png,none,none,4,1,https://www.circsource.com/store/storehomepage.html,opencv,exact,51,18,25,0,3,1,0,0,0.0,0,0,0,0,0,0,2,0,1,0,0,0,0,3.9499062942859213,0,0,0,0,0,0,0,1.0,0.6567484238568474,0.4654063821388222,0.3400917053222656,1.0,3533.190101623535,0.05129241943359375,0.41961669921875,0.09765625,33.0,410.0,410.0
Q00492__clean,Q00492,1,,poweredbydivido.com,data/qr_images/Q00492.png,none,none,4,1,http://lender.sandbox.natwest.poweredbydivido.com/,opencv,exact,50,42,1,0,4,3,0,0,0.0,0,0,0,0,0,0,0,0,0,0,0,0,0,4.229275070710713,0,0,0,0,0,0,0,1.0,0.6632922303442862,0.46268315578872715,0.3333587646484375,1.0,3681.346664428711,0.0534210205078125,0.49591064453125,0.09765625,33.0,410.0,410.0
Q00493__clean,Q00493,0,,infinitytools.com,data/qr_images/Q00493.png,none,none,3,1,https://www.infinitytools.com/routing,opencv,exact,37,21,8,0,2,1,0,0,0.0,0,0,0,0,0,0,1,0,1,0,0,0,0,3.969607339117404,0,0,0,0,0,0,0,1.0,0.6873608757467831,0.45539072270802233,0.3149147033691406,1.0,3156.258010864258,0.044910430908203125,0.57220458984375,0.107421875,29.0,370.0,370.0
Q00494__clean,Q00494,0,,sparmedo.de,data/qr_images/Q00494.png,none,none,2,1,https://www.sparmedo.de/,opencv,exact,24,15,1,0,2,1,0,0,0.0,0,0,0,0,0,0,0,0,1,0,0,0,0,3.6887218755408675,0,0,0,0,0,0,0,1.0,0.6896108889112286,0.4555501682811473,0.3142662048339844,1.0,2557.300163269043,0.038089752197265625,0.5340576171875,0.12109375,25.0,330.0,330.0
Q00495__clean,Q00495,0,,cel.ro,data/qr_images/Q00495.png,none,none,2,1,http://www.cel.ro/,opencv,exact,18,10,1,0,2,1,0,0,0.0,0,0,0,0,0,0,0,0,0,0,0,0,0,3.419381945646371,0,0,0,0,0,0,0,1.0,0.6969587288650811,0.4524375795530845,0.3066520690917969,1.0,2519.596969604492,0.037654876708984375,0.457763671875,0.12109375,25.0,330.0,330.0
Q00496__clean,Q00496,1,,malibuhomesaz.com,data/qr_images/Q00496.png,none,none,6,1,https://www.malibuhomesaz.com/wp-content/uploads/pum/b/?email=amit.malik@avivaindia.com,opencv,exact,87,21,26,31,4,1,1,0,0.0,4,1,1,1,0,0,4,1,1,0,0,0,0,4.38747208916507,0,0,0,0,0,0,0,1.0,0.6318029067095589,0.4702990103737947,0.3676872253417969,1.0,4710.00634765625,0.06663894653320312,0.6866455078125,0.08203125,41.0,490.0,490.0
Q00497__clean,Q00497,0,,ademforcongress.com,data/qr_images/Q00497.png,none,none,3,1,https://www.ademforcongress.com/,opencv,exact,32,23,1,0,2,1,0,0,0.0,0,0,0,0,0,0,0,0,1,0,0,0,0,4.030639062229566,0,0,0,0,0,0,0,1.0,0.6866314158720128,0.45549328273055245,0.3152427673339844,1.0,3121.767837524414,0.0452423095703125,0.6103515625,0.107421875,29.0,370.0,370.0
Q00498__clean,Q00498,1,,three-gb.com,data/qr_images/Q00498.png,none,none,2,1,http://three-gb.com,opencv,exact,19,12,0,0,1,0,1,0,0.0,1,0,0,0,0,0,0,0,0,0,0,0,0,3.681880802803401,0,0,0,0,0,0,0,1.0,0.7088978786094516,0.44699348735826966,0.29442596435546875,1.0,2512.5402297973633,0.0378265380859375,0.49591064453125,0.12109375,25.0,330.0,330.0
Q00499__clean,Q00499,0,,gizmodo.com,data/qr_images/Q00499.png,none,none,5,1,http://io9.gizmodo.com/the-secrets-to-handling-passive-aggressive-people-1681127156,opencv,exact,83,15,61,0,2,1,7,11,0.13253012048192772,7,0,0,0,0,0,1,0,0,0,0,0,0,4.517750540763537,0,0,0,0,0,0,0,1.0,0.6483759262982537,0.46598060019221754,0.3482666015625,1.0,4233.590400695801,0.061542510986328125,0.49591064453125,0.08984375,37.0,450.0,450.0
Q00500__clean,Q00500,1,,afghancuisine.com.au,data/qr_images/Q00500.png,none,none,4,1,http://stage1.afghancuisine.com.au/wp-admin/css/icscards.nl/,opencv,exact,60,27,26,0,4,1,1,1,0.016666666666666666,1,0,0,0,0,0,3,0,0,0,0,0,0,4.2253263791155,0,0,0,0,0,0,0,1.0,0.6751886704388786,0.45840657928225204,0.32242584228515625,1.0,3617.5526733398438,0.0527801513671875,0.6103515625,0.09765625,33.0,410.0,410.0
Q00501__clean,Q00501,0,,umsl.edu,data/qr_images/Q00501.png,none,none,4,1,http://www.umsl.edu/~joshik/msis480/chapt09.htm,opencv,exact,47,12,28,0,3,1,0,5,0.10638297872340426,1,0,0,0,0,0,3,0,0,0,0,0,0,4.323220703147271,0,0,0,0,0,0,0,1.0,0.6686445797190946,0.46079144265036226,0.3273200988769531,1.0,3681.179885864258,0.053501129150390625,0.49591064453125,0.09765625,33.0,410.0,410.0
Q00502__clean,Q00502,0,,uratex.com.ph,data/qr_images/Q00502.png,none,none,2,1,https://www.uratex.com.ph/,opencv,exact,26,17,1,0,3,1,0,0,0.0,0,0,0,0,0,0,0,0,1,0,0,0,0,3.815072410115942,0,0,0,0,0,0,0,1.0,0.6951222588034237,0.4534785547983822,0.3086051940917969,1.0,2432.8169326782227,0.036407470703125,0.3814697265625,0.12109375,25.0,330.0,330.0
Q00503__clean,Q00503,1,,cndoubleegret.com,data/qr_images/Q00503.png,none,none,9,1,http://www.cndoubleegret.com/admin/secure/cmd-login=ffa9cbde0d3cf9051af20b1737013098/?reff=MDc2ZGI2YTUxNWQ5YTQzZmI1YzNlZjJhNTE3MmVhOGM=&amp;user=abuse@iveco.com,opencv,exact,160,21,57,74,3,1,1,24,0.15,9,1,1,4,1,0,3,2,0,0,0,0,0,5.483293627042921,2,1,0,0,1,0,0,1.0,0.6213275834625842,0.469067027778767,0.3763847351074219,1.0,6191.186599731445,0.08722305297851562,1.10626220703125,0.06640625,53.0,610.0,610.0
Q00504__clean,Q00504,1,,addressingtheunaddressedindiafoundation.com,data/qr_images/Q00504.png,none,none,6,1,http://addressingtheunaddressedindiafoundation.com/wp-admin/user/bankofamerica/secquestion.php,opencv,exact,94,43,44,0,2,0,1,0,0.0,1,0,0,0,0,0,4,0,0,0,0,0,0,4.253560262651067,1,0,0,0,0,0,1,1.0,0.6492984098546645,0.4650620618076546,0.3502464294433594,1.0,4765.793739318848,0.06692886352539062,0.72479248046875,0.08203125,41.0,490.0,490.0
Q00505__clean,Q00505,1,,zabor-vn.com,data/qr_images/Q00505.png,none,none,6,1,https://www.zabor-vn.com/system/csvprice_pro/smart/customer_center/customer-IDPP00C354/myaccount/signin,opencv,exact,103,16,79,0,2,1,2,5,0.04854368932038835,4,0,0,0,0,0,7,0,1,0,0,0,0,4.588498464410221,2,0,0,1,0,0,0,1.0,0.6397184035357307,0.46763977774448556,0.3599662780761719,1.0,4908.0615310668945,0.06867218017578125,0.64849853515625,0.08203125,41.0,490.0,490.0
Q00506__clean,Q00506,1,,eset-store.gr,data/qr_images/Q00506.png,none,none,4,1,http://www.eset-store.gr/dropboxbusiness/login.php,opencv,exact,50,17,26,0,3,1,1,0,0.0,1,0,0,0,0,0,2,0,0,0,0,0,0,4.12637013015618,1,1,0,0,0,0,0,1.0,0.6722152709960938,0.45949795241826047,0.32526397705078125,1.0,3666.211959838867,0.05323028564453125,0.6866455078125,0.09765625,33.0,410.0,410.0
Q00507__clean,Q00507,0,,hbs.edu,data/qr_images/Q00507.png,none,none,6,1,http://www.hbs.edu/faculty/Publication%20Files/08-017_1903b556-786c-49fb-8e95-ab9976da8b4b.pdf,opencv,exact,94,11,76,0,3,1,5,28,0.2978723404255319,7,0,0,0,0,1,3,0,0,0,0,0,0,4.921194639936411,0,0,0,0,0,0,0,1.0,0.6572119768928079,0.4616804943494823,0.3417205810546875,1.0,4903.700866699219,0.06991958618164062,0.6866455078125,0.08203125,41.0,490.0,490.0
Q00508__clean,Q00508,1,,caspianglobalservices.com,data/qr_images/Q00508.png,none,none,4,1,http://caspianglobalservices.com/fonts/.hennessy/,opencv,exact,49,25,17,0,2,0,0,0,0.0,0,0,0,0,0,0,2,0,0,0,0,0,0,4.142486058657705,0,0,0,0,0,0,0,1.0,0.661506742589614,0.4632887717126499,0.3354225158691406,1.0,3697.4413986206055,0.05377197265625,0.5340576171875,0.09765625,33.0,410.0,410.0
Q00509__clean,Q00509,1,,evrognosi.gr,data/qr_images/Q00509.png,none,none,4,1,http://evrognosi.gr/domains/evrognosi/images/de/,opencv,exact,48,12,29,0,1,0,0,0,0.0,0,0,0,0,0,0,4,0,0,0,0,0,0,3.8605687521135112,0,0,0,0,0,0,0,1.0,0.6775717641793045,0.45736327343202404,0.3190765380859375,1.0,3644.2279663085938,0.053318023681640625,0.72479248046875,0.09765625,33.0,410.0,410.0
Q00510__clean,Q00510,0,,ajdesigner.com,data/qr_images/Q00510.png,none,none,5,1,http://www.ajdesigner.com/fl_computer_memory/conversion_memory_bit.php,opencv,exact,70,18,45,0,3,1,0,0,0.0,4,0,0,0,0,0,2,0,0,0,0,0,0,4.416234402684467,0,0,0,0,0,0,0,1.0,0.6523233151903339,0.46487166398942786,0.3443565368652344,1.0,4217.942230224609,0.0611419677734375,0.41961669921875,0.08984375,37.0,450.0,450.0
Q00511__clean,Q00511,0,,wozwaardeloket.nl,data/qr_images/Q00511.png,none,none,3,1,https://www.wozwaardeloket.nl,opencv,exact,29,21,0,0,2,1,0,0,0.0,0,0,0,0,0,0,0,0,1,0,0,0,0,3.879893823520666,0,0,0,0,0,0,0,1.0,0.6859018512800628,0.4558812174104317,0.3159065246582031,1.0,3119.6009063720703,0.044887542724609375,0.457763671875,0.107421875,29.0,370.0,370.0
Q00512__clean,Q00512,0,,networksecuritytoolkit.org,data/qr_images/Q00512.png,none,none,5,1,http://wiki.networksecuritytoolkit.org/images/NETGEAR_Whitepaper_10_Gigabit.pdf,opencv,exact,79,31,41,0,3,1,0,2,0.02531645569620253,3,0,0,0,0,0,2,0,0,0,0,0,0,4.716640520515657,0,0,0,0,0,0,0,1.0,0.655785010842716,0.46409967054219753,0.341644287109375,1.0,3989.427520751953,0.058696746826171875,0.80108642578125,0.08984375,37.0,450.0,450.0
Q00513__clean,Q00513,1,,denisehowells.com.au,data/qr_images/Q00513.png,none,none,6,1,http://denisehowells.com.au/ana/u.php?l=_JeHFUq_VJOXK0QWHtoGYDw_Product-UserID&amp;userid=,opencv,exact,90,20,10,52,3,0,1,1,0.011111111111111112,9,0,1,2,1,0,2,2,0,0,0,0,0,5.158085318359586,0,0,0,0,0,0,0,1.0,0.6380535798914292,0.46873306138715626,0.36255645751953125,1.0,4608.6202392578125,0.06524276733398438,0.6866455078125,0.08203125,41.0,490.0,490.0
Q00514__clean,Q00514,1,,web.app,data/qr_images/Q00514.png,none,none,3,1,https://boxconfig-bda.web.app/,opencv,exact,30,21,1,0,2,1,1,0,0.0,1,0,0,0,0,0,0,0,1,0,0,0,0,4.164735178725505,0,0,0,0,0,0,0,1.0,0.680784397499234,0.4577837877856516,0.32144927978515625,1.0,3036.6491775512695,0.044963836669921875,0.5340576171875,0.107421875,29.0,370.0,370.0
Q00515__clean,Q00515,1,,kshconsultingllc.com,data/qr_images/Q00515.png,none,none,4,1,http://www.kshconsultingllc.com/plugin/secure/,opencv,exact,46,24,15,0,2,1,0,0,0.0,0,0,0,0,0,0,2,0,0,0,0,0,0,4.102168956377575,1,0,0,0,1,0,0,1.0,0.6603155397901348,0.46375424514042013,0.336700439453125,1.0,3717.0378494262695,0.053676605224609375,0.457763671875,0.09765625,33.0,410.0,410.0
Q00516__clean,Q00516,0,,leihdeinerumweltgeld.de,data/qr_images/Q00516.png,none,none,3,1,https://www.leihdeinerumweltgeld.de/,opencv,exact,36,27,1,0,2,1,0,0,0.0,0,0,0,0,0,0,0,0,1,0,0,0,0,3.8218881955261783,0,0,0,0,0,0,0,1.0,0.6917463265213312,0.4536434517265265,0.3100852966308594,1.0,3125.431312561035,0.04454803466796875,0.49591064453125,0.107421875,29.0,370.0,370.0
Q00517__clean,Q00517,0,,ietf.org,data/qr_images/Q00517.png,none,none,3,1,http://www.ietf.org/rfc/rfc3031,opencv,exact,31,12,12,0,2,1,0,4,0.12903225806451613,0,0,0,0,0,0,2,0,0,0,0,0,0,3.8890495359141686,0,0,0,0,0,0,0,1.0,0.6888216205671722,0.45457697460545965,0.3130760192871094,1.0,3125.891159057617,0.045146942138671875,0.57220458984375,0.107421875,29.0,370.0,370.0
Q00518__clean,Q00518,1,,profelectrik.ru,data/qr_images/Q00518.png,none,none,8,1,http://profelectrik.ru/update/084c1ace05d40c9a1d66e96ac403b1b4ZTk5NzM5YmVjMjQ3MzlhNWM4ODRhOGVlNmIxNGZiODA=/myaccount/websc_login,opencv,exact,128,15,106,0,1,0,0,23,0.1796875,2,0,0,1,0,0,4,0,0,0,0,0,0,5.408890554999303,3,1,0,1,0,1,0,1.0,0.6238773420745252,0.4677630748625779,0.37583160400390625,1.0,5184.646881103516,0.08281326293945312,1.220703125,0.0703125,49.0,570.0,570.0
Q00519__clean,Q00519,1,,my-free.website,data/qr_images/Q00519.png,none,none,3,1,http://websupportservice.my-free.website/,opencv,exact,41,33,1,0,2,1,1,0,0.0,1,0,0,0,0,0,0,0,0,0,0,0,0,4.024112139665472,0,0,0,0,0,0,0,1.0,0.6873626858580346,0.4553159688440297,0.3136329650878906,1.0,3145.869918823242,0.04502105712890625,0.49591064453125,0.107421875,29.0,370.0,370.0
Q00520__clean,Q00520,1,,mainehomeconnection.com,data/qr_images/Q00520.png,none,none,3,1,https://www.mainehomeconnection.com/Css/,opencv,exact,40,27,5,0,2,1,0,0,0.0,0,0,0,0,0,0,1,0,1,0,0,0,0,3.858694969562841,0,0,0,0,0,0,0,1.0,0.6720233393650429,0.46074519784556806,0.3297576904296875,1.0,3190.015640258789,0.04689788818359375,0.3814697265625,0.107421875,29.0,370.0,370.0
Q00521__clean,Q00521,0,,ultimate-guitar.com,data/qr_images/Q00521.png,none,none,5,1,https://tabs.ultimate-guitar.com/0-9/5_seconds_of_summer/amnesia_crd.htm,opencv,exact,72,24,40,0,3,1,2,3,0.041666666666666664,6,0,0,0,0,0,3,0,1,0,0,0,0,4.414096662207429,0,0,0,0,0,0,0,1.0,0.657265547210095,0.4635387559606418,0.3394432067871094,1.0,4148.866600036621,0.0597991943359375,0.80108642578125,0.08984375,37.0,450.0,450.0
Q00522__clean,Q00522,1,,1drv.ms,data/qr_images/Q00522.png,none,none,4,1,https://1drv.ms/w/s!At6aBCMxoQeQgRRAHazJu3fO1Ojj,opencv_aruco,exact,48,7,33,0,1,0,0,4,0.08333333333333333,1,0,0,0,0,0,2,0,1,0,0,0,0,4.928508854797679,0,0,0,0,0,0,0,1.0,0.6603189056994868,0.463970893324121,0.33673095703125,1.0,3516.42960357666,0.05165863037109375,0.64849853515625,0.09765625,33.0,410.0,410.0
Q00523__clean,Q00523,0,,medicalert.org,data/qr_images/Q00523.png,none,none,2,1,http://www.medicalert.org/,opencv,exact,26,18,1,0,2,1,0,0,0.0,0,0,0,0,0,0,0,0,0,0,0,0,0,3.921029621737614,0,0,0,0,0,0,0,1.0,0.71073185041839,0.4462455913756901,0.29228973388671875,1.0,2474.7111282348633,0.03723907470703125,0.41961669921875,0.12109375,25.0,330.0,330.0
Q00524__clean,Q00524,0,,papermasters.com,data/qr_images/Q00524.png,none,none,4,1,https://www.papermasters.com/freud-latency-stage.html,opencv,exact,53,20,25,0,3,1,2,0,0.0,2,0,0,0,0,0,1,0,1,0,0,0,0,4.22511403019066,0,0,0,0,0,0,0,1.0,0.6745945949180453,0.45889880590351934,0.3215675354003906,1.0,3544.7236709594727,0.05169677734375,0.6866455078125,0.09765625,33.0,410.0,410.0
Q00525__clean,Q00525,0,,scan.dk,data/qr_images/Q00525.png,none,none,1,1,http://scan.dk,opencv,exact,14,7,0,0,1,0,0,0,0.0,0,0,0,0,0,0,0,0,0,0,0,0,0,3.521640636343319,0,0,0,0,0,0,0,1.0,0.7312637179505591,0.4368566269200415,0.26473236083984375,1.0,1969.816993713379,0.03121185302734375,0.41961669921875,0.138671875,21.0,290.0,290.0
Q00526__clean,Q00526,0,,vttl.be,data/qr_images/Q00526.png,none,none,2,1,https://www.vttl.be/,opencv,exact,20,11,1,0,2,1,0,0,0.0,0,0,0,0,0,0,0,0,1,0,0,0,0,3.346439344671015,0,0,0,0,0,0,0,1.0,0.7153242821786918,0.44383233621930523,0.2885780334472656,1.0,2576.6608657836914,0.038318634033203125,0.64849853515625,0.12109375,25.0,330.0,330.0
Q00527__clean,Q00527,0,,wisegeek.com,data/qr_images/Q00527.png,none,none,3,1,http://www.wisegeek.com/what-is-a-lan.htm,opencv,exact,41,16,18,0,3,1,3,0,0.0,3,0,0,0,0,0,1,0,0,0,0,0,0,4.037089431754239,0,0,0,0,0,0,0,1.0,0.6990462209664139,0.450231007974531,0.3032264709472656,1.0,3152.283187866211,0.045299530029296875,0.64849853515625,0.107421875,29.0,370.0,370.0
Q00528__clean,Q00528,0,,price2india.com,data/qr_images/Q00528.png,none,none,3,1,http://www.price2india.com/,opencv,exact,27,19,1,0,2,1,0,1,0.037037037037037035,0,0,0,0,0,0,0,0,0,0,0,0,0,3.930270372293455,0,0,0,0,0,0,0,1.0,0.677866408404182,0.4591050892236295,0.32358551025390625,1.0,3051.509735107422,0.0444488525390625,0.5340576171875,0.107421875,29.0,370.0,370.0
Q00529__clean,Q00529,1,,mastersndogs.ca,data/qr_images/Q00529.png,none,none,3,1,http://mastersndogs.ca/pyt/Gdoccc/,opencv,exact,34,15,12,0,1,0,0,0,0.0,0,0,0,0,0,0,2,0,0,0,0,0,0,3.9002708419385663,0,0,0,0,0,0,0,1.0,0.677867171343635,0.4589649500257235,0.3237342834472656,1.0,3043.654121398926,0.04479217529296875,0.457763671875,0.107421875,29.0,370.0,370.0
Q00530__clean,Q00530,1,,bugsliker.net,data/qr_images/Q00530.png,none,none,2,1,https://bugsliker.net/,opencv,exact,22,13,1,0,1,0,0,0,0.0,0,0,0,0,0,0,0,0,1,0,0,0,0,3.8453509366224354,0,0,0,0,0,0,0,1.0,0.7189942154229856,0.442265595997404,0.2847557067871094,1.0,2527.0350494384766,0.03755950927734375,0.72479248046875,0.12109375,25.0,330.0,330.0
Q00531__clean,Q00531,1,,kjsa.com,data/qr_images/Q00531.png,none,none,4,1,http://kjsa.com/2000w/htdocs/ugo.cfm/?go=www.paypal.com,opencv,exact,55,8,22,17,4,0,0,4,0.07272727272727272,2,0,1,1,0,0,3,1,0,0,0,0,0,4.310562386441367,0,0,0,0,0,0,0,1.0,0.6591245015462239,0.4643171032809698,0.3379325866699219,1.0,3660.6785278320312,0.052936553955078125,0.57220458984375,0.09765625,33.0,410.0,410.0
Q00532__clean,Q00532,0,,ksksgravenwezelschilde.be,data/qr_images/Q00532.png,none,none,3,1,https://www.ksksgravenwezelschilde.be/,opencv,exact,38,29,1,0,2,1,0,0,0.0,0,0,0,0,0,0,0,0,1,0,0,0,0,4.133071514059368,0,0,0,0,0,0,0,1.0,0.6990468492694929,0.45024512682485457,0.3027763366699219,1.0,3133.140068054199,0.04508209228515625,0.49591064453125,0.107421875,29.0,370.0,370.0
Q00533__clean,Q00533,0,,maepdx.com,data/qr_images/Q00533.png,none,none,2,1,http://www.maepdx.com/,opencv,exact,22,14,1,0,2,1,0,0,0.0,0,0,0,0,0,0,0,0,0,0,0,0,0,3.6635327548042538,0,0,0,0,0,0,0,1.0,0.6896086599312576,0.45530383128844204,0.3139801025390625,1.0,2610.8998641967773,0.0390625,0.41961669921875,0.12109375,25.0,330.0,330.0
Q00534__clean,Q00534,0,,mahoraisedeseaux.com,data/qr_images/Q00534.png,none,none,3,1,http://www.mahoraisedeseaux.com/,opencv,exact,32,24,1,0,2,1,0,0,0.0,0,0,0,0,0,0,0,0,0,0,0,0,0,4.030639062229566,0,0,0,0,0,0,0,1.0,0.6800561493518306,0.45840269104939907,0.3221397399902344,1.0,2998.8335876464844,0.043689727783203125,0.49591064453125,0.107421875,29.0,370.0,370.0
Q00535__clean,Q00535,1,,vktheme.ru,data/qr_images/Q00535.png,none,none,2,1,https://vktheme.ru/auth,opencv,exact,23,10,5,0,1,0,0,0,0.0,0,0,0,0,0,0,1,0,1,0,0,0,0,3.588354347173234,0,0,0,0,0,0,0,1.0,0.711648993398629,0.44575536829831497,0.291900634765625,1.0,2581.557388305664,0.0381011962890625,0.5340576171875,0.12109375,25.0,330.0,330.0
Q00536__clean,Q00536,1,,webcindario.com,data/qr_images/Q00536.png,none,none,16,1,https://wwwcentrynetl76.webcindario.com/CENTURY-LAST/CENTURY/BANK/info/ElPSYCHO/3.html?cedcb913d18e622fb1d72007506da38d-cedcb913d18e622fb1d72007506da38d-cedcb913d18e622fb1d72007506da38dcedcb913d18e622fb1d72007506da38dcedcb913d18e622fb1d72007506da38dcedcb913d18e622fb1d72007506da38dcedcb913d18e622fb1d72007506da38dcedcb913d18e622fb1d72007506da38dcedcb913d18e622fb1d72007506da38dcedcb913d18e622fb1d72007506da38dcedcb913d18e622fb1d72007506da38d,opencv_aruco,exact,441,31,47,354,3,1,3,212,0.48072562358276644,4,0,1,0,0,0,6,1,1,0,0,0,0,4.597832102629823,1,0,0,0,0,0,1,1.0,0.5847754235361137,0.46662857605489216,0.4152069091796875,1.0,11057.13427734375,0.14306640625,1.64031982421875,0.044921875,81.0,890.0,890.0
Q00537__clean,Q00537,0,,reserveamerica.com,data/qr_images/Q00537.png,none,none,7,1,https://iowastateparks.reserveamerica.com/camping/backbone-state-park/r/campgroundDetails.do?contractCode=IA&parkId=610105,opencv,exact,122,33,51,29,3,1,2,6,0.04918032786885246,6,0,1,2,1,0,4,2,1,0,0,0,0,4.64974657691758,0,0,0,0,0,0,0,1.0,0.6397381801231234,0.46677954891169954,0.35762786865234375,1.0,4900.602867126465,0.07135009765625,1.1444091796875,0.076171875,45.0,530.0,530.0
Q00538__clean,Q00538,0,,techhive.com,data/qr_images/Q00538.png,none,none,5,1,http://www.techhive.com/article/196709/best_stores_to_buy_digital_cameras.html,opencv,exact,78,16,55,0,3,1,0,6,0.07692307692307693,5,0,0,0,0,0,3,0,0,0,0,0,0,4.493252142206324,0,0,0,0,0,0,0,1.0,0.6444255155675551,0.46763624164499834,0.35269927978515625,1.0,4072.336280822754,0.05963134765625,0.57220458984375,0.08984375,37.0,450.0,450.0
Q00539__clean,Q00539,1,,vieuxshack.com,data/qr_images/Q00539.png,none,none,3,1,http://vieuxshack.com/download/adobe,opencv,exact,36,14,15,0,1,0,0,0,0.0,0,0,0,0,0,0,2,0,0,0,0,0,0,4.2390979179887855,0,0,0,0,0,0,0,1.0,0.685901252896178,0.45576962703944884,0.31622314453125,1.0,3177.04248046875,0.045688629150390625,0.5340576171875,0.107421875,29.0,370.0,370.0
Q00540__clean,Q00540,0,,slideshare.net,data/qr_images/Q00540.png,none,none,5,1,https://www.slideshare.net/MohammedZaidShaikh1/public-address-system-53516839,opencv,exact,77,18,51,0,2,1,3,9,0.11688311688311688,3,0,0,0,0,0,2,0,1,0,0,0,0,4.67906130188281,0,0,0,0,0,0,0,1.0,0.660226126278148,0.462696285909302,0.33642578125,1.0,4036.4518280029297,0.058658599853515625,0.57220458984375,0.08984375,37.0,450.0,450.0
Q00541__clean,Q00541,1,,kkumag.hr,data/qr_images/Q00541.png,none,none,5,1,https://www.kkumag.hr/wp-includes/js/jquery/ui/x4x/v4/bc208e50b12d3ee/login.php,opencv,exact,79,13,58,0,3,1,1,10,0.12658227848101267,1,0,0,0,0,0,8,0,1,0,0,0,0,4.837344400937049,1,1,0,0,0,0,0,1.0,0.6543041453642003,0.4646914170227253,0.34326934814453125,1.0,4072.739273071289,0.05881500244140625,0.72479248046875,0.08984375,37.0,450.0,450.0
Q00542__clean,Q00542,1,,meetme.run,data/qr_images/Q00542.png,none,none,2,1,http://meetme.run/3m8TS/,opencv,exact,24,10,7,0,1,0,0,2,0.08333333333333333,0,0,0,0,0,0,1,0,0,0,0,0,0,3.6572682296173897,0,0,0,0,0,0,0,1.0,0.6969564699659161,0.4522642657001242,0.3073158264160156,1.0,2545.225685119629,0.038421630859375,0.64849853515625,0.12109375,25.0,330.0,330.0
Q00543__clean,Q00543,1,,cwa4501.org,data/qr_images/Q00543.png,none,none,3,1,http://www.cwa4501.org/ControlPanel,opencv,exact,35,15,13,0,2,1,0,4,0.11428571428571428,0,0,0,0,0,0,1,0,0,0,0,0,0,4.207435516759525,0,0,0,0,0,0,0,1.0,0.6734827677408854,0.4606351753762828,0.3285942077636719,1.0,3073.62166595459,0.044994354248046875,0.3814697265625,0.107421875,29.0,370.0,370.0
Q00544__clean,Q00544,1,,yovcxm.com,data/qr_images/Q00544.png,none,none,4,1,http://yovcxm.com/chase/Chase/aad1e12a59c93f19db6c54b77193be9d,opencv,exact,62,10,45,0,1,0,0,18,0.2903225806451613,0,0,0,0,0,0,3,0,0,0,0,0,0,4.491241078060461,0,0,0,0,0,0,0,1.0,0.6638844807942709,0.46226405537403026,0.3328208923339844,1.0,3719.9419708251953,0.054286956787109375,0.457763671875,0.09765625,33.0,410.0,410.0
Q00545__clean,Q00545,0,,barcoderobot.com,data/qr_images/Q00545.png,none,none,3,1,https://www.barcoderobot.com/,opencv,exact,29,20,1,0,2,1,0,0,0.0,0,0,0,0,0,0,0,0,1,0,0,0,0,3.8143719431796277,0,0,0,0,0,0,0,1.0,0.6917422425513174,0.4534212736339078,0.3101234436035156,1.0,3071.0859756469727,0.04477691650390625,0.64849853515625,0.107421875,29.0,370.0,370.0
Q00546__clean,Q00546,0,,conceptcarz.com,data/qr_images/Q00546.png,none,none,3,1,https://www.conceptcarz.com/,opencv,exact,28,19,1,0,2,1,0,0,0.0,0,0,0,0,0,0,0,0,1,0,0,0,0,3.797902689682947,0,0,0,0,0,0,0,1.0,0.6858970342897901,0.4557526580238201,0.3164100646972656,1.0,3133.7678985595703,0.04524993896484375,0.57220458984375,0.107421875,29.0,370.0,370.0
Q00547__clean,Q00547,1,,authorcheck.com,data/qr_images/Q00547.png,none,none,5,1,http://authorcheck.com/assets/deleteme/Dropbox%20-%20Simplify%20your%20life.htm,opencv,exact,79,15,57,0,2,0,1,8,0.10126582278481013,5,0,0,0,0,4,3,0,0,0,0,0,0,4.570744477030463,0,0,0,0,0,0,0,1.0,0.6671425613702512,0.46010429519529705,0.3302955627441406,1.0,3988.85018157959,0.0587921142578125,1.02996826171875,0.08984375,37.0,450.0,450.0
Q00548__clean,Q00548,1,,byefree.org,data/qr_images/Q00548.png,none,none,3,1,http://grup-sexxx104.byefree.org/,opencv,exact,33,25,1,0,2,1,1,3,0.09090909090909091,1,0,0,0,0,0,0,0,0,0,0,0,0,4.1272831343132905,0,0,0,0,0,0,0,1.0,0.6917434991574755,0.4535871619334201,0.3103370666503906,1.0,3093.7640533447266,0.044513702392578125,0.49591064453125,0.107421875,29.0,370.0,370.0
Q00549__clean,Q00549,1,,dkwheels.com.br,data/qr_images/Q00549.png,none,none,4,1,http://dkwheels.com.br/wp-includes/blocks/postlux/sms3.php?ca=,opencv,exact,62,15,36,3,3,0,1,1,0.016129032258064516,3,0,1,1,0,0,4,1,0,0,0,0,0,4.431557149194809,0,0,0,0,0,0,0,1.0,0.6626974517223881,0.4627734063284434,0.3338050842285156,1.0,3623.6415481567383,0.053394317626953125,0.457763671875,0.09765625,33.0,410.0,410.0
Q00550__clean,Q00550,0,,pfsense.org,data/qr_images/Q00550.png,none,none,4,1,https://www.pfsense.org/about-pfsense/features.html,opencv,exact,51,15,28,0,3,1,1,0,0.0,1,0,0,0,0,0,2,0,1,0,0,0,0,4.071469646054937,0,0,0,0,0,0,0,1.0,0.6644791098201976,0.4626641660958556,0.33304595947265625,1.0,3559.605178833008,0.0516204833984375,0.41961669921875,0.09765625,33.0,410.0,410.0
Q00551__clean,Q00551,0,,stdcheck.com,data/qr_images/Q00551.png,none,none,5,1,https://www.stdcheck.com/blog/how-soon-get-tested-for-stds-unprotected-sex/,opencv,exact,75,16,51,0,2,1,7,0,0.0,7,0,0,0,0,0,2,0,1,0,0,0,0,4.128821479733295,0,0,0,0,0,0,0,1.0,0.6503517898858763,0.466060625966629,0.3468017578125,1.0,4049.816566467285,0.058567047119140625,0.5340576171875,0.08984375,37.0,450.0,450.0
Q00552__clean,Q00552,0,,shippingandfreightresource.com,data/qr_images/Q00552.png,none,none,5,1,https://shippingandfreightresource.com/port-and-starboard-on-a-ship/,opencv,exact,68,30,30,0,1,0,5,0,0.0,5,0,0,0,0,0,1,0,1,0,0,0,0,4.165736475731593,0,0,0,0,0,0,0,1.0,0.6493616590312883,0.4659988477157662,0.3469505310058594,1.0,4132.679351806641,0.0602569580078125,0.5340576171875,0.08984375,37.0,450.0,450.0
Q00553__clean,Q00553,1,,csb.app,data/qr_images/Q00553.png,none,none,2,1,https://779zt.csb.app/,opencv,exact,22,13,1,0,2,1,0,3,0.13636363636363635,0,0,0,0,0,0,0,0,1,0,0,0,0,3.5383105956150054,0,0,0,0,0,0,0,1.0,0.6987927305932139,0.45160665994955074,0.3047027587890625,1.0,2536.4705200195312,0.03794097900390625,0.57220458984375,0.12109375,25.0,330.0,330.0
Q00554__clean,Q00554,0,,powershow.com,data/qr_images/Q00554.png,none,none,7,1,http://www.powershow.com/view1/1d1125-ZDc1Z/Computer_Networks_Error_Detection_and_Correction_powerpoint_ppt_presentation,opencv,exact,120,17,96,0,2,1,1,7,0.058333333333333334,9,0,0,0,0,0,3,0,0,0,0,0,0,4.418511898598417,0,0,0,0,0,0,0,1.0,0.6361752528770297,0.4674326809078874,0.3614387512207031,1.0,5136.338005065918,0.07372665405273438,0.91552734375,0.076171875,45.0,530.0,530.0
Q00555__clean,Q00555,1,,ninjamarketingman.com,data/qr_images/Q00555.png,none,none,7,1,http://secure.informations.ninjamarketingman.com/view/login?cmd=_signin&dispatch=9309bc66c8512ec0ca3b82ab7&locale=en_,opencv,exact,117,41,11,57,3,2,0,15,0.1282051282051282,8,0,1,3,2,0,2,3,0,0,0,0,0,4.8593590626130645,3,1,0,0,1,0,0,1.0,0.6162384182799097,0.4724852824807154,0.3816375732421875,1.0,5190.890823364258,0.074859619140625,0.80108642578125,0.076171875,45.0,530.0,530.0
Q00556__clean,Q00556,1,,babyloweb.eu,data/qr_images/Q00556.png,none,none,3,1,http://provinciabrescia2.babyloweb.eu/info,opencv,exact,42,30,5,0,2,1,0,1,0.023809523809523808,0,0,0,0,0,0,1,0,0,0,0,0,0,4.272804327334621,0,0,0,0,0,0,0,1.0,0.6829781027401195,0.4570309673483272,0.31954193115234375,1.0,3131.9419326782227,0.045166015625,0.5340576171875,0.107421875,29.0,370.0,370.0
Q00557__clean,Q00557,1,,gpshyampur.org.in,data/qr_images/Q00557.png,none,none,4,1,http://grievance.gpshyampur.org.in/uploads/red.html,opencv,exact,51,27,17,0,4,1,0,0,0.0,0,0,0,0,0,0,2,0,0,0,0,0,0,4.265083429994685,0,0,0,0,0,0,0,1.0,0.6644842708812041,0.4624882330194943,0.33303070068359375,1.0,3479.9943771362305,0.051609039306640625,0.457763671875,0.09765625,33.0,410.0,410.0
Q00558__clean,Q00558,0,,acbl.org,data/qr_images/Q00558.png,none,none,5,1,http://www.acbl.org/tournaments_page/general-information/convention-cards/,opencv,exact,74,12,55,0,2,1,2,0,0.0,3,0,0,0,0,0,3,0,0,0,0,0,0,4.313805649752799,0,0,0,0,0,0,0,1.0,0.6552920921176087,0.4643046490658254,0.3412933349609375,1.0,3948.3219299316406,0.058238983154296875,0.64849853515625,0.08984375,37.0,450.0,450.0
Q00559__clean,Q00559,1,,arqsys.srv.br,data/qr_images/Q00559.png,none,none,2,1,http://mx0.arqsys.srv.br,opencv,exact,24,17,0,0,3,1,0,1,0.041666666666666664,0,0,0,0,0,0,0,0,0,0,0,0,0,3.8239348962840563,0,0,0,0,0,0,0,1.0,0.6987920574113434,0.4513434851632357,0.3051719665527344,1.0,2617.162338256836,0.039104461669921875,0.5340576171875,0.12109375,25.0,330.0,330.0
Q00560__clean,Q00560,0,,duke.edu,data/qr_images/Q00560.png,none,none,4,1,http://learnmore.duke.edu/certificates/digital_marketing,opencv,exact,56,18,31,0,2,1,0,0,0.0,1,0,0,0,0,0,2,0,0,0,0,0,0,4.172965860712418,0,0,0,0,0,0,0,1.0,0.6704316232718673,0.4605033123306688,0.3260040283203125,1.0,3505.4358520507812,0.051334381103515625,0.41961669921875,0.09765625,33.0,410.0,410.0
Q00561__clean,Q00561,1,,appspot.com,data/qr_images/Q00561.png,none,none,4,1,http://gothic-depth-276417.uc.r.appspot.com/home.html,opencv,exact,53,36,10,0,5,3,2,6,0.11320754716981132,2,0,0,0,0,0,1,0,0,0,0,0,0,4.244838210523052,0,0,0,0,0,0,0,1.0,0.6615069819431679,0.4634009353945351,0.33453369140625,1.0,3610.463554382324,0.052783966064453125,0.57220458984375,0.09765625,33.0,410.0,410.0
Q00562__clean,Q00562,0,,stackexchange.com,data/qr_images/Q00562.png,none,none,7,1,https://softwareengineering.stackexchange.com/questions/52729/how-to-become-a-kernel-systems-device-driver-programmer,opencv,exact,117,37,72,0,2,1,8,5,0.042735042735042736,8,0,0,0,0,0,3,0,1,0,0,0,0,4.514673832510917,0,0,0,0,0,0,0,1.0,0.6190901662789139,0.4719561061216639,0.3776206970214844,1.0,5207.619987487793,0.07433319091796875,0.87738037109375,0.076171875,45.0,530.0,530.0
Q00563__clean,Q00563,0,,gamepedia.com,data/qr_images/Q00563.png,none,none,3,1,http://pathofexile.gamepedia.com/,opencv,exact,33,25,1,0,2,1,0,0,0.0,0,0,0,0,0,0,0,0,0,0,0,0,0,3.9225895736416696,0,0,0,0,0,0,0,1.0,0.6873619229185814,0.455013208653857,0.31485748291015625,1.0,3183.2624435424805,0.046123504638671875,0.3814697265625,0.107421875,29.0,370.0,370.0
Q00564__clean,Q00564,0,,worldbank.org,data/qr_images/Q00564.png,none,none,6,1,http://blogs.worldbank.org/transport/three-factors-have-made-singapore-global-logistics-hub,opencv,exact,91,19,65,0,2,1,7,0,0.0,7,0,0,0,0,0,2,0,0,0,0,0,0,4.34065951105869,1,0,0,0,0,0,1,1.0,0.6363826527315027,0.4685928758320292,0.3633232116699219,1.0,4823.747337341309,0.068603515625,0.6866455078125,0.08203125,41.0,490.0,490.0
Q00565__clean,Q00565,1,,kenaidanceta.com,data/qr_images/Q00565.png,none,none,4,1,http://beta.kenaidanceta.com/postamok/9be92,opencv,exact,43,21,15,0,2,1,0,3,0.06976744186046512,0,0,0,0,0,0,2,0,0,0,0,0,0,4.031516651189607,0,0,0,0,0,0,0,1.0,0.6638882506127451,0.46244095876018276,0.3328285217285156,1.0,3654.8081130981445,0.05341339111328125,0.6866455078125,0.09765625,33.0,410.0,410.0
Q00566__clean,Q00566,1,,tgraph.io,data/qr_images/Q00566.png,none,none,3,1,http://www.tgraph.io/mmyn-06-20/,opencv,exact,32,13,12,0,2,1,2,4,0.125,2,0,0,0,0,0,1,0,0,0,0,0,0,4.077819531114783,0,0,0,0,0,0,0,1.0,0.6888222488702512,0.45458518337703546,0.3135108947753906,1.0,3123.442398071289,0.045238494873046875,0.5340576171875,0.107421875,29.0,370.0,370.0
Q00567__clean,Q00567,0,,innovativephp.com,data/qr_images/Q00567.png,none,none,3,1,http://www.innovativephp.com/,opencv,exact,29,21,1,0,2,1,0,0,0.0,0,0,0,0,0,0,0,0,0,0,0,0,0,3.7883413396567494,0,0,0,0,0,0,0,1.0,0.6771363052667356,0.4591574307619862,0.3249931335449219,1.0,3171.9251708984375,0.045810699462890625,0.41961669921875,0.107421875,29.0,370.0,370.0
Q00568__clean,Q00568,1,,jrzoutsourcingservices.com,data/qr_images/Q00568.png,none,none,6,1,http://cebuphonly.jrzoutsourcingservices.com/wp-content/themes/jrzouts/forms/paypal_donation.php,opencv,exact,96,37,52,0,3,1,1,0,0.0,2,0,0,0,0,0,5,0,0,0,0,0,0,4.453707814343077,0,0,0,0,0,0,0,1.0,0.6413826138365503,0.4670767216343356,0.3585662841796875,1.0,4859.472381591797,0.0687103271484375,0.762939453125,0.08203125,41.0,490.0,490.0
Q00569__clean,Q00569,0,,deerberg.de,data/qr_images/Q00569.png,none,none,3,1,https://www.deerberg.de/de/,opencv,exact,27,15,4,0,2,1,0,0,0.0,0,0,0,0,0,0,1,0,1,0,0,0,0,3.4541684103574037,0,0,0,0,0,0,0,1.0,0.6910138747271369,0.4536496486746963,0.3110923767089844,1.0,3006.8646850585938,0.04462432861328125,0.6103515625,0.107421875,29.0,370.0,370.0
Q00570__clean,Q00570,1,,long-term-service.com,data/qr_images/Q00570.png,none,none,5,1,https://airbnb-ch.long-term-service.com/1/listing/74/view-3wg2rxso/w875EjV3tA,opencv,exact,77,31,38,0,2,1,4,9,0.11688311688311688,4,0,0,0,0,0,5,0,1,0,0,0,0,4.777887801550823,0,0,0,0,0,0,0,1.0,0.6394882052552466,0.46906868538822155,0.3571014404296875,1.0,4155.269096374512,0.0604248046875,0.57220458984375,0.08984375,37.0,450.0,450.0
Q00571__clean,Q00571,1,,funeo.com,data/qr_images/Q00571.png,none,none,9,1,http://funeo.com/modules/blockmyaccountfooter/translations/loginpa-log-id003314580124/9796ce7e1653dec3971eb30436129379ODc1MzBhMjFlNGQ0YjgzMzgzM2ZhOGQzYzI1MmU5MjA=,opencv,exact,162,9,146,0,1,0,2,41,0.25308641975308643,3,0,0,1,0,0,5,0,0,0,0,0,0,5.328161115951643,2,1,0,1,0,0,0,1.0,0.6245543835209865,0.46899725866594627,0.3726158142089844,1.0,6062.334373474121,0.08390426635742188,1.068115234375,0.06640625,53.0,610.0,610.0
Q00572__clean,Q00572,1,,gsk-mozirje.si,data/qr_images/Q00572.png,none,none,4,1,http://gsk-mozirje.si/wp-content/plugins/wpsecone/icscards.nl/,opencv,exact,62,14,41,0,2,0,2,0,0.0,2,0,0,0,0,0,4,0,0,0,0,0,0,4.284425545300899,0,0,0,0,0,0,0,1.0,0.6674588072533701,0.46106574129617717,0.3295936584472656,1.0,3700.1649017333984,0.053882598876953125,0.34332275390625,0.09765625,33.0,410.0,410.0
Q00573__clean,Q00573,1,,growthprotocol.com,data/qr_images/Q00573.png,none,none,5,1,https://www.onlinewomenentrepreneurs.growthprotocol.com/js/identification.htm,opencv,exact,77,47,22,0,4,2,0,0,0.0,0,0,0,0,0,0,2,0,1,0,0,0,0,4.138132932345107,0,0,0,0,0,0,0,1.0,0.6473885180903416,0.4663454310116181,0.349395751953125,1.0,4095.652168273926,0.06072235107421875,0.72479248046875,0.08984375,37.0,450.0,450.0
Q00574__clean,Q00574,0,,bart.la,data/qr_images/Q00574.png,none,none,2,1,https://travel.bart.la/,opencv,exact,23,14,1,0,2,1,0,0,0.0,0,0,0,0,0,0,0,0,1,0,0,0,0,3.501397825434103,0,0,0,0,0,0,0,1.0,0.6969573675417433,0.4523178818950694,0.3071174621582031,1.0,2564.4296340942383,0.038440704345703125,0.34332275390625,0.12109375,25.0,330.0,330.0
Q00575__clean,Q00575,1,,evernote.com,data/qr_images/Q00575.png,none,none,13,1,https://www.evernote.com/shard/s430/client/snv?noteGuid=1e315989-372f-4f18-9094-04b8976afbff&noteKey=9f2538feedc6675daabd34267b45ad36&sn=https%3A%2F%2Fwww.evernote.com%2Fshard%2Fs430%2Fsh%2F1e315989-372f-4f18-9094-04b8976afbff%2F9f2538feedc6675daabd34267b45ad36&title=Secured%2BMicrosoft%2BAzure%2Bfor%2BOne%2BDrive%2BCloud%2Bcopy,opencv,exact,330,16,22,283,4,1,8,103,0.31212121212121213,31,0,1,4,3,15,4,4,1,0,0,0,0,5.204242131865164,1,0,0,0,1,0,0,1.0,0.5945342269598269,0.4686718514569751,0.4041557312011719,1.0,9131.488723754883,0.1209869384765625,1.1444091796875,0.052734375,69.0,770.0,770.0
Q00576__clean,Q00576,0,,wiktionary.org,data/qr_images/Q00576.png,none,none,3,1,https://en.wiktionary.org/wiki/insectarium,opencv,exact,42,17,17,0,2,1,0,0,0.0,0,0,0,0,0,0,2,0,1,0,0,0,0,4.08232813685843,0,0,0,0,0,0,0,1.0,0.6895538629270067,0.4543717525300209,0.3121452331542969,1.0,3078.3658142089844,0.0447235107421875,0.457763671875,0.107421875,29.0,370.0,370.0
Q00577__clean,Q00577,1,,cfccorp.net,data/qr_images/Q00577.png,none,none,3,1,http://cfccorp.net/afffffo/login.php,opencv,exact,36,11,18,0,2,0,0,0,0.0,0,0,0,0,0,0,2,0,0,0,0,0,0,3.7317461816973854,1,1,0,0,0,0,0,1.0,0.6844373665603937,0.45648590544761786,0.31754302978515625,1.0,3065.4372024536133,0.04445648193359375,0.457763671875,0.107421875,29.0,370.0,370.0
Q00578__clean,Q00578,1,,eanswers.com,data/qr_images/Q00578.png,none,none,4,1,http://music.eanswers.com/music.eanswers.com/go/,opencv,exact,48,18,23,0,4,1,0,0,0.0,0,0,0,0,0,0,2,0,0,0,0,0,0,3.9625811886185063,0,0,0,0,0,0,0,1.0,0.6615096447514552,0.46333971775278776,0.3357658386230469,1.0,3706.371162414551,0.053516387939453125,0.57220458984375,0.09765625,33.0,410.0,410.0
Q00579__clean,Q00579,1,,pwsportal.nl,data/qr_images/Q00579.png,none,none,4,1,http://mail.pwsportal.nl/~u43730p39181/pki-validation,opencv,exact,53,17,29,0,2,1,1,10,0.18867924528301888,2,0,0,0,0,0,2,0,0,0,0,0,0,4.513495398400928,0,0,0,0,0,0,0,1.0,0.6555591059666054,0.4651167169355075,0.3417778015136719,1.0,3671.502326965332,0.05411529541015625,0.30517578125,0.09765625,33.0,410.0,410.0
Q00580__clean,Q00580,1,,1drv.ms,data/qr_images/Q00580.png,none,none,4,1,https://1drv.ms/b/s!Aj8zvPcWg_DqgTEo3SpHkqXfKhkA,opencv,exact,48,7,33,0,1,0,0,3,0.0625,2,0,0,0,0,0,2,0,1,0,0,0,0,4.985902344426086,0,0,0,0,0,0,0,1.0,0.6698382807712929,0.4604415934723219,0.327362060546875,1.0,3585.7717895507812,0.052532196044921875,0.64849853515625,0.09765625,33.0,410.0,410.0
Q00581__clean,Q00581,1,,leaddogweb.com,data/qr_images/Q00581.png,none,none,4,1,http://www.leaddogweb.com/Docs/pvalidate.html,opencv,exact,45,18,20,0,3,1,0,0,0.0,0,0,0,0,0,0,2,0,0,0,0,0,0,4.146756984930101,0,0,0,0,0,0,0,1.0,0.6692411385330499,0.4605157673768385,0.32859039306640625,1.0,3607.740333557129,0.052947998046875,0.457763671875,0.09765625,33.0,410.0,410.0
Q00582__clean,Q00582,1,,surfeventsco.com,data/qr_images/Q00582.png,none,none,3,1,http://surfeventsco.com/cgi-/,opencv,exact,29,16,6,0,1,0,1,0,0.0,1,0,0,0,0,0,1,0,0,0,0,0,0,4.0472990984266435,0,0,0,0,0,0,0,1.0,0.6771364997414981,0.4595184350353647,0.32469940185546875,1.0,3151.742965698242,0.044708251953125,0.49591064453125,0.107421875,29.0,370.0,370.0
Q00583__clean,Q00583,0,,sublimefrequencies.com,data/qr_images/Q00583.png,none,none,3,1,http://www.sublimefrequencies.com/,opencv,exact,34,26,1,0,2,1,0,0,0.0,0,0,0,0,0,0,0,0,0,0,0,0,0,4.160704752887782,0,0,0,0,0,0,0,1.0,0.6800562540690104,0.4580477095423911,0.3222007751464844,1.0,3080.562919616699,0.04514312744140625,0.457763671875,0.107421875,29.0,370.0,370.0
Q00584__clean,Q00584,0,,budsas.org,data/qr_images/Q00584.png,none,none,4,1,http://www.budsas.org/ebud/whatbudbeliev/78.htm,opencv,exact,47,14,26,0,3,1,0,2,0.0425531914893617,0,0,0,0,0,0,3,0,0,0,0,0,0,4.205991447736059,0,0,0,0,0,0,0,1.0,0.6519903295180377,0.46646042898367696,0.3452606201171875,1.0,3650.317428588867,0.053333282470703125,0.457763671875,0.09765625,33.0,410.0,410.0
Q00585__clean,Q00585,0,,mp3clan.com,data/qr_images/Q00585.png,none,none,2,1,http://mp3clan.com/,opencv,exact,19,11,1,0,1,0,0,1,0.05263157894736842,0,0,0,0,0,0,0,0,0,0,0,0,0,3.576617644908665,0,0,0,0,0,0,0,1.0,0.701548183665556,0.45044592906544717,0.3022651672363281,1.0,2495.541358947754,0.0374908447265625,0.41961669921875,0.12109375,25.0,330.0,330.0
Q00586__clean,Q00586,1,,vape-town.ca,data/qr_images/Q00586.png,none,none,5,1,http://vape-town.ca/wp-includes/js/jcrop/cbt_options-social-icons.json.htm,opencv_aruco,exact,74,12,55,0,3,0,4,0,0.0,5,0,0,0,0,0,4,0,0,0,0,0,0,4.274662447695505,0,0,0,0,0,0,0,1.0,0.6384988822189032,0.46907470261907885,0.35768890380859375,1.0,4299.982482910156,0.06186676025390625,0.57220458984375,0.08984375,37.0,450.0,450.0
Q00587__clean,Q00587,1,,3.ly,data/qr_images/Q00587.png,none,none,2,1,http://3.ly/uhW,opencv,exact,15,4,4,0,1,0,0,1,0.06666666666666667,0,0,0,0,0,0,1,0,0,0,0,0,0,3.32323142879762,0,0,0,0,0,0,0,1.0,0.7079758588005515,0.4474412378711561,0.2961006164550781,1.0,2551.1326065063477,0.0380401611328125,0.49591064453125,0.12109375,25.0,330.0,330.0
Q00588__clean,Q00588,0,,beeradvocate.com,data/qr_images/Q00588.png,none,none,4,1,https://www.beeradvocate.com/articles/6_byob/,opencv,exact,45,20,17,0,2,1,0,1,0.022222222222222223,1,0,0,0,0,0,2,0,1,0,0,0,0,4.216651363324027,0,0,0,0,0,0,0,1.0,0.6722142387838924,0.459606783874321,0.3245277404785156,1.0,3590.8708724975586,0.052356719970703125,0.64849853515625,0.09765625,33.0,410.0,410.0
Q00589__clean,Q00589,0,,calciodonne.it,data/qr_images/Q00589.png,none,none,3,1,https://www.calciodonne.it/,opencv,exact,27,18,1,0,2,1,0,0,0.0,0,0,0,0,0,0,0,0,1,0,0,0,0,3.85619629821938,0,0,0,0,0,0,0,1.0,0.6917449203192019,0.4534239325622985,0.3104057312011719,1.0,3140.89102935791,0.045276641845703125,0.6103515625,0.107421875,29.0,370.0,370.0
Q00590__clean,Q00590,1,,workpump.com,data/qr_images/Q00590.png,none,none,3,1,http://workpump.com/blog/profile/,opencv,exact,33,12,14,0,1,0,0,0,0.0,0,0,0,0,0,0,2,0,0,0,0,0,0,3.96531410498158,0,0,0,0,0,0,0,1.0,0.6807883019540825,0.4578319079354729,0.32089996337890625,1.0,3108.217819213867,0.045078277587890625,0.34332275390625,0.107421875,29.0,370.0,370.0
Q00591__clean,Q00591,0,,zillow.com,data/qr_images/Q00591.png,none,none,3,1,https://www.zillow.com/fontana-ca/,opencv,exact,34,14,12,0,2,1,1,0,0.0,1,0,0,0,0,0,1,0,1,0,0,0,0,3.9620315910594455,0,0,0,0,0,0,0,1.0,0.6764052147958793,0.45932436760521284,0.3253059387207031,1.0,3135.9827194213867,0.04595947265625,0.49591064453125,0.107421875,29.0,370.0,370.0
Q00592__clean,Q00592,1,,vercel.app,data/qr_images/Q00592.png,none,none,3,1,https://1-20-29jngh9ok.vercel.app/,opencv,exact,34,25,1,0,2,1,2,6,0.17647058823529413,2,0,0,0,0,0,0,0,1,0,0,0,0,4.395998870534841,0,0,0,0,0,0,0,1.0,0.6859001758051854,0.45568933497724495,0.3158836364746094,1.0,3116.974365234375,0.045459747314453125,0.457763671875,0.107421875,29.0,370.0,370.0
Q00593__clean,Q00593,1,,accofestival.co.il,data/qr_images/Q00593.png,none,none,3,1,http://accofestival.co.il/libs/googledocs/,opencv,exact,42,18,17,0,2,0,0,0,0.0,0,0,0,0,0,0,2,0,0,0,0,0,0,3.9284140071748546,0,0,0,0,0,0,0,1.0,0.6749426449046415,0.4600984147365258,0.3271598815917969,1.0,3050.478988647461,0.044773101806640625,0.34332275390625,0.107421875,29.0,370.0,370.0
Q00594__clean,Q00594,1,,drrhau.com.au,data/qr_images/Q00594.png,none,none,4,1,http://www.drrhau.com.au/dropbox/auth/view/share/,opencv,exact,49,17,25,0,3,1,0,0,0.0,0,0,0,0,0,0,4,0,0,0,0,0,0,4.049994855073226,0,0,0,0,0,0,0,1.0,0.6680495168648514,0.461244261526199,0.32947540283203125,1.0,3602.1079864501953,0.052364349365234375,0.64849853515625,0.09765625,33.0,410.0,410.0
Q00595__clean,Q00595,0,,turtletrader.com,data/qr_images/Q00595.png,none,none,3,1,https://www.turtletrader.com/,opencv,exact,29,20,1,0,2,1,0,0,0.0,0,0,0,0,0,0,0,0,1,0,0,0,0,3.8278326164749097,0,0,0,0,0,0,0,1.0,0.6873608009487975,0.45512181968590165,0.3143653869628906,1.0,3186.3681411743164,0.045734405517578125,0.41961669921875,0.107421875,29.0,370.0,370.0
Q00596__clean,Q00596,1,,citieid.com,data/qr_images/Q00596.png,none,none,3,1,https://www.citieid.com/kenya,opencv,exact,29,15,6,0,2,1,0,0,0.0,0,0,0,0,0,0,1,0,1,0,0,0,0,3.9952378913808873,0,0,0,0,0,0,0,1.0,0.6829807356292126,0.4570869363624055,0.3191070556640625,1.0,3154.2128295898438,0.04503631591796875,0.5340576171875,0.107421875,29.0,370.0,370.0
Q00597__clean,Q00597,1,,salomostichting.nl,data/qr_images/Q00597.png,none,none,5,1,https://salomostichting.nl/wp-includes/aoss/ibabsa/~AbsaOnline.htm,opencv,exact,66,18,40,0,2,0,1,0,0.0,2,0,0,0,0,0,4,0,1,0,0,0,0,4.2532880677135365,0,0,0,0,0,0,0,1.0,0.6552898930568322,0.4639569487219959,0.34136199951171875,1.0,4153.939506530762,0.060642242431640625,0.6866455078125,0.08984375,37.0,450.0,450.0
Q00598__clean,Q00598,0,,tomsguide.com,data/qr_images/Q00598.png,none,none,5,1,"http://www.tomsguide.com/us/iphones-dont-need-antivirus-software,news-23111.html",opencv,exact,80,17,56,0,3,1,5,5,0.0625,6,0,0,0,0,0,2,0,0,0,0,0,0,4.476441577715048,0,0,0,0,0,0,0,1.0,0.6493652194154029,0.4658751708027966,0.3475761413574219,1.0,4035.369514465332,0.060115814208984375,0.57220458984375,0.08984375,37.0,450.0,450.0
Q00599__clean,Q00599,0,,douglas.pl,data/qr_images/Q00599.png,none,none,2,1,https://www.douglas.pl/,opencv,exact,23,14,1,0,2,1,0,0,0.0,0,0,0,0,0,0,0,0,1,0,0,0,0,3.6753108689123644,0,0,0,0,0,0,0,1.0,0.6914479274375765,0.45507157711347057,0.31250762939453125,1.0,2441.883674621582,0.0364227294921875,0.34332275390625,0.12109375,25.0,330.0,330.0
Q00600__clean,Q00600,0,,eurogamer.net,data/qr_images/Q00600.png,none,none,6,1,http://www.eurogamer.net/articles/2017-04-13-nintendo-switch-games-list-2017-release-dates,opencv,exact,90,17,66,0,2,1,9,12,0.13333333333333333,9,0,0,0,0,0,2,0,0,0,0,0,0,4.434823274695135,0,0,0,0,0,0,0,1.0,0.6522120008281633,0.46383012414070407,0.3476982116699219,1.0,4829.908760070801,0.06804656982421875,0.6866455078125,0.08203125,41.0,490.0,490.0
Q00601__clean,Q00601,0,,powerhome.jp,data/qr_images/Q00601.png,none,none,2,1,https://www.powerhome.jp/,opencv,exact,25,16,1,0,2,1,0,0,0.0,0,0,0,0,0,0,0,0,1,0,0,0,0,3.5434651896016462,0,0,0,0,0,0,0,1.0,0.6932819441253064,0.4540491846233286,0.310211181640625,1.0,2508.862823486328,0.0376434326171875,0.49591064453125,0.12109375,25.0,330.0,330.0
Q00602__clean,Q00602,0,,phprs.com.br,data/qr_images/Q00602.png,none,none,2,1,http://www.phprs.com.br/,opencv,exact,24,16,1,0,3,1,0,0,0.0,0,0,0,0,0,0,0,0,0,0,0,0,0,3.5424812503605785,0,0,0,0,0,0,0,1.0,0.7024680792116651,0.4502292418096501,0.3016929626464844,1.0,2426.304656982422,0.03646087646484375,0.457763671875,0.12109375,25.0,330.0,330.0
Q00603__clean,Q00603,1,,aegisredmedia.com,data/qr_images/Q00603.png,none,none,6,1,http://www.aegisredmedia.com/wp-content/plugins/sid/engl/WeTransfer/WeTransfer/index.php,opencv,exact,88,21,60,0,3,1,1,0,0.0,1,0,0,0,0,0,7,0,0,0,0,0,0,4.3531994900198905,0,0,0,0,0,0,0,1.0,0.635136323816636,0.4695493884853148,0.3649406433105469,1.0,4726.011924743652,0.06610870361328125,0.57220458984375,0.08203125,41.0,490.0,490.0
Q00604__clean,Q00604,1,,irzaknetwork.org,data/qr_images/Q00604.png,none,none,8,1,https://irzaknetwork.org/sdsdhededed/eBa.e12011.m44.l1483.euid67569894a2744aea88d4f40e7d49ea9c.bu43204723001.segname20200712114353/,opencv,exact,131,16,107,0,7,0,0,57,0.4351145038167939,0,0,0,0,0,0,2,0,1,0,0,0,0,4.702642468650774,0,0,0,0,0,0,0,1.0,0.6251104616651348,0.4681484357129063,0.3747062683105469,1.0,4905.540473937988,0.07901763916015625,0.95367431640625,0.0703125,49.0,570.0,570.0
Q00605__clean,Q00605,1,,108.166.202.103,data/qr_images/Q00605.png,none,none,2,1,http://108.166.202.103/pc/,opencv,exact,26,15,4,0,3,0,0,12,0.46153846153846156,0,0,0,0,0,0,1,0,0,1,0,0,0,3.53641423712223,0,0,0,0,0,0,0,1.0,0.6969576218548943,0.45230165578983167,0.30637359619140625,1.0,2563.287384033203,0.03833770751953125,0.41961669921875,0.12109375,25.0,330.0,330.0
Q00606__clean,Q00606,1,,typeform.com,data/qr_images/Q00606.png,none,none,3,1,https://hunteralan.typeform.com/to/jvQx7t,opencv,exact,41,23,10,0,2,1,0,1,0.024390243902439025,0,0,0,0,0,0,2,0,1,0,0,0,0,4.277926089825635,0,0,0,0,0,0,0,1.0,0.6742123772116269,0.46025631965010283,0.32769775390625,1.0,3179.0962142944336,0.0458984375,0.41961669921875,0.107421875,29.0,370.0,370.0
Q00607__clean,Q00607,1,,afterlivre.com,data/qr_images/Q00607.png,none,none,5,1,http://monchatauquotidien.afterlivre.com/livre-pour-ado-fille-13-ans.html,opencv,exact,73,33,33,0,3,1,5,2,0.0273972602739726,5,0,0,0,0,0,1,0,0,0,0,0,0,4.385756848415243,0,0,0,0,0,0,0,1.0,0.649365234375,0.46590807105113985,0.34717559814453125,1.0,4134.754722595215,0.06024169921875,0.5340576171875,0.08984375,37.0,450.0,450.0
Q00608__clean,Q00608,0,,google.com.et,data/qr_images/Q00608.png,none,none,6,1,https://books.google.com.et/books?id=KpY1hpKKwdQC&printsec=frontcover&hl=tr&source=gbs_atb,opencv,exact,90,19,6,56,3,1,0,1,0.011111111111111112,9,0,1,4,3,0,1,4,1,0,0,0,0,4.690418136669026,0,0,0,0,0,0,0,1.0,0.6372202704934513,0.46915766938985065,0.3633308410644531,1.0,4637.3273849487305,0.0652008056640625,0.6103515625,0.08203125,41.0,490.0,490.0
Q00609__clean,Q00609,1,,booktobi.com,data/qr_images/Q00609.png,none,none,3,1,http://handle.booktobi.com/img/rank/,opencv,exact,36,19,10,0,2,1,0,0,0.0,0,0,0,0,0,0,2,0,0,0,0,0,0,4.048688113203415,0,0,0,0,0,0,0,1.0,0.6793283200731465,0.45848925987775024,0.3219261169433594,1.0,3195.936851501465,0.0455322265625,0.49591064453125,0.107421875,29.0,370.0,370.0
Q00610__clean,Q00610,1,,yasmijnwestenberg.nl,data/qr_images/Q00610.png,none,none,4,1,http://mail.yasmijnwestenberg.nl/~u43730p39181/pki-validation,opencv,exact,61,25,29,0,2,1,1,10,0.16393442622950818,2,0,0,0,0,0,2,0,0,0,0,0,0,4.7728817558728736,0,0,0,0,0,0,0,1.0,0.6638888190774357,0.462809528232665,0.33325958251953125,1.0,3589.755195617676,0.052104949951171875,0.49591064453125,0.09765625,33.0,410.0,410.0
Q00611__clean,Q00611,0,,hospitalitydnb.com,data/qr_images/Q00611.png,none,none,3,1,http://www.hospitalitydnb.com/,opencv,exact,30,22,1,0,2,1,0,0,0.0,0,0,0,0,0,0,0,0,0,0,0,0,0,3.9898980954642878,0,0,0,0,0,0,0,1.0,0.6858985751282936,0.4558243629561124,0.3160667419433594,1.0,3143.427375793457,0.045139312744140625,0.72479248046875,0.107421875,29.0,370.0,370.0
Q00612__clean,Q00612,0,,trurodaily.com,data/qr_images/Q00612.png,none,none,2,1,http://www.trurodaily.com/,opencv,exact,26,18,1,0,2,1,0,0,0.0,0,0,0,0,0,0,0,0,0,0,0,0,0,3.921029621737614,0,0,0,0,0,0,0,1.0,0.687775032193053,0.45642186340522545,0.3160362243652344,1.0,2521.761833190918,0.037456512451171875,0.34332275390625,0.12109375,25.0,330.0,330.0
Q00613__clean,Q00613,1,,my-free.website,data/qr_images/Q00613.png,none,none,3,1,http://opteckm.my-free.website/,opencv,exact,31,23,1,0,2,1,1,0,0.0,1,0,0,0,0,0,0,0,0,0,0,0,0,3.9746954079158976,0,0,0,0,0,0,0,1.0,0.6917442172181373,0.4532259628393649,0.3099327087402344,1.0,3210.589401245117,0.04604339599609375,0.64849853515625,0.107421875,29.0,370.0,370.0
Q00614__clean,Q00614,1,,fndsdaytings.com,data/qr_images/Q00614.png,none,none,5,1,http://fndsdaytings.com/r/928d9c3e-9867-42da-a4fb-741038267b8c/5eeb9ef53da77465841/,opencv,exact,83,16,60,0,1,0,4,34,0.40963855421686746,4,0,0,0,0,0,3,0,0,0,0,0,0,4.71254019135437,0,0,0,0,0,0,0,1.0,0.6493637982536765,0.46561727879924564,0.3476753234863281,1.0,4365.00235748291,0.06266021728515625,0.41961669921875,0.08984375,37.0,450.0,450.0
Q00615__clean,Q00615,1,,shadetreetechnology.com,data/qr_images/Q00615.png,none,none,5,1,http://www.shadetreetechnology.com/V4/validation/7259ebc0a75ce9b05f488749c23fee10,opencv,exact,81,27,47,0,2,1,0,21,0.25925925925925924,0,0,0,0,0,0,3,0,0,0,0,0,0,4.782897732039505,0,0,0,0,0,0,0,1.0,0.6636819128896676,0.46122764774175645,0.33286285400390625,1.0,4139.661903381348,0.05998992919921875,0.5340576171875,0.08984375,37.0,450.0,450.0
Q00616__clean,Q00616,1,,twowheelcool.com,data/qr_images/Q00616.png,none,none,4,1,http://twowheelcool.com/twitter.com/index759b.html,opencv,exact,50,16,27,0,3,0,0,3,0.06,0,0,0,0,0,0,2,0,0,0,0,0,0,4.0880471909383065,0,0,0,0,0,0,0,1.0,0.6686463748707491,0.46054648539730136,0.3287544250488281,1.0,3692.9509811401367,0.054096221923828125,0.6103515625,0.09765625,33.0,410.0,410.0
Q00617__clean,Q00617,1,,annikasangster.info,data/qr_images/Q00617.png,none,none,4,1,http://www.annikasangster.info/journal/MARKET/,opencv,exact,46,23,16,0,2,1,0,0,0.0,0,0,0,0,0,0,2,0,0,0,0,0,0,4.420756391857,0,0,0,0,0,0,0,1.0,0.6751917221966912,0.4585603748192535,0.3212738037109375,1.0,3592.404083251953,0.0522918701171875,0.5340576171875,0.09765625,33.0,410.0,410.0
Q00618__clean,Q00618,0,,schorrlaw.com,data/qr_images/Q00618.png,none,none,2,1,https://www.schorrlaw.com/,opencv,exact,26,17,1,0,2,1,0,0,0.0,0,0,0,0,0,0,0,0,1,0,0,0,0,3.671405583442497,0,0,0,0,0,0,0,1.0,0.6932821685192632,0.45393151555436795,0.3108406066894531,1.0,2530.0269165039062,0.038097381591796875,0.5340576171875,0.12109375,25.0,330.0,330.0
Q00619__clean,Q00619,0,,spelbutiken.se,data/qr_images/Q00619.png,none,none,3,1,https://www.spelbutiken.se/,opencv,exact,27,18,1,0,2,1,0,0,0.0,0,0,0,0,0,0,0,0,1,0,0,0,0,3.7262046313924566,0,0,0,0,0,0,0,1.0,0.6815180909399893,0.4575753662460067,0.3209037780761719,1.0,3093.4995193481445,0.045131683349609375,0.5340576171875,0.107421875,29.0,370.0,370.0
Q00620__clean,Q00620,1,,theclimatemakers.com,data/qr_images/Q00620.png,none,none,5,1,http://www.theclimatemakers.com/downloader/Maged/Account_update.htm,opencv,exact,67,24,36,0,3,1,0,0,0.0,1,0,0,0,0,0,3,0,0,0,0,0,0,4.306532244011045,2,0,0,1,0,1,0,1.0,0.658745470233992,0.4631524136465515,0.3376960754394531,1.0,4137.297248840332,0.05937957763671875,0.57220458984375,0.08984375,37.0,450.0,450.0
Q00621__clean,Q00621,1,,blogspot.be,data/qr_images/Q00621.png,none,none,3,1,https://viatraniver1972.blogspot.be,opencv,exact,35,27,0,0,2,1,0,4,0.11428571428571428,0,0,0,0,0,0,0,0,1,0,0,0,0,4.272140159802108,0,0,0,0,0,0,0,1.0,0.6734832314883962,0.4605882717083852,0.3278656005859375,1.0,3172.2868423461914,0.04572296142578125,0.41961669921875,0.107421875,29.0,370.0,370.0
Q00622__clean,Q00622,0,,globalsecurity.org,data/qr_images/Q00622.png,none,none,4,1,http://www.globalsecurity.org/military/agency/army/usarpac.htm,opencv,exact,62,22,33,0,3,1,0,0,0.0,0,0,0,0,0,0,4,0,0,0,0,0,0,4.219953673730878,0,0,0,0,0,0,0,1.0,0.6698352290134804,0.46062466580866995,0.32715606689453125,1.0,3627.6654739379883,0.052425384521484375,0.6103515625,0.09765625,33.0,410.0,410.0
Q00623__clean,Q00623,0,,powerrangerssamurai.org,data/qr_images/Q00623.png,none,none,3,1,https://www.powerrangerssamurai.org/,opencv,exact,36,27,1,0,2,1,0,0,0.0,0,0,0,0,0,0,0,0,1,0,0,0,0,3.8956388075276673,0,0,0,0,0,0,0,1.0,0.6822497498755361,0.4572831303269725,0.31940460205078125,1.0,3072.981964111328,0.044891357421875,0.457763671875,0.107421875,29.0,370.0,370.0
Q00624__clean,Q00624,1,,azurewebsites.net,data/qr_images/Q00624.png,none,none,6,1,https://gerenciamentoacoes20171004050025.azurewebsites.net/Account/LogIn?ReturnUrl=%2F,opencv,exact,86,50,14,13,2,1,0,15,0.1744186046511628,3,0,1,1,0,1,2,1,1,0,0,0,0,4.7580668246726985,2,1,0,1,0,0,0,1.0,0.6476279614018459,0.4658848163674821,0.3521461486816406,1.0,4794.331008911133,0.06618881225585938,0.6103515625,0.08203125,41.0,490.0,490.0
Q00625__clean,Q00625,1,,detes.sk,data/qr_images/Q00625.png,none,none,3,1,http://detes.sk/1122//?sec=Yvonne%20Goebel,opencv,exact,42,8,7,19,1,0,0,6,0.14285714285714285,3,0,1,1,0,1,1,1,0,0,0,0,1,4.264125089796519,0,0,0,0,0,0,0,1.0,0.6990496317545573,0.45015080619722153,0.30239105224609375,1.0,3087.262336730957,0.045185089111328125,0.64849853515625,0.107421875,29.0,370.0,370.0
Q00626__clean,Q00626,1,,paramadina.web.id,data/qr_images/Q00626.png,none,none,4,1,http://revaldy.paramadina.web.id/1/index.htm,opencv,exact,44,25,12,0,4,1,0,1,0.022727272727272728,0,0,0,0,0,0,2,0,0,0,0,0,0,4.098652005434406,0,0,0,0,0,0,0,1.0,0.6739985596899892,0.45920327709281694,0.32283782958984375,1.0,3480.5654907226562,0.051025390625,0.6866455078125,0.09765625,33.0,410.0,410.0
Q00627__clean,Q00627,1,,ultimateislandguide.com,data/qr_images/Q00627.png,none,none,6,1,https://www.ultimateislandguide.com/wp_images/charlton/basque/bolton/excilefiless/excilefiless,opencv,exact,94,27,59,0,2,1,0,0,0.0,1,0,0,0,0,0,6,0,1,0,0,0,0,4.31412758642096,0,0,0,0,0,0,0,1.0,0.6422158783557368,0.46711379784922846,0.3582344055175781,1.0,4791.531799316406,0.0675811767578125,0.64849853515625,0.08203125,41.0,490.0,490.0
Q00628__clean,Q00628,0,,connectify.me,data/qr_images/Q00628.png,none,none,2,1,https://www.connectify.me,opencv,exact,25,17,0,0,2,1,0,0,0.0,0,0,0,0,0,0,0,0,1,0,0,0,0,3.863465189601646,0,0,0,0,0,0,0,1.0,0.6951190125708486,0.4529285096918583,0.30863189697265625,1.0,2609.730255126953,0.039215087890625,0.41961669921875,0.12109375,25.0,330.0,330.0
Q00629__clean,Q00629,1,,whodigital.com,data/qr_images/Q00629.png,none,none,4,1,http://caxtons.whodigital.com/LORDS/ipad/ipad/Docs.htm,opencv,exact,54,22,25,0,3,1,0,0,0.0,0,0,0,0,0,0,4,0,0,0,0,0,0,4.256853187541598,0,0,0,0,0,0,0,1.0,0.6722153607536765,0.45941508323876323,0.3249015808105469,1.0,3569.4538040161133,0.052791595458984375,0.57220458984375,0.09765625,33.0,410.0,410.0
Q00630__clean,Q00630,0,,skytel.mn,data/qr_images/Q00630.png,none,none,2,1,https://www.skytel.mn/,opencv,exact,22,13,1,0,2,1,0,0,0.0,0,0,0,0,0,0,0,0,1,0,0,0,0,3.629219686524096,0,0,0,0,0,0,0,1.0,0.6877726835363052,0.4563880141869564,0.3155403137207031,1.0,2488.3055267333984,0.037418365478515625,0.3814697265625,0.12109375,25.0,330.0,330.0
Q00631__clean,Q00631,1,,ht.ly,data/qr_images/Q00631.png,none,none,2,1,http://ht.ly/SIVO30qlMr4,opencv,exact,24,5,12,0,1,0,0,3,0.125,0,0,0,0,0,0,1,0,0,0,0,0,0,4.0220552088742005,0,0,0,0,0,0,0,1.0,0.7098137350643382,0.4467845548077952,0.2938117980957031,1.0,2433.932243347168,0.036663055419921875,0.5340576171875,0.12109375,25.0,330.0,330.0
Q00632__clean,Q00632,0,,esen.tn,data/qr_images/Q00632.png,none,none,2,1,https://www.esen.tn/,opencv,exact,20,11,1,0,2,1,0,0,0.0,0,0,0,0,0,0,0,0,1,0,0,0,0,3.2086949695628415,0,0,0,0,0,0,0,1.0,0.6840989056755514,0.4579488859583514,0.31920623779296875,1.0,2513.527656555176,0.03741455078125,0.457763671875,0.12109375,25.0,330.0,330.0
Q00633__clean,Q00633,1,,216.222.194.94,data/qr_images/Q00633.png,none,none,4,1,http://216.222.194.94/images/social/sign-in,opencv,exact,43,14,22,0,3,0,1,11,0.2558139534883721,1,0,0,0,0,0,3,0,0,1,0,0,0,4.2374411389168944,0,0,0,0,0,0,0,1.0,0.6591286603142233,0.4641597759038994,0.3378562927246094,1.0,3638.8512802124023,0.053119659423828125,0.64849853515625,0.09765625,33.0,410.0,410.0
Q00634__clean,Q00634,0,,wearethecity.com,data/qr_images/Q00634.png,none,none,5,1,https://www.wearethecity.com/dealing-passive-aggressive-behaviour-workplace/,opencv,exact,76,20,48,0,2,1,4,0,0.0,4,0,0,0,0,0,1,0,1,0,0,0,0,4.361120323264651,0,0,0,0,0,0,0,1.0,0.6582528955796185,0.46350617330212907,0.3389854431152344,1.0,4028.829261779785,0.058223724365234375,0.64849853515625,0.08984375,37.0,450.0,450.0
Q00635__clean,Q00635,0,,todayshomeowner.com,data/qr_images/Q00635.png,none,none,5,1,https://www.todayshomeowner.com/how-to-make-homemade-insecticidal-soap-for-plants/,opencv_aruco,exact,82,23,51,0,2,1,7,0,0.0,7,0,0,0,0,0,1,0,1,0,0,0,0,4.219582572734027,0,0,0,0,0,0,0,1.0,0.652328551049326,0.46467793070436597,0.3441963195800781,1.0,4288.220642089844,0.061817169189453125,0.49591064453125,0.08984375,37.0,450.0,450.0
Q00636__clean,Q00636,1,,arushaone.co.tz,data/qr_images/Q00636.png,none,none,12,1,https://arushaone.co.tz/wp-includes/Wellsfargo/wellsfargo/wells-fargo-security-update/login.php?cmd=login_submit&id=da8f8027c07b84030ad9a9ca5272d2d1da8f8027c07b84030ad9a9ca5272d2d1&session=da8f8027c07b84030ad9a9ca5272d2d1da8f8027c07b84030ad9a9ca5272d2d1,opencv,exact,253,15,72,157,3,0,4,80,0.31620553359683795,11,0,1,3,2,0,5,3,1,0,0,0,0,4.871019655427387,2,1,0,0,0,1,0,1.0,0.6025632521685432,0.4668791081304891,0.39754486083984375,1.0,7610.014419555664,0.11368560791015625,1.4495849609375,0.0546875,65.0,730.0,730.0
Q00637__clean,Q00637,1,,heartstrongyoga.com,data/qr_images/Q00637.png,none,none,4,1,http://heartstrongyoga.com/main/lado/index.htm,opencv,exact,46,19,20,0,2,0,0,0,0.0,0,0,0,0,0,0,3,0,0,0,0,0,0,4.099997967896925,0,0,0,0,0,0,0,1.0,0.6668597950654871,0.4618215526770772,0.3294410705566406,1.0,3498.4954833984375,0.05124664306640625,0.5340576171875,0.09765625,33.0,410.0,410.0
Q00638__clean,Q00638,0,,canon-europe.com,data/qr_images/Q00638.png,none,none,4,1,http://www.canon-europe.com/cameras/wifi-cameras/,opencv,exact,49,20,22,0,2,1,2,0,0.0,2,0,0,0,0,0,2,0,0,0,0,0,0,4.074221202169003,0,0,0,0,0,0,0,1.0,0.674000399720435,0.4591225262925883,0.322998046875,1.0,3584.4998474121094,0.05184173583984375,0.49591064453125,0.09765625,33.0,410.0,410.0
Q00639__clean,Q00639,1,,leadsrus.co,data/qr_images/Q00639.png,none,none,4,1,http://leadsrus.co/wp-html/hanmail/index.php,opencv,exact,44,11,26,0,2,0,1,0,0.0,1,0,0,0,0,0,3,0,0,0,0,0,0,4.189561096343496,0,0,0,0,0,0,0,1.0,0.6567512661803002,0.4648383047854881,0.3406257629394531,1.0,3694.1242065429688,0.053813934326171875,0.3814697265625,0.09765625,33.0,410.0,410.0
Q00640__clean,Q00640,1,,netsolhost.com,data/qr_images/Q00640.png,none,none,5,1,http://03418f6.netsolhost.com/FF7AADF203DF6C7A0B7C8A74B8164E55/?sec=Puc%20Kotsis,opencv,exact,80,22,34,16,2,1,0,25,0.3125,3,0,1,1,0,1,1,1,0,0,0,0,0,4.943942707918269,0,0,0,0,0,0,0,1.0,0.6582534042059206,0.46342336645219623,0.33911895751953125,1.0,3916.2144088745117,0.057727813720703125,0.6866455078125,0.08984375,37.0,450.0,450.0
Q00641__clean,Q00641,0,,computerworld.com,data/qr_images/Q00641.png,none,none,5,1,http://www.computerworld.com/article/2550305/mobile-wireless/mesh-networks.html,opencv,exact,79,21,51,0,3,1,2,7,0.08860759493670886,2,0,0,0,0,0,4,0,0,0,0,0,0,4.400061648481551,0,0,0,0,0,0,0,1.0,0.6612155989104627,0.46191253165661217,0.3354644775390625,1.0,4179.044624328613,0.06072235107421875,0.49591064453125,0.08984375,37.0,450.0,450.0
Q00642__clean,Q00642,0,,deloitte.com,data/qr_images/Q00642.png,none,none,6,1,https://www2.deloitte.com/content/dam/Deloitte/pl/Documents/Reports/pl_travel-consumer_EN.pdf,opencv,exact,93,17,68,0,3,1,1,1,0.010752688172043012,3,0,0,0,0,0,7,0,1,0,0,0,0,4.399344690216607,0,0,0,0,0,0,0,1.0,0.6467965369131051,0.4654031362505245,0.3535881042480469,1.0,4897.5449142456055,0.06902694702148438,0.49591064453125,0.08203125,41.0,490.0,490.0
Q00643__clean,Q00643,1,,pinnerx.com,data/qr_images/Q00643.png,none,none,6,1,http://pinnerx.com/abc/Si0BvtOxDKySD1hCvjnGehqjSKPmEX9xga8LDXigHR9kTqWoKk5YCwhug6QV40skaB5Nyo4fgdA,opencv,exact,98,11,80,0,1,0,0,11,0.11224489795918367,0,0,0,0,0,0,2,0,0,0,0,0,0,5.57849683369037,0,0,0,0,0,0,0,1.0,0.6505490321739047,0.4646250126496126,0.34973907470703125,1.0,4748.641693115234,0.06693649291992188,0.57220458984375,0.08203125,41.0,490.0,490.0
Q00644__clean,Q00644,1,,psykologidialog.dk,data/qr_images/Q00644.png,none,none,3,1,http://psykologidialog.dk/wp-admin/up.php,opencv,exact,41,18,16,0,2,0,1,0,0.0,1,0,0,0,0,0,2,0,0,0,0,0,0,4.094760845817661,0,0,0,0,0,0,0,1.0,0.6829796884574142,0.45712952344500596,0.3190269470214844,1.0,3145.5025787353516,0.044971466064453125,0.5340576171875,0.107421875,29.0,370.0,370.0
Q00645__clean,Q00645,1,,fairilyused.com,data/qr_images/Q00645.png,none,none,12,1,https://fairilyused.com/wp-content/upgrade/en/ky-1/1/index.html?7777772e66616972696c79757365642e636f6d-7777772e66616972696c79757365642e636f6d-7777772e66616972696c79757365642e636f6d7777772e66616972696c79757365642e636f6d7777772e66616972696c79757365642e636f6d,opencv,exact,256,15,40,192,2,0,4,167,0.65234375,5,0,1,0,0,0,6,1,1,0,0,0,0,4.039226436331809,0,0,0,0,0,0,0,1.0,0.6036873761345358,0.46573503961943263,0.3966255187988281,1.0,7959.308731079102,0.11793136596679688,1.4495849609375,0.0546875,65.0,730.0,730.0
Q00646__clean,Q00646,0,,panduit.com,data/qr_images/Q00646.png,none,none,6,1,http://www.panduit.com/heiler/ProductBulletins/D-COCB07--SA-ENG-Cat6A-SD-Cop-Cabl-Sys-W.pdf,opencv,exact,91,15,69,0,3,1,10,3,0.03296703296703297,10,0,0,0,0,0,3,0,0,0,0,0,0,4.895241624577321,0,0,0,0,0,0,0,1.0,0.6459652769799326,0.4659422124410303,0.35382843017578125,1.0,4780.611122131348,0.06761550903320312,0.80108642578125,0.08203125,41.0,490.0,490.0
Q00647__clean,Q00647,0,,taxydromiki.com,data/qr_images/Q00647.png,none,none,3,1,https://www.taxydromiki.com/,opencv,exact,28,19,1,0,2,1,0,0,0.0,0,0,0,0,0,0,0,0,1,0,0,0,0,4.012188403968661,0,0,0,0,0,0,0,1.0,0.6880924748439415,0.454990072809337,0.3132286071777344,1.0,3111.7794799804688,0.044834136962890625,0.457763671875,0.107421875,29.0,370.0,370.0
Q00648__clean,Q00648,1,,surge.sh,data/qr_images/Q00648.png,none,none,3,1,https://onedrivedocs-tent.surge.sh/,opencv,exact,35,26,1,0,2,1,1,0,0.0,1,0,0,0,0,0,0,0,1,0,0,0,0,3.9648576597402947,0,0,0,0,0,0,0,1.0,0.6902809292662377,0.454034049522273,0.3116569519042969,1.0,3102.319480895996,0.044948577880859375,0.57220458984375,0.107421875,29.0,370.0,370.0
Q00649__clean,Q00649,1,,gruposumar.com.ar,data/qr_images/Q00649.png,none,none,4,1,https://gruposumar.com.ar/wp/wp-content/plugins/images/e,opencv,exact,56,17,31,0,2,0,1,0,0.0,1,0,0,0,0,0,5,0,1,0,0,0,0,4.141279476590679,0,0,0,0,0,0,0,1.0,0.6496112599092372,0.46759966849824797,0.3477630615234375,1.0,3567.435287475586,0.05193328857421875,0.57220458984375,0.09765625,33.0,410.0,410.0
Q00650__clean,Q00650,1,,cloudaccess.host,data/qr_images/Q00650.png,none,none,4,1,https://sparebenek1-builhelps.cloudaccess.host/IDLog-on,opencv,exact,55,38,9,0,2,1,2,1,0.01818181818181818,2,0,0,0,0,0,1,0,1,0,0,0,0,4.405928068220212,0,0,0,0,0,0,0,1.0,0.6519882351744408,0.4667751561807762,0.3452949523925781,1.0,3588.962600708008,0.05199432373046875,0.49591064453125,0.09765625,33.0,410.0,410.0
Q00651__clean,Q00651,1,,w3stco.com,data/qr_images/Q00651.png,none,none,3,1,http://www.w3stco.com/home.php,opencv,exact,30,14,9,0,3,1,0,1,0.03333333333333333,0,0,0,0,0,0,1,0,0,0,0,0,0,3.5559130951758244,0,0,0,0,0,0,0,1.0,0.6829752753762638,0.4570156820301714,0.31891632080078125,1.0,3072.757766723633,0.0447235107421875,0.57220458984375,0.107421875,29.0,370.0,370.0
Q00652__clean,Q00652,1,,gradshower.com,data/qr_images/Q00652.png,none,none,6,1,http://www.gradshower.com/wp-content/plugins/Update/bancor/8bb242726899b6e297bce14975c8dc29/info.php,opencv,exact,100,18,75,0,3,1,1,22,0.22,1,0,0,0,0,0,6,0,0,0,0,0,0,4.7320473265817995,1,0,0,0,0,1,0,1.0,0.6438840978285846,0.4663011850590448,0.356170654296875,1.0,4857.228172302246,0.06870651245117188,0.6103515625,0.08203125,41.0,490.0,490.0
Q00653__clean,Q00653,1,,dichvuvnpt.com,data/qr_images/Q00653.png,none,none,4,1,http://dichvuvnpt.com/home/components/com_user/bbtonline.html,opencv,exact,61,14,40,0,2,0,0,0,0.0,1,0,0,0,0,0,4,0,0,0,0,0,0,4.0864177725789865,0,0,0,0,0,0,0,1.0,0.6508003234863281,0.46672677324096334,0.347076416015625,1.0,3652.227424621582,0.053676605224609375,0.34332275390625,0.09765625,33.0,410.0,410.0
Q00654__clean,Q00654,1,,my-free.website,data/qr_images/Q00654.png,none,none,3,1,http://web-ca-admini.my-free.website/,opencv,exact,37,29,1,0,2,1,3,0,0.0,3,0,0,0,0,0,0,0,0,0,0,0,0,4.11136713635623,0,0,0,0,0,0,0,1.0,0.6975851619944853,0.45099090093893596,0.3050346374511719,1.0,3049.7295684814453,0.044322967529296875,0.457763671875,0.107421875,29.0,370.0,370.0
Q00655__clean,Q00655,0,,altiusdirectory.com,data/qr_images/Q00655.png,none,none,5,1,http://www.altiusdirectory.com/Sports/australian-open-tennis-prize-money.html,opencv,exact,77,23,47,0,3,1,4,0,0.0,4,0,0,0,0,0,2,0,0,0,0,0,0,4.3308417045801235,0,0,0,0,0,0,0,1.0,0.6617096844841452,0.46229010078404154,0.3340339660644531,1.0,4025.8894805908203,0.05838775634765625,0.762939453125,0.08984375,37.0,450.0,450.0
Q00656__clean,Q00656,1,,astroresidential.co.uk,data/qr_images/Q00656.png,none,none,4,1,http://www.astroresidential.co.uk/application/data/,opencv,exact,51,26,18,0,3,1,0,0,0.0,0,0,0,0,0,0,2,0,0,0,0,0,0,4.0322539597804266,0,0,0,0,0,0,0,1.0,0.6555580887140012,0.4652311079596754,0.3416862487792969,1.0,3689.9227905273438,0.053863525390625,0.5340576171875,0.09765625,33.0,410.0,410.0
Q00657__clean,Q00657,1,,rf.gd,data/qr_images/Q00657.png,none,none,3,1,http://lbcpzonasegurabeta.rf.gd/,opencv,exact,32,24,1,0,2,1,0,0,0.0,0,0,0,0,0,0,0,0,0,0,0,0,0,4.179229296672174,0,0,0,0,0,0,0,1.0,0.6712904088637408,0.46147606807392255,0.3303413391113281,1.0,3126.384635925293,0.045230865478515625,0.457763671875,0.107421875,29.0,370.0,370.0
Q00658__clean,Q00658,0,,softpedia.com,data/qr_images/Q00658.png,none,none,6,1,http://www.softpedia.com/get/Internet/Internet-Radio-TV-Player/Online-Radio-Tuner.shtml,opencv,exact,87,17,63,0,3,1,5,0,0.0,5,0,0,0,0,0,4,0,0,0,0,0,0,4.502149243345481,0,0,0,0,0,0,0,1.0,0.6430518804811964,0.466915801706881,0.3570442199707031,1.0,4777.3897705078125,0.06726837158203125,0.64849853515625,0.08203125,41.0,490.0,490.0
Q00659__clean,Q00659,0,,kfc.com.au,data/qr_images/Q00659.png,none,none,2,1,https://www.kfc.com.au/,opencv,exact,23,14,1,0,3,1,0,0,0.0,0,0,0,0,0,0,0,0,1,0,0,0,0,3.729446194905257,0,0,0,0,0,0,0,1.0,0.7033860300101485,0.4497144300325153,0.3002357482910156,1.0,2533.651107788086,0.0374298095703125,0.5340576171875,0.12109375,25.0,330.0,330.0
Q00660__clean,Q00660,0,,dadcooksdinner.com,data/qr_images/Q00660.png,none,none,5,1,https://www.dadcooksdinner.com/grilled-pork-tenderloin-with-gochujang-marinade/,opencv,exact,79,22,49,0,2,1,5,0,0.0,5,0,0,0,0,0,1,0,1,0,0,0,0,4.354572685906446,0,0,0,0,0,0,0,1.0,0.66022762223786,0.4621791861353262,0.33641815185546875,1.0,4144.216079711914,0.060710906982421875,0.3814697265625,0.08984375,37.0,450.0,450.0
Q00661__clean,Q00661,0,,philedmonds.com,data/qr_images/Q00661.png,none,none,6,1,http://www.philedmonds.com/2013/02/flip-and-vote-letting-the-listener-decide-their-favourite-radio-format/,opencv,exact,106,19,80,0,2,1,10,6,0.05660377358490566,10,0,0,0,0,0,3,0,0,0,0,0,0,4.418332168311384,0,0,0,0,0,0,0,1.0,0.6505479999617034,0.46430566090885866,0.3487739562988281,1.0,4917.916038513184,0.06881332397460938,0.57220458984375,0.08203125,41.0,490.0,490.0
Q00662__clean,Q00662,1,,orderpps.xyz,data/qr_images/Q00662.png,none,none,2,1,https://orderpps.xyz/,opencv,exact,21,12,1,0,1,0,0,0,0.0,0,0,0,0,0,0,0,0,1,0,0,0,0,3.6537567082870006,0,0,0,0,0,0,0,1.0,0.7107315362668505,0.4464607570424364,0.2930870056152344,1.0,2487.409133911133,0.036739349365234375,0.34332275390625,0.12109375,25.0,330.0,330.0
Q00663__clean,Q00663,0,,easternflorida.edu,data/qr_images/Q00663.png,none,none,8,1,http://www.easternflorida.edu/community-resources/child-development-centers/parent-resource-library/documents/self-help-skills-chores.pdf,opencv,exact,137,22,108,0,3,1,8,0,0.0,8,0,0,0,0,0,5,0,0,0,0,0,0,4.340167233640788,0,0,0,0,0,0,0,1.0,0.6244913736979166,0.4677550728435911,0.3754386901855469,1.0,5148.461730957031,0.08229827880859375,0.9918212890625,0.0703125,49.0,570.0,570.0
Q00664__clean,Q00664,1,,vilanovacenter.com,data/qr_images/Q00664.png,none,none,4,1,http://vilanovacenter.com/templates/yoo_bigeasy/janetyolo/,opencv,exact,58,18,33,0,1,0,0,0,0.0,1,0,0,0,0,0,3,0,0,0,0,0,0,4.135336115847659,0,0,0,0,0,0,0,1.0,0.6662664376053156,0.4619491447985352,0.33086395263671875,1.0,3621.661994934082,0.052215576171875,0.5340576171875,0.09765625,33.0,410.0,410.0
Q00665__clean,Q00665,1,,gogoanime1.net,data/qr_images/Q00665.png,none,none,5,1,https://gogoanime1.net/.well-known/acme-challenge/bid/login.php,opencv,exact,63,14,41,0,3,0,2,1,0.015873015873015872,2,0,0,0,0,0,4,0,1,0,0,0,0,4.220640391747559,1,1,0,0,0,0,0,1.0,0.656277031991996,0.4642252248220292,0.34046173095703125,1.0,4067.929512023926,0.05841064453125,0.49591064453125,0.08984375,37.0,450.0,450.0
Q00666__clean,Q00666,0,,autobytel.com,data/qr_images/Q00666.png,none,none,7,1,http://www.autobytel.com/sport-utility-vehicles/car-buying-guides/10-suvs-with-a-manual-transmission-131194/,opencv,exact,108,17,84,0,2,1,10,8,0.07407407407407407,10,0,0,0,0,0,3,0,0,0,0,0,0,4.550698905074092,0,0,0,0,0,0,0,1.0,0.6205134522681143,0.4717938009794296,0.37744140625,1.0,5029.401062011719,0.0729522705078125,0.87738037109375,0.076171875,45.0,530.0,530.0
Q00667__clean,Q00667,1,,nixtechnix.com,data/qr_images/Q00667.png,none,none,3,1,http://nixtechnix.com/hhhh/li/login=,opencv,exact,36,14,15,0,1,0,0,0,0.0,1,0,0,1,0,0,3,0,0,0,0,0,0,3.7080030435786817,1,1,0,0,0,0,0,1.0,0.6793249990425858,0.4584248635957706,0.3226051330566406,1.0,3100.153007507324,0.04503631591796875,0.457763671875,0.107421875,29.0,370.0,370.0
Q00668__clean,Q00668,0,,opensourceecology.org,data/qr_images/Q00668.png,none,none,6,1,http://opensourceecology.org/open-source-hardware-enterprise-model-distributive-enterprise/,opencv,exact,91,21,63,0,1,0,6,0,0.0,6,0,0,0,0,0,1,0,0,0,0,0,0,4.14916404903238,0,0,0,0,0,0,0,1.0,0.6438836939194623,0.466567784788137,0.3558387756347656,1.0,4859.148597717285,0.06792068481445312,0.57220458984375,0.08203125,41.0,490.0,490.0
Q00669__clean,Q00669,0,,orafaq.com,data/qr_images/Q00669.png,none,none,2,1,http://www.orafaq.com/,opencv,exact,22,14,1,0,2,1,0,0,0.0,0,0,0,0,0,0,0,0,0,0,0,0,0,3.663532754804254,0,0,0,0,0,0,0,1.0,0.7006270614324831,0.4506452225478516,0.3031463623046875,1.0,2594.951759338379,0.038700103759765625,0.6103515625,0.12109375,25.0,330.0,330.0
Q00670__clean,Q00670,0,,marketingteacher.com,data/qr_images/Q00670.png,none,none,4,1,http://www.marketingteacher.com/segmentation/,opencv,exact,45,24,14,0,2,1,0,0,0.0,0,0,0,0,0,0,1,0,0,0,0,0,0,3.9776538632759495,0,0,0,0,0,0,0,1.0,0.6591274186676623,0.4644868526470744,0.3382072448730469,1.0,3546.2424850463867,0.051578521728515625,0.457763671875,0.09765625,33.0,410.0,410.0
Q00671__clean,Q00671,1,,loledco.com,data/qr_images/Q00671.png,none,none,2,1,http://loledco.com/httpd/,opencv,exact,25,11,7,0,1,0,0,0,0.0,0,0,0,0,0,0,1,0,0,0,0,0,0,3.4136606896881854,0,0,0,0,0,0,0,1.0,0.6997130898868337,0.45154226197205843,0.30426788330078125,1.0,2438.2747497558594,0.0363616943359375,0.3814697265625,0.12109375,25.0,330.0,330.0
Q00672__clean,Q00672,0,,academic.ru,data/qr_images/Q00672.png,none,none,3,1,http://translate.academic.ru/SAVER/en/ru/,opencv,exact,41,21,13,0,2,1,0,0,0.0,0,0,0,0,0,0,3,0,0,0,0,0,0,4.161953223919209,0,0,0,0,0,0,0,1.0,0.659604195987477,0.4657993062495777,0.34259033203125,1.0,3096.130790710449,0.044696807861328125,0.49591064453125,0.107421875,29.0,370.0,370.0
Q00673__clean,Q00673,0,,quilt.com,data/qr_images/Q00673.png,none,none,3,1,http://www.quilt.com/FAQS/BattingFAQ.html,opencv,exact,41,13,21,0,3,1,0,0,0.0,0,0,0,0,0,0,2,0,0,0,0,0,0,4.210733711724087,0,0,0,0,0,0,0,1.0,0.6844375759947534,0.4564800650091567,0.3172454833984375,1.0,3124.2818298339844,0.04483795166015625,0.5340576171875,0.107421875,29.0,370.0,370.0
Q00674__clean,Q00674,0,,iscriba.com,data/qr_images/Q00674.png,none,none,2,1,http://www.iscriba.com/,opencv,exact,23,15,1,0,2,1,0,0,0.0,0,0,0,0,0,0,0,0,0,0,0,0,0,3.7622673906514947,0,0,0,0,0,0,0,1.0,0.6951192668839997,0.4533453436847052,0.3084259033203125,1.0,2505.929428100586,0.0374603271484375,0.49591064453125,0.12109375,25.0,330.0,330.0
Q00675__clean,Q00675,0,,funeral-urn.com,data/qr_images/Q00675.png,none,none,6,1,http://www.funeral-urn.com/fingerprint-cremation-jewelry-and-thumbprint-memorial-jewelry.aspx,opencv,exact,93,19,67,0,3,1,7,0,0.0,7,0,0,0,0,0,1,0,0,0,0,0,0,4.401522458070232,0,0,0,0,0,0,0,1.0,0.6338853723862592,0.4697879447186445,0.36602783203125,1.0,4754.367164611816,0.06669235229492188,0.6103515625,0.08203125,41.0,490.0,490.0
Q00676__clean,Q00676,1,,pagonidis.gr,data/qr_images/Q00676.png,none,none,4,1,http://pagonidis.gr/b2b/wp-includes/js/identity.php,opencv,exact,51,12,32,0,2,0,1,1,0.0196078431372549,1,0,0,0,0,0,4,0,0,0,0,0,0,4.280391646683439,0,0,0,0,0,0,0,1.0,0.6710245169845281,0.4600364644979076,0.3260002136230469,1.0,3611.8024368286133,0.052539825439453125,0.64849853515625,0.09765625,33.0,410.0,410.0
Q00677__clean,Q00677,0,,smartinsights.com,data/qr_images/Q00677.png,none,none,7,1,http://www.smartinsights.com/internet-advertising/internet-advertising-analytics/display-advertising-clickthrough-rates/,opencv,exact,120,21,92,0,2,1,6,0,0.0,6,0,0,0,0,0,3,0,0,0,0,0,0,4.228880693440324,0,0,0,0,0,0,0,1.0,0.6354616501752068,0.4676106856148761,0.36316680908203125,1.0,5070.977096557617,0.07326889038085938,1.02996826171875,0.076171875,45.0,530.0,530.0
Q00678__clean,Q00678,0,,wikihow.com,data/qr_images/Q00678.png,none,none,5,1,http://www.wikihow.com/Identify-Passive%E2%80%90Aggressive-Behavior,opencv,exact,67,15,45,0,2,1,2,5,0.07462686567164178,5,0,0,0,0,3,1,0,0,0,0,0,0,4.763725295440139,0,0,0,0,0,0,0,1.0,0.6582530002967985,0.4628979734024608,0.338348388671875,1.0,4146.370849609375,0.060703277587890625,0.72479248046875,0.08984375,37.0,450.0,450.0
Q00679__clean,Q00679,1,,btinternetservice.com,data/qr_images/Q00679.png,none,none,4,1,https://btinternetservice.com/account/login/index2.php,opencv,exact,54,21,25,0,2,0,0,1,0.018518518518518517,0,0,0,0,0,0,3,0,1,0,0,0,0,4.202138031201168,2,1,0,1,0,0,0,1.0,0.6799496669395297,0.45655488910424946,0.3172264099121094,1.0,3585.0950775146484,0.052654266357421875,0.57220458984375,0.09765625,33.0,410.0,410.0
Q00680__clean,Q00680,1,,agwa.cl,data/qr_images/Q00680.png,none,none,4,1,http://agwa.cl/img/admin/invoice/adeb/adobe.php,opencv,exact,47,7,33,0,2,0,0,0,0.0,0,0,0,0,0,0,5,0,0,0,0,0,0,4.032763587096138,0,0,0,0,0,0,0,1.0,0.656747002695121,0.46504231550336605,0.3398475646972656,1.0,3589.52677154541,0.052490234375,0.5340576171875,0.09765625,33.0,410.0,410.0
Q00681__clean,Q00681,1,,donplitka.in.ua,data/qr_images/Q00681.png,none,none,4,1,http://www.donplitka.in.ua/includes/js/up/aicces/myaccount,opencv,exact,58,19,32,0,3,1,0,0,0.0,0,0,0,0,0,0,5,0,0,0,0,0,0,4.163486599653539,1,0,0,1,0,0,0,1.0,0.6555579989564185,0.46542989732870976,0.3416862487792969,1.0,3637.974937438965,0.05295562744140625,0.5340576171875,0.09765625,33.0,410.0,410.0
Q00682__clean,Q00682,0,,dcrainmaker.com,data/qr_images/Q00682.png,none,none,3,1,https://www.dcrainmaker.com/,opencv,exact,28,19,1,0,2,1,0,0,0.0,0,0,0,0,0,0,0,0,1,0,0,0,0,4.039148671903072,0,0,0,0,0,0,0,1.0,0.6734833661247702,0.46059969013355306,0.3283424377441406,1.0,3130.2919540405273,0.045440673828125,0.64849853515625,0.107421875,29.0,370.0,370.0
Q00683__clean,Q00683,1,,patriothost.net,data/qr_images/Q00683.png,none,none,9,1,https://patriothost.net/wp-includes/sodium_compat/namespaced/Core/tables/?Ct83VE45PxD=5K97LTNab&amp;4TCMDFE6cx=L7QxzR65Aj&amp;govn=Z2lic29uc2FAdm9kYW1haWwuY28uemE=,opencv,exact,163,15,50,89,1,0,1,20,0.12269938650306748,11,0,1,4,2,0,5,3,1,0,0,0,0,5.487155875754186,0,0,0,0,0,0,0,1.0,0.621863660625383,0.46893127568761594,0.3758125305175781,1.0,6205.562164306641,0.08696365356445312,1.18255615234375,0.06640625,53.0,610.0,610.0
Q00684__clean,Q00684,1,,moonfruit.com,data/qr_images/Q00684.png,none,none,3,1,http://web-maintain.moonfruit.com,opencv,exact,33,26,0,0,2,1,1,0,0.0,1,0,0,0,0,0,0,0,0,0,0,0,0,4.043801694853791,0,0,0,0,0,0,0,1.0,0.679327766568053,0.458355269256309,0.322235107421875,1.0,3145.394691467285,0.045566558837890625,0.49591064453125,0.107421875,29.0,370.0,370.0
Q00685__clean,Q00685,1,,steamproxy.net,data/qr_images/Q00685.png,none,none,3,1,http://steamproxy.net/app/690790,opencv,exact,32,14,11,0,1,0,0,6,0.1875,0,0,0,0,0,0,2,0,0,0,0,0,0,4.0,0,0,0,0,0,0,0,1.0,0.6961260328105852,0.45131098107043527,0.3057136535644531,1.0,3191.558250427246,0.046085357666015625,0.5340576171875,0.107421875,29.0,370.0,370.0
Q00686__clean,Q00686,1,,infinitytv.com.co,data/qr_images/Q00686.png,none,none,4,1,http://www.infinitytv.com.co/file/onedrive-RD17/,opencv,exact,48,21,20,0,3,1,1,2,0.041666666666666664,1,0,0,0,0,0,2,0,0,0,0,0,0,4.314260032810928,0,0,0,0,0,0,0,1.0,0.6698351990942861,0.46035110880643887,0.32730865478515625,1.0,3770.6828842163086,0.053985595703125,0.57220458984375,0.09765625,33.0,410.0,410.0
Q00687__clean,Q00687,1,,assurance-amlfrance.com,data/qr_images/Q00687.png,none,none,4,1,http://assurance-amlfrance.com/id/amelipro/ifram1.html,opencv,exact,54,23,24,0,2,0,1,1,0.018518518518518517,1,0,0,0,0,0,3,0,0,0,0,0,0,4.1900079935705445,0,0,0,0,0,0,0,1.0,0.6626994413488051,0.46283803093903464,0.3348197937011719,1.0,3654.1424560546875,0.0535736083984375,0.457763671875,0.09765625,33.0,410.0,410.0
Q00688__clean,Q00688,1,,lifetimeconx.com,data/qr_images/Q00688.png,none,none,2,1,http://lifetimeconx.com/v2,opencv,exact,26,16,3,0,1,0,0,1,0.038461538461538464,0,0,0,0,0,0,1,0,0,0,0,0,0,3.9500637564362093,0,0,0,0,0,0,0,1.0,0.6969557070264629,0.4522910793437925,0.3069915771484375,1.0,2589.7669525146484,0.038608551025390625,0.57220458984375,0.12109375,25.0,330.0,330.0
Q00689__clean,Q00689,1,,thescrapescape.com,data/qr_images/Q00689.png,none,none,5,1,http://www.thescrapescape.com/cccxxxxxxxxxc/doc/doc/processing.html,opencv,exact,67,22,38,0,3,1,0,0,0.0,0,0,0,0,0,0,4,0,0,0,0,0,0,3.98365570579103,0,0,0,0,0,0,0,1.0,0.6503511167040058,0.4652199732616778,0.34682464599609375,1.0,4197.017784118652,0.061931610107421875,0.57220458984375,0.08984375,37.0,450.0,450.0
Q00690__clean,Q00690,0,,google.nu,data/qr_images/Q00690.png,none,none,3,1,https://www.google.nu/?gws_rd=ssl,opencv,exact,33,13,1,10,2,1,0,0,0.0,3,0,1,1,0,0,0,1,1,0,0,0,0,4.028946391954607,0,0,0,0,0,0,0,1.0,0.6756696663650812,0.459629951058313,0.32668304443359375,1.0,3120.164924621582,0.0457305908203125,0.41961669921875,0.107421875,29.0,370.0,370.0
Q00691__clean,Q00691,0,,assessment911.co.za,data/qr_images/Q00691.png,none,none,3,1,https://assessment911.co.za/,opencv,exact,28,19,1,0,2,0,0,3,0.10714285714285714,0,0,0,0,0,0,0,0,1,0,0,0,0,3.7673757978160416,0,0,0,0,0,0,0,1.0,0.6873600529689415,0.45483031350429903,0.3151130676269531,1.0,3271.2730102539062,0.047016143798828125,0.5340576171875,0.107421875,29.0,370.0,370.0
Q00692__clean,Q00692,0,,thefreedictionary.com,data/qr_images/Q00692.png,none,none,4,1,http://www.thefreedictionary.com/image+scanner,opencv,exact,46,25,14,0,2,1,0,0,0.0,1,0,0,0,0,0,1,0,0,0,0,0,0,4.199782543240032,0,0,0,0,0,0,0,1.0,0.6543666914397595,0.4656306496494694,0.34234619140625,1.0,3704.7500534057617,0.05397796630859375,0.49591064453125,0.09765625,33.0,410.0,410.0
Q00693__clean,Q00693,1,,syn3x.com,data/qr_images/Q00693.png,none,none,3,1,http://vcvonjc.syn3x.com/@517@728@,opencv,exact,34,17,10,0,2,1,0,7,0.20588235294117646,3,3,0,0,0,0,1,0,0,0,0,0,0,4.3149727675300324,0,0,0,0,0,0,0,1.0,0.6771341959635416,0.45948006457227536,0.3248863220214844,1.0,2971.7762756347656,0.0437164306640625,0.57220458984375,0.107421875,29.0,370.0,370.0
Q00694__clean,Q00694,1,,alsolimangroup.com,data/qr_images/Q00694.png,none,none,3,1,http://alsolimangroup.com/scd.kerp/sc.php,opencv,exact,41,18,16,0,3,0,0,0,0.0,0,0,0,0,0,0,2,0,0,0,0,0,0,4.122693700152458,0,0,0,0,0,0,0,1.0,0.687359738817402,0.45527571931674776,0.3147850036621094,1.0,3009.0945739746094,0.044277191162109375,0.57220458984375,0.107421875,29.0,370.0,370.0
Q00695__clean,Q00695,1,,amberexpeditions.com,data/qr_images/Q00695.png,none,none,3,1,http://www.amberexpeditions.com/images/,opencv,exact,39,24,8,0,2,1,0,0,0.0,0,0,0,0,0,0,1,0,0,0,0,0,0,4.131054782742918,0,0,0,0,0,0,0,1.0,0.6961252997903263,0.4514958957569681,0.3056297302246094,1.0,3099.9813690185547,0.045032501220703125,0.57220458984375,0.107421875,29.0,370.0,370.0
Q00696__clean,Q00696,0,,lyrsense.com,data/qr_images/Q00696.png,none,none,4,1,https://en.lyrsense.com/dire_straits/tunnel_of_love_ds,opencv,exact,54,15,31,0,2,1,0,0,0.0,4,0,0,0,0,0,2,0,1,0,0,0,0,4.145742076430486,0,0,0,0,0,0,0,1.0,0.6626988429649203,0.46288749666194756,0.3340568542480469,1.0,3626.001007080078,0.05318450927734375,0.457763671875,0.09765625,33.0,410.0,410.0
Q00697__clean,Q00697,1,,icyte.com,data/qr_images/Q00697.png,none,none,6,1,https://www.icyte.com/system/snapshots/fs1/0/5/d/e/05deeb7f5c0c215bfbbe5ca2e5777b01a7f044b1/index.html,opencv,exact,102,13,81,0,3,1,0,24,0.23529411764705882,0,0,0,0,0,0,9,0,1,0,0,0,0,4.499946874239285,0,0,0,0,0,0,0,1.0,0.645550537109375,0.46592410851967425,0.3547172546386719,1.0,4930.065017700195,0.0687713623046875,0.72479248046875,0.08203125,41.0,490.0,490.0
Q00698__clean,Q00698,0,,thewebsiteofeverything.com,data/qr_images/Q00698.png,none,none,6,1,http://thewebsiteofeverything.com/animals/mammals/Rodentia/Muridae/Mus/Mus-musculus.html,opencv,exact,88,26,55,0,2,0,1,0,0.0,1,0,0,0,0,0,6,0,0,0,0,0,0,4.374206723101003,0,0,0,0,0,0,0,1.0,0.6384655971153109,0.46846863391647275,0.361785888671875,1.0,4667.674476623535,0.0661163330078125,0.87738037109375,0.08203125,41.0,490.0,490.0
Q00699__clean,Q00699,0,,zen.co.uk,data/qr_images/Q00699.png,none,none,3,1,https://blog.zen.co.uk/?p=356,opencv,exact,29,14,1,5,3,1,0,3,0.10344827586206896,2,0,1,1,0,0,0,1,1,0,0,0,0,4.32316116739216,0,0,0,0,0,0,0,1.0,0.6785982618144915,0.45856437103779024,0.3231010437011719,1.0,3212.3054122924805,0.0462493896484375,0.49591064453125,0.107421875,29.0,370.0,370.0
Q00700__clean,Q00700,1,,smartlifeaustralia.com,data/qr_images/Q00700.png,none,none,4,1,https://smartlifeaustralia.com/paypal/account/app/index,opencv,exact,55,22,25,0,1,0,0,0,0.0,0,0,0,0,0,0,4,0,1,0,0,0,0,4.076839605127306,1,0,0,1,0,0,0,1.0,0.6888716005811504,0.4530242401024768,0.30840301513671875,1.0,3516.6964797973633,0.051807403564453125,0.762939453125,0.09765625,33.0,410.0,410.0
Q00701__clean,Q00701,1,,tmdl.pro,data/qr_images/Q00701.png,none,none,3,1,https://tmdl.pro/auth/314316,opencv,exact,28,8,12,0,1,0,0,6,0.21428571428571427,0,0,0,0,0,0,2,0,1,0,0,0,0,3.950212064914747,0,0,0,0,0,0,0,1.0,0.6756712520823759,0.4597002485305188,0.3266792297363281,1.0,3253.8155364990234,0.04630279541015625,0.57220458984375,0.107421875,29.0,370.0,370.0
Q00702__clean,Q00702,0,,sirc.org,data/qr_images/Q00702.png,none,none,4,1,http://www.sirc.org/publik/binge_drinking.shtml,opencv,exact,47,12,28,0,3,1,0,0,0.0,1,0,0,0,0,0,2,0,0,0,0,0,0,4.27503639449854,0,0,0,0,0,0,0,1.0,0.6555577895220588,0.46560022553051805,0.3422584533691406,1.0,3582.078826904297,0.05217742919921875,0.5340576171875,0.09765625,33.0,410.0,410.0
Q00703__clean,Q00703,1,,eaurbeauty.com,data/qr_images/Q00703.png,none,none,5,1,https://eaurbeauty.com/jn/01/index.php?email=wang13471675951@yahoo.con.cn,opencv,exact,73,14,16,34,4,0,0,13,0.1780821917808219,3,1,1,1,0,0,3,1,1,0,0,0,0,4.84943453926407,0,0,0,0,0,0,0,1.0,0.6562772713455499,0.4640330402006339,0.34175872802734375,1.0,4041.3400650024414,0.058826446533203125,0.72479248046875,0.08984375,37.0,450.0,450.0
Q00704__clean,Q00704,0,,chacabuquero.com.ar,data/qr_images/Q00704.png,none,none,3,1,https://www.chacabuquero.com.ar/,opencv,exact,32,23,1,0,3,1,0,0,0.0,0,0,0,0,0,0,0,0,1,0,0,0,0,3.944548827786958,0,0,0,0,0,0,0,1.0,0.6720199285768995,0.46137700890170175,0.3302650451660156,1.0,3013.4363861083984,0.044097900390625,0.3814697265625,0.107421875,29.0,370.0,370.0
Q00705__clean,Q00705,1,,ambrosecourt.com,data/qr_images/Q00705.png,none,none,4,1,http://www.ambrosecourt.com/Our/Ourtime/ourtime.html,opencv,exact,52,20,25,0,3,1,0,0,0.0,0,0,0,0,0,0,3,0,0,0,0,0,0,3.996528969407865,0,0,0,0,0,0,0,1.0,0.6769733952540977,0.45770232064714533,0.3192558288574219,1.0,3649.243064880371,0.053073883056640625,0.57220458984375,0.09765625,33.0,410.0,410.0
Q00706__clean,Q00706,0,,yahoo.com,data/qr_images/Q00706.png,none,none,6,1,http://search.yahoo.com/tablet/s?p=australian+open+2018+dates&ei=UTF-8&fr2=p%3As%2Cv%3Aw%2Cm%3Aat-e,opencv,exact,99,16,9,66,2,1,2,11,0.1111111111111111,16,0,1,3,2,5,2,3,0,0,0,0,0,4.98380242391209,0,0,0,0,0,0,0,1.0,0.646800381529565,0.4658357769109052,0.35268402099609375,1.0,4643.175216674805,0.06619644165039062,0.95367431640625,0.08203125,41.0,490.0,490.0
Q00707__clean,Q00707,0,,pcang.com,data/qr_images/Q00707.png,none,none,3,1,http://www.pcang.com/canon_mmc-16m.htm,opencv,exact,38,13,18,0,3,1,1,2,0.05263157894736842,2,0,0,0,0,0,1,0,0,0,0,0,0,3.895714934884265,0,0,0,0,0,0,0,1.0,0.6932065178366268,0.45293831181037375,0.3083305358886719,1.0,3023.5747299194336,0.0440673828125,0.57220458984375,0.107421875,29.0,370.0,370.0
Q00708__clean,Q00708,0,,onlinesbi.com,data/qr_images/Q00708.png,none,none,4,1,https://www.onlinesbi.com/sbijava/osbi_eTDR_faq.html,opencv,exact,52,17,27,0,3,1,0,0,0.0,2,0,0,0,0,0,2,0,1,0,0,0,0,4.459491160199154,0,0,0,0,0,0,0,1.0,0.6710262522977941,0.4600833402239219,0.3256492614746094,1.0,3561.811622619629,0.052257537841796875,0.57220458984375,0.09765625,33.0,410.0,410.0
Q00709__clean,Q00709,0,,cinemaguys.com,data/qr_images/Q00709.png,none,none,5,1,http://www.cinemaguys.com/movie/fantastic-beasts-and-where-to-find-them/,opencv,exact,72,18,47,0,2,1,6,0,0.0,6,0,0,0,0,0,2,0,0,0,0,0,0,4.306661419242019,0,0,0,0,0,0,0,1.0,0.6365252176920573,0.46962829143623624,0.36002349853515625,1.0,4171.185493469238,0.061077117919921875,0.5340576171875,0.08984375,37.0,450.0,450.0
Q00710__clean,Q00710,0,,pariyatti.org,data/qr_images/Q00710.png,none,none,5,1,https://store.pariyatti.org/Noble-Eightfold-Path-The--PDF-eBook_p_4795.html,opencv,exact,75,19,48,0,3,1,6,4,0.05333333333333334,8,0,0,0,0,0,1,0,1,0,0,0,0,4.683306650519417,0,0,0,0,0,0,0,1.0,0.6715850979674096,0.45873147453530816,0.3251152038574219,1.0,4114.347137451172,0.0587921142578125,0.80108642578125,0.08984375,37.0,450.0,450.0
Q00711__clean,Q00711,1,,kongrespdgi.com,data/qr_images/Q00711.png,none,none,11,1,http://kongrespdgi.com/asset/ajax/onlin/WellsEmail/WellsEmail/login.php?cmd=login_submit&amp;amp;id=8f02a56b310c43264922b3d51987893a8f02a56b310c43264922b3d51987893a&amp;amp;session=8f02a56b310c43264922b3d51987893a8f02a56b310c43264922b3d51987893a,opencv,exact,245,15,49,173,2,0,0,100,0.40816326530612246,11,0,1,3,2,0,6,3,0,0,0,0,0,4.970442302972156,1,1,0,0,0,0,0,1.0,0.6042867623123468,0.46980872777585553,0.3957099914550781,1.0,7877.706985473633,0.10603713989257812,0.8392333984375,0.05859375,61.0,690.0,690.0
Q00712__clean,Q00712,0,,mckinsey.com,data/qr_images/Q00712.png,none,none,6,1,http://www.mckinsey.com/industries/media-and-entertainment/how-we-help-clients/digital-media,opencv,exact,92,16,69,0,2,1,6,0,0.0,6,0,0,0,0,0,4,0,0,0,0,0,0,4.207009077479304,0,0,0,0,0,0,0,1.0,0.6380483440324372,0.46849680911993535,0.3616294860839844,1.0,4833.702407836914,0.0676116943359375,0.72479248046875,0.08203125,41.0,490.0,490.0
Q00713__clean,Q00713,0,,techcrunch.com,data/qr_images/Q00713.png,none,none,6,1,https://techcrunch.com/2014/02/13/please-dont-tell-me-you-want-to-be-the-next-red-hat/,opencv,exact,86,14,64,0,1,0,11,8,0.09302325581395349,11,0,0,0,0,0,4,0,1,0,0,0,0,4.3033199442366135,0,0,0,0,0,0,0,1.0,0.6351396298875995,0.469379613169419,0.3655967712402344,1.0,4694.449996948242,0.06660079956054688,0.72479248046875,0.08203125,41.0,490.0,490.0
Q00714__clean,Q00714,0,,weebly.com,data/qr_images/Q00714.png,none,none,2,1,http://ogoapes.weebly.com,opencv,exact,25,18,0,0,2,1,0,0,0.0,0,0,0,0,0,0,0,0,0,0,0,0,0,3.943465189601646,0,0,0,0,0,0,0,1.0,0.6914478376799938,0.455071667986891,0.31223297119140625,1.0,2441.3972778320312,0.0365142822265625,0.34332275390625,0.12109375,25.0,330.0,330.0
Q00715__clean,Q00715,0,,lastingredient.com,data/qr_images/Q00715.png,none,none,3,1,http://www.lastingredient.com/,opencv,exact,30,22,1,0,2,1,0,0,0.0,0,0,0,0,0,0,0,0,0,0,0,0,0,4.056564762130954,0,0,0,0,0,0,0,1.0,0.6844403285606234,0.4565099805617189,0.3177833557128906,1.0,3001.8286361694336,0.044063568115234375,0.57220458984375,0.107421875,29.0,370.0,370.0
Q00716__clean,Q00716,1,,mobiliablog.com.au,data/qr_images/Q00716.png,none,none,5,1,http://mobiliablog.com.au/bin/mySign%20in%20-%20Adobe%20File.html,opencv,exact,65,18,40,0,3,0,1,8,0.12307692307692308,5,0,0,0,0,4,2,0,0,0,0,0,0,4.456607235938957,0,0,0,0,0,0,0,1.0,0.6587456347895604,0.4628382994671922,0.3379707336425781,1.0,4191.5181884765625,0.0607452392578125,0.5340576171875,0.08984375,37.0,450.0,450.0
Q00717__clean,Q00717,0,,famousfix.com,data/qr_images/Q00717.png,none,none,4,1,http://www.famousfix.com/tag/mickey-mouse-club,opencv,exact,46,17,22,0,2,1,2,0,0.0,2,0,0,0,0,0,2,0,0,0,0,0,0,4.354552444952288,0,0,0,0,0,0,0,1.0,0.6591241125966988,0.46407575980450116,0.33777618408203125,1.0,3656.5139083862305,0.05359649658203125,0.57220458984375,0.09765625,33.0,410.0,410.0
Q00718__clean,Q00718,0,,azurewebsites.net,data/qr_images/Q00718.png,none,none,4,1,http://clioadams.azurewebsites.net/Account/Login?ReturnUrl=%2F,opencv,exact,62,27,14,13,2,1,0,1,0.016129032258064516,3,0,1,1,0,1,2,1,0,0,0,0,0,4.657363600807712,2,1,0,1,0,0,0,1.0,0.6650751151290595,0.4619445566198322,0.33135986328125,1.0,3693.8735580444336,0.053928375244140625,0.5340576171875,0.09765625,33.0,410.0,410.0
Q00719__clean,Q00719,1,,mintubrar.com,data/qr_images/Q00719.png,none,none,4,1,http://mintubrar.com/.c/logchemistry/Upgrademanager.htm,opencv,exact,55,13,35,0,3,0,0,0,0.0,0,0,0,0,0,0,3,0,0,0,0,0,0,4.21385063336894,0,0,0,0,0,0,0,1.0,0.6650760725432752,0.4619931229007754,0.3322334289550781,1.0,3674.0322265625,0.053516387939453125,0.49591064453125,0.09765625,33.0,410.0,410.0
Q00720__clean,Q00720,0,,tutorialspoint.com,data/qr_images/Q00720.png,none,none,4,1,http://www.tutorialspoint.com/dbms/dbms_data_schemas.htm,opencv,exact,56,22,27,0,3,1,0,0,0.0,2,0,0,0,0,0,2,0,0,0,0,0,0,4.152976298591637,0,0,0,0,0,0,0,1.0,0.6722139096727558,0.4592920325573425,0.32514190673828125,1.0,3665.7551345825195,0.053691864013671875,0.6103515625,0.09765625,33.0,410.0,410.0
Q00721__clean,Q00721,1,,evoadministrador.com,data/qr_images/Q00721.png,none,none,4,1,http://www.evoadministrador.com/test1/wells/,opencv,exact,44,24,13,0,2,1,0,1,0.022727272727272728,0,0,0,0,0,0,2,0,0,0,0,0,0,4.107523812833569,0,0,0,0,0,0,0,1.0,0.6650777330585554,0.4618496657203329,0.3324546813964844,1.0,3658.591049194336,0.053852081298828125,0.5340576171875,0.09765625,33.0,410.0,410.0
Q00722__clean,Q00722,0,,answers.com,data/qr_images/Q00722.png,none,none,4,1,http://www.answers.com/Q/What_are_the_sizes_of_computer_memory,opencv,exact,62,15,40,0,2,1,0,0,0.0,6,0,0,0,0,0,2,0,0,0,0,0,0,4.24227751220272,0,0,0,0,0,0,0,1.0,0.6626987382477405,0.46312746003221683,0.33409881591796875,1.0,3612.274345397949,0.0525360107421875,0.57220458984375,0.09765625,33.0,410.0,410.0
Q00723__clean,Q00723,1,,stereovision.biz,data/qr_images/Q00723.png,none,none,10,1,http://stereovision.biz/kanebagtarp/4345a7b9-9a63-4910-a426/customer-IDPP00C198/Get_Started?sessionid=3ounCxgj8PJr3Iq73Ywamr4lKnAf3FHsdm67bQ1vCQZHtsJByVIbxY8dePGTlZJoBUS4BU0AE4rfJJ0t&amp;sslchannel=true,opencv_aruco,exact,202,16,68,110,1,0,4,36,0.1782178217821782,10,0,1,2,1,0,4,2,0,0,0,0,0,5.6048627996298235,0,0,0,0,0,0,0,1.0,0.6104019015443092,0.4699553898547237,0.3870887756347656,1.0,6785.552871704102,0.09534454345703125,0.9918212890625,0.0625,57.0,650.0,650.0
Q00724__clean,Q00724,1,,stroymaster.dp.ua,data/qr_images/Q00724.png,none,none,3,1,https://www.stroymaster.dp.ua/,opencv,exact,30,21,1,0,3,1,0,0,0.0,0,0,0,0,0,0,0,0,1,0,0,0,0,3.8062389286533898,0,0,0,0,0,0,0,1.0,0.6851717182234222,0.4559669083000636,0.3165855407714844,1.0,3208.801170349121,0.046176910400390625,0.57220458984375,0.107421875,29.0,370.0,370.0
Q00725__clean,Q00725,0,,pcworld.com,data/qr_images/Q00725.png,none,none,5,1,http://www.pcworld.com/article/226948/dlink_gigabit_ethernet.html,opencv,exact,65,15,43,0,3,1,0,6,0.09230769230769231,2,0,0,0,0,0,3,0,0,0,0,0,0,4.479588198605471,0,0,0,0,0,0,0,1.0,0.6513375525381051,0.46534937025925605,0.34522247314453125,1.0,4175.446823120117,0.06032562255859375,0.457763671875,0.08984375,37.0,450.0,450.0
Q00726__clean,Q00726,0,,brainmetrix.com,data/qr_images/Q00726.png,none,none,3,1,http://www.brainmetrix.com/memory-game/,opencv,exact,39,19,13,0,2,1,1,0,0.0,1,0,0,0,0,0,1,0,0,0,0,0,0,4.089781950065051,0,0,0,0,0,0,0,1.0,0.6829801222857307,0.45705407512743607,0.3190460205078125,1.0,3170.1396484375,0.045383453369140625,0.457763671875,0.107421875,29.0,370.0,370.0
Q00727__clean,Q00727,0,,gettyimages.com,data/qr_images/Q00727.png,none,none,5,1,http://www.gettyimages.com/event/s-the-mickey-mouse-club-93357725,opencv,exact,65,19,39,0,2,1,5,8,0.12307692307692308,5,0,0,0,0,0,2,0,0,0,0,0,0,4.529513006264496,0,0,0,0,0,0,0,1.0,0.6394850039014629,0.4688488894953649,0.35706329345703125,1.0,4155.316177368164,0.0608673095703125,0.5340576171875,0.08984375,37.0,450.0,450.0
Q00728__clean,Q00728,0,,solitariospider.es,data/qr_images/Q00728.png,none,none,2,1,https://solitariospider.es,opencv,exact,26,18,0,0,1,0,0,0,0.0,0,0,0,0,0,0,0,0,1,0,0,0,0,3.642371448743902,0,0,0,0,0,0,0,1.0,0.6987943163105086,0.4516976951013459,0.3050575256347656,1.0,2558.474166870117,0.03780364990234375,0.49591064453125,0.12109375,25.0,330.0,330.0
Q00729__clean,Q00729,0,,microsoft.com,data/qr_images/Q00729.png,none,none,5,1,https://msdn.microsoft.com/en-us/library/ee818756(v=vs.110).aspx,opencv,exact,64,18,38,0,4,1,1,9,0.140625,4,0,0,1,0,0,3,0,1,0,0,0,0,4.7867384298164914,0,0,0,0,0,0,0,1.0,0.6434380325616574,0.4673444393372195,0.3531951904296875,1.0,4253.616149902344,0.062213897705078125,0.49591064453125,0.08984375,37.0,450.0,450.0
Q00730__clean,Q00730,0,,babylon-software.com,data/qr_images/Q00730.png,none,none,4,1,http://dictionary.babylon-software.com/select_committee/,opencv,exact,56,31,18,0,2,1,1,0,0.0,2,0,0,0,0,0,1,0,0,0,0,0,0,4.251365137954618,0,0,0,0,0,0,0,1.0,0.6763791551776961,0.4583110736480103,0.3207855224609375,1.0,3531.813575744629,0.05129241943359375,0.5340576171875,0.09765625,33.0,410.0,410.0
Q00731__clean,Q00731,0,,techtarget.com,data/qr_images/Q00731.png,none,none,4,1,http://searchsqlserver.techtarget.com/definition/schema,opencv,exact,55,30,18,0,2,1,0,0,0.0,0,0,0,0,0,0,2,0,0,0,0,0,0,4.096431814196348,0,0,0,0,0,0,0,1.0,0.6615100486605775,0.46332590236308263,0.33612823486328125,1.0,3596.51668548584,0.0528717041015625,0.6103515625,0.09765625,33.0,410.0,410.0
Q00732__clean,Q00732,0,,scrambled-o.com,data/qr_images/Q00732.png,none,none,3,1,https://www.scrambled-o.com/,opencv,exact,28,19,1,0,2,1,1,0,0.0,1,0,0,0,0,0,0,0,1,0,0,0,0,4.039148671903071,0,0,0,0,0,0,0,1.0,0.6734835755591299,0.46068178211020433,0.3281745910644531,1.0,3130.0786895751953,0.045299530029296875,0.57220458984375,0.107421875,29.0,370.0,370.0
Q00733__clean,Q00733,0,,rankw.ru,data/qr_images/Q00733.png,none,none,4,1,http://rankw.ru/k/canon+multimedia+card+16+mmc-16m/,opencv,exact,51,8,36,0,1,0,1,4,0.0784313725490196,5,0,0,0,0,0,2,0,0,0,0,0,0,4.295193362412133,0,0,0,0,0,0,0,1.0,0.6650787802303538,0.4621164456350011,0.33238983154296875,1.0,3550.06591796875,0.052490234375,0.72479248046875,0.09765625,33.0,410.0,410.0
Q00734__clean,Q00734,1,,secppal.xyz,data/qr_images/Q00734.png,none,none,2,1,http://secppal.xyz/,opencv,exact,19,11,1,0,1,0,0,0,0.0,0,0,0,0,0,0,0,0,0,0,0,0,0,3.642149881636903,0,0,0,0,0,0,0,1.0,0.7043045642329198,0.4491410723324814,0.2999000549316406,1.0,2555.358154296875,0.038043975830078125,0.41961669921875,0.12109375,25.0,330.0,330.0
Q00735__clean,Q00735,0,,karaoke-lyrics.net,data/qr_images/Q00735.png,none,none,4,1,http://www.karaoke-lyrics.net/lyrics/kendrick-lamar/dna-810661,opencv,exact,62,22,33,0,2,1,3,6,0.0967741935483871,3,0,0,0,0,0,3,0,0,0,0,0,0,4.456324996828517,0,0,0,0,0,0,0,1.0,0.6591257731119792,0.4640650599767386,0.3376045227050781,1.0,3632.3725814819336,0.05324554443359375,0.57220458984375,0.09765625,33.0,410.0,410.0
Q00736__clean,Q00736,1,,lenagruessdich.net,data/qr_images/Q00736.png,none,none,3,1,https://lenagruessdich.net/Step1.php,opencv,exact,36,18,10,0,2,0,0,1,0.027777777777777776,0,0,0,0,0,0,1,0,1,0,0,0,0,3.995906598484244,0,0,0,0,0,0,0,1.0,0.664716698141659,0.46387747984392586,0.33716583251953125,1.0,3096.250946044922,0.045116424560546875,0.457763671875,0.107421875,29.0,370.0,370.0
Q00737__clean,Q00737,1,,simply-winspace.it,data/qr_images/Q00737.png,none,none,5,1,http://ansi.simply-winspace.it/alza/alza/oapp/p/KDJFKDJFDKFJ49854958/,opencv,exact,69,23,39,0,2,1,1,8,0.11594202898550725,1,0,0,0,0,0,5,0,0,0,0,0,0,4.449894428171292,0,0,0,0,0,0,0,1.0,0.6631901460535387,0.4612250586264927,0.333526611328125,1.0,4179.835823059082,0.060695648193359375,0.57220458984375,0.08984375,37.0,450.0,450.0
Q00738__clean,Q00738,0,,netflix.com,data/qr_images/Q00738.png,none,none,5,1,https://dvd.netflix.com/Movie/Fantastic-Beasts-and-Where-to-Find-Them/80111501,opencv,exact,78,15,55,0,2,1,6,8,0.10256410256410256,6,0,0,0,0,0,3,0,1,0,0,0,0,4.595781065761981,0,0,0,0,0,0,0,1.0,0.6483788882984834,0.4663261203284999,0.3480491638183594,1.0,4123.694648742676,0.06002044677734375,0.57220458984375,0.08984375,37.0,450.0,450.0
Q00739__clean,Q00739,0,,wisegeek.com,data/qr_images/Q00739.png,none,none,5,1,http://www.wisegeek.com/what-does-a-digital-media-company-do.htm,opencv,exact,64,16,41,0,3,1,6,0,0.0,6,0,0,0,0,0,1,0,0,0,0,0,0,4.184171884241178,0,0,0,0,0,0,0,1.0,0.6572601767147288,0.46343556768626076,0.339508056640625,1.0,4056.6312103271484,0.05968475341796875,0.72479248046875,0.08984375,37.0,450.0,450.0
Q00740__clean,Q00740,0,,superteacherworksheets.com,data/qr_images/Q00740.png,none,none,5,1,https://www.superteacherworksheets.com/lines-segments-rays.html,opencv,exact,63,30,25,0,3,1,2,0,0.0,2,0,0,0,0,0,1,0,1,0,0,0,0,4.1395904392012275,0,0,0,0,0,0,0,1.0,0.6473866930194929,0.4672428197202677,0.3491325378417969,1.0,4078.978202819824,0.05817413330078125,0.49591064453125,0.08984375,37.0,450.0,450.0
Q00741__clean,Q00741,1,,dynamic-dns.net,data/qr_images/Q00741.png,none,none,6,1,http://wwp-cartasi-titoari-portale-sicreuzza-2017.dynamic-dns.net/gtwpage1e10/index-jsp.html,opencv,exact,92,58,27,0,3,1,7,7,0.07608695652173914,7,0,0,0,0,0,2,0,0,0,0,0,0,4.564475848277716,0,0,0,0,0,0,0,1.0,0.6430474973192402,0.4668809990755884,0.3563880920410156,1.0,4860.699661254883,0.06782913208007812,0.57220458984375,0.08203125,41.0,490.0,490.0
Q00742__clean,Q00742,0,,amagyartermek.hu,data/qr_images/Q00742.png,none,none,2,1,http://amagyartermek.hu,opencv,exact,23,16,0,0,1,0,0,0,0.0,0,0,0,0,0,0,0,0,0,0,0,0,0,3.6753108689123644,0,0,0,0,0,0,0,1.0,0.6978753033806296,0.4519304937180095,0.3060493469238281,1.0,2558.814033508301,0.038204193115234375,0.34332275390625,0.12109375,25.0,330.0,330.0
Q00743__clean,Q00743,0,,libero.it,data/qr_images/Q00743.png,none,none,5,1,http://digilander.libero.it/computmicrophone/computer_memory_stick.html,opencv,exact,71,20,44,0,3,1,0,0,0.0,2,0,0,0,0,0,2,0,0,0,0,0,0,4.238975951578652,0,0,0,0,0,0,0,1.0,0.6464016035491345,0.4667040805159571,0.3500938415527344,1.0,4143.085540771484,0.060840606689453125,0.49591064453125,0.08984375,37.0,450.0,450.0
Q00744__clean,Q00744,0,,npmjs.com,data/qr_images/Q00744.png,none,none,4,1,https://www.npmjs.com/package/lunar-calendar,opencv,exact,44,13,23,0,2,1,1,0,0.0,1,0,0,0,0,0,2,0,1,0,0,0,0,4.263313653112508,0,0,0,0,0,0,0,1.0,0.6704288557464001,0.46016472204514863,0.32654571533203125,1.0,3564.7899169921875,0.05242919921875,0.5340576171875,0.09765625,33.0,410.0,410.0
Q00745__clean,Q00745,0,,altervista.org,data/qr_images/Q00745.png,none,none,3,1,http://nuotomondiale.altervista.org,opencv,exact,35,28,0,0,2,1,0,0,0.0,0,0,0,0,0,0,0,0,0,0,0,0,0,4.0331536461849575,0,0,0,0,0,0,0,1.0,0.7019687876981847,0.44871969161012143,0.29959869384765625,1.0,3190.6603240966797,0.0460968017578125,0.6103515625,0.107421875,29.0,370.0,370.0
Q00746__clean,Q00746,0,,iperbole.bologna.it,data/qr_images/Q00746.png,none,none,2,1,http://iperbole.bologna.it,opencv,exact,26,19,0,0,2,0,0,0,0.0,0,0,0,0,0,0,0,0,0,0,0,0,0,3.796217602590056,0,0,0,0,0,0,0,1.0,0.7171606624827666,0.4432216553489256,0.286865234375,1.0,2482.4847106933594,0.03713226318359375,0.49591064453125,0.12109375,25.0,330.0,330.0
Q00747__clean,Q00747,0,,redlaika.ru,data/qr_images/Q00747.png,none,none,2,1,https://www.redlaika.ru/,opencv,exact,24,15,1,0,2,1,0,0,0.0,0,0,0,0,0,0,0,0,1,0,0,0,0,3.855388542207534,0,0,0,0,0,0,0,1.0,0.6877740448596431,0.456291495157369,0.31565093994140625,1.0,2580.181381225586,0.038288116455078125,0.49591064453125,0.12109375,25.0,330.0,330.0
Q00748__clean,Q00748,1,,gasecurity.com.ar,data/qr_images/Q00748.png,none,none,3,1,http://gasecurity.com.ar/wp-package/SJ3dI/,opencv,exact,42,17,18,0,2,0,1,1,0.023809523809523808,1,0,0,0,0,0,2,0,0,0,0,0,0,4.39531020894716,0,0,0,0,0,0,0,1.0,0.6778657950607001,0.45877868809061906,0.3241386413574219,1.0,3159.1934204101562,0.046024322509765625,0.41961669921875,0.107421875,29.0,370.0,370.0
Q00749__clean,Q00749,1,,stationality.com,data/qr_images/Q00749.png,none,none,4,1,https://m.facebook.com.checking.api.stationality.com/login.php,opencv,exact,62,44,10,0,7,5,0,0,0.0,0,0,0,0,0,0,1,0,1,0,0,0,0,4.099200650859545,1,1,0,0,0,0,0,1.0,0.6650768654019225,0.4619101065361251,0.3322410583496094,1.0,3639.665367126465,0.05356597900390625,0.49591064453125,0.09765625,33.0,410.0,410.0
Q00750__clean,Q00750,1,,wz.cz,data/qr_images/Q00750.png,none,none,4,1,http://gryffilm.wz.cz/8CBF35A7E54771A2B27F0FB9615C2235,opencv,exact,54,14,33,0,2,1,0,21,0.3888888888888889,0,0,0,0,0,0,1,0,0,0,0,0,0,4.749986344635869,0,0,0,0,0,0,0,1.0,0.6769754447189031,0.4575500090221774,0.3204345703125,1.0,3667.824005126953,0.0534820556640625,0.6103515625,0.09765625,33.0,410.0,410.0
Q00751__clean,Q00751,1,,propertyform.in,data/qr_images/Q00751.png,none,none,4,1,http://rentappadmin.propertyform.in/images/wp-image/alibaba,opencv,exact,59,28,24,0,2,1,1,0,0.0,1,0,0,0,0,0,3,0,0,0,0,0,0,4.1345849491962925,0,0,0,0,0,0,0,1.0,0.6728101692947687,0.4595635114831246,0.32485198974609375,1.0,3551.1209106445312,0.051784515380859375,0.5340576171875,0.09765625,33.0,410.0,410.0
Q00752__clean,Q00752,1,,github.io,data/qr_images/Q00752.png,none,none,3,1,https://domwin-pjf2hfmn.github.io/,opencv,exact,34,25,1,0,2,1,1,1,0.029411764705882353,1,0,0,0,0,0,0,0,1,0,0,0,0,4.175123135113461,0,0,0,0,0,0,0,1.0,0.676405050240311,0.4593634777313216,0.3251228332519531,1.0,3106.793731689453,0.045726776123046875,0.457763671875,0.107421875,29.0,370.0,370.0
Q00753__clean,Q00753,0,,google.co.in,data/qr_images/Q00753.png,none,none,3,1,http://www.google.co.in/patents/US4394828,opencv,exact,41,16,18,0,3,1,0,7,0.17073170731707318,0,0,0,0,0,0,2,0,0,0,0,0,0,4.326706577630513,0,0,0,0,0,0,0,1.0,0.6785941628848805,0.4588221242477172,0.3239097595214844,1.0,3180.442596435547,0.045391082763671875,0.34332275390625,0.107421875,29.0,370.0,370.0
Q00754__clean,Q00754,1,,surge.sh,data/qr_images/Q00754.png,none,none,9,1,https://comptesenlignelabanquepostale-fr.surge.sh/?wsost/OstBrokerWeb/loginform?TAM_OP=login&amp;ERROR_CODE=0x00000000&amp;URL=/voscomptes/canalXHTML/identif.ea?origin=particuliers,opencv,exact,180,41,1,129,3,1,1,9,0.05,14,0,3,4,2,0,0,3,1,0,0,0,0,5.092121548103032,1,1,0,0,0,0,0,1.0,0.6073535545199525,0.4725197837552027,0.3903007507324219,1.0,6243.415306091309,0.08713531494140625,1.068115234375,0.06640625,53.0,610.0,610.0
Q00755__clean,Q00755,0,,fiber-optic-tutorial.com,data/qr_images/Q00755.png,none,none,3,1,http://www.fiber-optic-tutorial.com/,opencv,exact,36,28,1,0,2,1,2,0,0.0,2,0,0,0,0,0,0,0,0,0,0,0,0,4.041336376912015,0,0,0,0,0,0,0,1.0,0.6859022402295879,0.45596497189067386,0.3160057067871094,1.0,3116.7942504882812,0.04471588134765625,0.57220458984375,0.107421875,29.0,370.0,370.0
Q00756__clean,Q00756,1,,rastreomoderno.com,data/qr_images/Q00756.png,none,none,4,1,http://rastreomoderno.com/wp-content/plugins/akismet/br/,opencv,exact,56,18,31,0,1,0,1,0,0.0,1,0,0,0,0,0,4,0,0,0,0,0,0,4.181719878492295,0,0,0,0,0,0,0,1.0,0.6781645980535769,0.45729649116380816,0.3181343078613281,1.0,3575.8689880371094,0.052478790283203125,0.72479248046875,0.09765625,33.0,410.0,410.0
Q00757__clean,Q00757,1,,yolikers.com,data/qr_images/Q00757.png,none,none,3,1,https://yolikers.com/token_gen.php,opencv,exact,34,12,14,0,2,0,0,0,0.0,1,0,0,0,0,0,1,0,1,0,0,0,0,4.094097032108653,0,0,0,0,0,0,0,1.0,0.6844407623889399,0.45659750551452727,0.3175048828125,1.0,3006.20076751709,0.0438385009765625,0.49591064453125,0.107421875,29.0,370.0,370.0
Q00758__clean,Q00758,0,,idocall.com,data/qr_images/Q00758.png,none,none,6,1,http://idocall.com/error-detection/digital-error-detection-and-correction-techniques.html,opencv,exact,89,11,71,0,2,0,6,0,0.0,6,0,0,0,0,0,2,0,0,0,0,0,0,4.0342681969418095,0,0,0,0,0,0,0,1.0,0.6430461359959022,0.46700693149633593,0.3563423156738281,1.0,4799.332176208496,0.06728744506835938,0.49591064453125,0.08203125,41.0,490.0,490.0
Q00759__clean,Q00759,1,,kenaidanceta.com,data/qr_images/Q00759.png,none,none,4,1,http://beta.kenaidanceta.com/postamok/07fc3/source/,opencv,exact,51,21,23,0,2,1,0,3,0.058823529411764705,0,0,0,0,0,0,3,0,0,0,0,0,0,4.207149735045995,0,0,0,0,0,0,0,1.0,0.6615067276300168,0.4631748648045319,0.3355827331542969,1.0,3682.804733276367,0.0537567138671875,0.57220458984375,0.09765625,33.0,410.0,410.0
Q00760__clean,Q00760,1,,kidscoloringpdf.com,data/qr_images/Q00760.png,none,none,6,1,https://www.kidscoloringpdf.com/wp-content/xxx/2020dhl_topscript/dhl_topscript/source/index.php,opencv,exact,95,23,64,0,3,1,1,4,0.042105263157894736,3,0,0,0,0,0,6,0,1,0,0,0,0,4.3931801514729285,0,0,0,0,0,0,0,1.0,0.6413826437557445,0.4676688710647866,0.35884857177734375,1.0,4711.276107788086,0.06624221801757812,0.64849853515625,0.08203125,41.0,490.0,490.0
Q00761__clean,Q00761,0,,at.ua,data/qr_images/Q00761.png,none,none,5,1,http://iptv-work.at.ua/publ/iptv_playlist_18/iptv_playlist_2015_adult_18/2-1-0-36,opencv,exact,81,15,59,0,2,1,4,13,0.16049382716049382,10,0,0,0,0,0,4,0,0,0,0,0,0,4.420847651852952,0,0,0,0,0,0,0,1.0,0.6493615692737056,0.4658646967140778,0.346649169921875,1.0,4136.543930053711,0.060512542724609375,0.457763671875,0.08984375,37.0,450.0,450.0
Q00762__clean,Q00762,0,,techmesto.com,data/qr_images/Q00762.png,none,none,4,1,https://www.techmesto.com/best-file-managers-windows-phone/,opencv,exact,59,17,34,0,2,1,4,0,0.0,4,0,0,0,0,0,1,0,1,0,0,0,0,4.211399677596963,0,0,0,0,0,0,0,1.0,0.6484204909380744,0.46788075185424693,0.34839630126953125,1.0,3540.0676651000977,0.05210113525390625,0.3814697265625,0.09765625,33.0,410.0,410.0
Q00763__clean,Q00763,1,,williampermuysalon.com,data/qr_images/Q00763.png,none,none,5,1,http://www.williampermuysalon.com/wp-admin/network/Goooo/Gdriveeee/googledrive/,opencv,exact,79,26,46,0,2,1,1,0,0.0,1,0,0,0,0,0,5,0,0,0,0,0,0,4.285765836752268,0,0,0,0,0,0,0,1.0,0.659243834252451,0.4626017626927334,0.33792877197265625,1.0,4116.951713562012,0.060459136962890625,0.762939453125,0.08984375,37.0,450.0,450.0
Q00764__clean,Q00764,1,,budgetbots.com,data/qr_images/Q00764.png,none,none,5,1,http://www.budgetbots.com/server.php/Server%20update/index.php?email=USER@DOMAIN.com,opencv,exact,84,18,37,21,5,1,0,2,0.023809523809523808,4,1,1,1,0,1,3,1,0,0,0,0,0,4.938589637797157,1,0,0,0,0,1,0,1.0,0.6513377470128676,0.4654872056513059,0.3454704284667969,1.0,4072.46883392334,0.059329986572265625,0.72479248046875,0.08984375,37.0,450.0,450.0
Q00765__clean,Q00765,1,,tinyurl.com,data/qr_images/Q00765.png,none,none,3,1,https://tinyurl.com/sdi-template,opencv,exact,32,11,13,0,1,0,1,0,0.0,1,0,0,0,0,0,1,0,1,0,0,0,0,4.1136085007312415,0,0,0,0,0,0,0,1.0,0.6961275736490885,0.45149466087182444,0.3052406311035156,1.0,3143.743995666504,0.045337677001953125,0.57220458984375,0.107421875,29.0,370.0,370.0
Q00766__clean,Q00766,1,,yanddcleaning.com.au,data/qr_images/Q00766.png,none,none,5,1,http://yanddcleaning.com.au/Bank%20of%20America/app/ac125f5c244313f4da59f6d8d7597aae,opencv,exact,84,20,57,0,2,0,0,23,0.27380952380952384,2,0,0,0,0,2,3,0,0,0,0,0,0,4.769545221842161,1,0,0,0,0,0,1,1.0,0.6454098420984605,0.466895613576114,0.3509635925292969,1.0,4332.419578552246,0.06241607666015625,0.49591064453125,0.08984375,37.0,450.0,450.0
Q00767__clean,Q00767,1,,rudiguvenlik.com,data/qr_images/Q00767.png,none,none,3,1,http://rudiguvenlik.com/1122/?sec=Andreas,opencv,exact,41,16,6,11,1,0,0,4,0.0975609756097561,2,0,1,1,0,0,1,1,0,0,0,0,0,4.558652309443365,0,0,0,0,0,0,0,1.0,0.6946656320609298,0.4519954878399234,0.3072242736816406,1.0,3082.68701171875,0.045246124267578125,0.6103515625,0.107421875,29.0,370.0,370.0
Q00768__clean,Q00768,0,,setuprouter.com,data/qr_images/Q00768.png,none,none,4,1,http://setuprouter.com/router/smartrg/sr500n/manual-1242.pdf,opencv,exact,60,15,38,0,2,0,1,7,0.11666666666666667,1,0,0,0,0,0,4,0,0,0,0,0,0,4.320217937674553,0,0,0,0,0,0,0,1.0,0.6573428135292203,0.4651656788747849,0.3395195007324219,1.0,3442.675735473633,0.0508575439453125,0.41961669921875,0.09765625,33.0,410.0,410.0
Q00769__clean,Q00769,1,,web.app,data/qr_images/Q00769.png,none,none,3,1,https://promocao-oboticario.web.app/,opencv,exact,36,27,1,0,2,1,1,0,0.0,1,0,0,0,0,0,0,0,1,0,0,0,0,3.842857292808497,0,0,0,0,0,0,0,1.0,0.6888191821528417,0.45443930506204167,0.31363677978515625,1.0,3213.061477661133,0.046222686767578125,0.5340576171875,0.107421875,29.0,370.0,370.0
Q00770__clean,Q00770,0,,die.net,data/qr_images/Q00770.png,none,none,4,1,https://linux.die.net/man/7/control-alt-delete,opencv,exact,46,13,25,0,2,1,2,1,0.021739130434782608,2,0,0,0,0,0,3,0,1,0,0,0,0,4.072930304900479,0,0,0,0,0,0,0,1.0,0.6531791687011719,0.46611523839963076,0.3443107604980469,1.0,3621.859550476074,0.05316925048828125,0.457763671875,0.09765625,33.0,410.0,410.0
Q00771__clean,Q00771,1,,kovolem.cz,data/qr_images/Q00771.png,none,none,5,1,http://kovolem.cz/4458A73BC08A11997B7121510F00D9B9/?sec=Alexandra%20Hentsche,opencv,exact,76,10,34,24,1,0,0,26,0.34210526315789475,3,0,1,1,0,1,1,1,0,0,0,0,0,5.003146474836643,0,0,0,0,0,0,0,1.0,0.6464025908825444,0.46728586192031085,0.3502235412597656,1.0,4109.940719604492,0.0589752197265625,0.6866455078125,0.08984375,37.0,450.0,450.0
Q00772__clean,Q00772,1,,nicolettescatering.com,data/qr_images/Q00772.png,none,none,5,1,http://www.nicolettescatering.com/wp-admin/css/secure/doc043367/,opencv,exact,64,26,31,0,2,1,1,6,0.09375,1,0,0,0,0,0,4,0,0,0,0,0,0,4.396168704467279,1,0,0,0,1,0,0,1.0,0.6562747730928309,0.464049529693461,0.34101104736328125,1.0,4101.024620056152,0.05887603759765625,0.3814697265625,0.08984375,37.0,450.0,450.0
Q00773__clean,Q00773,1,,9e.cz,data/qr_images/Q00773.png,none,none,3,1,http://ricado.9e.cz/nmp.html,opencv_aruco,exact,28,12,9,0,3,1,0,1,0.03571428571428571,0,0,0,0,0,0,1,0,0,0,0,0,0,4.012188403968661,0,0,0,0,0,0,0,1.0,0.6917418685613894,0.4535353227726442,0.3104438781738281,1.0,3163.021797180176,0.044956207275390625,0.49591064453125,0.107421875,29.0,370.0,370.0
Q00774__clean,Q00774,0,,brother.com,data/qr_images/Q00774.png,none,none,5,1,http://support.brother.com/g/s/id/pdf_pub/faq/faq002478/en/Scan_To_FTP.pdf,opencv,exact,74,19,48,0,3,1,0,6,0.08108108108108109,3,0,0,0,0,0,8,0,0,0,0,0,0,4.635081832331412,0,0,0,0,0,0,0,1.0,0.6473867378982843,0.4665365257388255,0.34897613525390625,1.0,4135.622146606445,0.060420989990234375,0.6866455078125,0.08984375,37.0,450.0,450.0
Q00775__clean,Q00775,0,,subnet-calculator.com,data/qr_images/Q00775.png,none,none,3,1,http://www.subnet-calculator.com/,opencv,exact,33,25,1,0,2,1,1,0,0.0,1,0,0,0,0,0,0,0,0,0,0,0,0,4.066677073707229,0,0,0,0,0,0,0,1.0,0.6807880925197227,0.45801248636087066,0.3210296630859375,1.0,3013.8557662963867,0.0441131591796875,0.5340576171875,0.107421875,29.0,370.0,370.0
Q00776__clean,Q00776,1,,thapthan.ac.th,data/qr_images/Q00776.png,none,none,6,1,http://thapthan.ac.th/information/confirmation/110dpbox/page/486743eb73799618ccfe5f14ca95b9a8,opencv,exact,93,14,72,0,2,0,0,24,0.25806451612903225,0,0,0,0,0,0,5,0,0,0,0,0,0,4.583176791291533,1,0,0,0,0,0,0,1.0,0.6409682180367264,0.4674012772853056,0.3589363098144531,1.0,4778.288688659668,0.06779098510742188,0.57220458984375,0.08203125,41.0,490.0,490.0
Q00777__clean,Q00777,1,,statictab.com,data/qr_images/Q00777.png,none,none,12,1,http://153284594738391.statictab.com/2506080/?signed_request=vLSGIn9-mAPLo6LyP7j3KlFSRK21rVpIY43KPlBTDWI.eyJhbGdvcml0aG0iOiJITUFDLVNIQTI1NiIsImlzc3VlZF9hdCI6MTQxNjU0NDIzNywicGFnZSI6eyJpZCI6IjQ2MDk4ODc5NzI3ODA2NyIsImFkbWluIjpmYWxzZSwibGlrZWQiOnRydWV9LCJ1c,opencv,exact,254,29,9,208,3,1,1,46,0.18110236220472442,4,0,1,1,0,0,1,1,0,0,0,0,0,5.786374346706747,0,0,0,0,0,0,0,1.0,0.6119431888355928,0.46542003611713423,0.3881034851074219,1.0,7382.831993103027,0.11055374145507812,1.64031982421875,0.0546875,65.0,730.0,730.0
Q00778__clean,Q00778,0,,solaripedia.com,data/qr_images/Q00778.png,none,none,3,1,http://www.solaripedia.com/files/87,opencv,exact,35,19,9,0,2,1,0,2,0.05714285714285714,0,0,0,0,0,0,2,0,0,0,0,0,0,4.171860873964196,0,0,0,0,0,0,0,1.0,0.6961234896790748,0.4515729275288624,0.3057708740234375,1.0,3132.9521865844727,0.04496002197265625,0.49591064453125,0.107421875,29.0,370.0,370.0
Q00779__clean,Q00779,0,,onlineradiotuner.com,data/qr_images/Q00779.png,none,none,3,1,https://onlineradiotuner.com/,opencv,exact,29,20,1,0,1,0,0,0,0.0,0,0,0,0,0,0,0,0,1,0,0,0,0,3.9952378913808873,0,0,0,0,0,0,0,1.0,0.6975886625402113,0.4507155143930364,0.3038978576660156,1.0,3109.6563034057617,0.045345306396484375,0.57220458984375,0.107421875,29.0,370.0,370.0
Q00780__clean,Q00780,0,,zeus-alarm.at,data/qr_images/Q00780.png,none,none,2,1,https://www.zeus-alarm.at/,opencv,exact,26,17,1,0,2,1,1,0,0.0,1,0,0,0,0,0,0,0,1,0,0,0,0,3.8150724101159423,0,0,0,0,0,0,0,1.0,0.6969573077033547,0.4525545205510357,0.3067283630371094,1.0,2415.6708450317383,0.036685943603515625,0.41961669921875,0.12109375,25.0,330.0,330.0
Q00781__clean,Q00781,0,,audioenglish.org,data/qr_images/Q00781.png,none,none,4,1,http://www.audioenglish.org/dictionary/provenance.htm,opencv,exact,53,20,26,0,3,1,0,0,0.0,0,0,0,0,0,0,2,0,0,0,0,0,0,4.283970926016391,0,0,0,0,0,0,0,1.0,0.6728101992139629,0.45959856542930483,0.3251953125,1.0,3475.4698181152344,0.051166534423828125,0.457763671875,0.09765625,33.0,410.0,410.0
Q00782__clean,Q00782,0,,ideo.com,data/qr_images/Q00782.png,none,none,2,1,https://www.ideo.com/jobs,opencv,exact,25,12,5,0,2,1,0,0,0.0,0,0,0,0,0,0,1,0,1,0,0,0,0,3.8332696895151073,0,0,0,0,0,0,0,1.0,0.6932823330748314,0.45397391064373166,0.31056976318359375,1.0,2578.628288269043,0.0382537841796875,0.49591064453125,0.12109375,25.0,330.0,330.0
Q00783__clean,Q00783,0,,merriam-webster.com,data/qr_images/Q00783.png,none,none,4,1,https://www.merriam-webster.com/dictionary/standard%20error,opencv,exact,59,23,28,0,2,1,1,2,0.03389830508474576,2,0,0,0,0,1,2,0,1,0,0,0,0,4.232065456391431,0,0,0,0,0,0,0,1.0,0.6638884151683134,0.4629558085415199,0.33355712890625,1.0,3525.685874938965,0.05130767822265625,0.64849853515625,0.09765625,33.0,410.0,410.0
Q00784__clean,Q00784,0,,valcom.com,data/qr_images/Q00784.png,none,none,5,1,http://www.valcom.com/techsupport/config-docs/Valcom_SIP_Connections.pdf,opencv,exact,72,14,51,0,3,1,1,0,0.0,3,0,0,0,0,0,3,0,0,0,0,0,0,4.532559509609942,0,0,0,0,0,0,0,1.0,0.6394869037702972,0.4690030437419173,0.35707855224609375,1.0,4099.99072265625,0.059963226318359375,0.5340576171875,0.08984375,37.0,450.0,450.0
Q00785__clean,Q00785,1,,mosquito-digital.com,data/qr_images/Q00785.png,none,none,6,1,https://trendsettercorp.mosquito-digital.com/Adobe02_Sharep01nt/Ver1fy_Office1_Spreadsheet03,opencv,exact,92,36,48,0,2,1,1,8,0.08695652173913043,4,0,0,0,0,0,2,0,1,0,0,0,0,4.6740811521900305,0,0,0,0,0,0,0,1.0,0.6480466805252374,0.465176011302179,0.3521881103515625,1.0,4824.400688171387,0.0680084228515625,0.762939453125,0.08203125,41.0,490.0,490.0
Q00786__clean,Q00786,0,,wikiquote.org,data/qr_images/Q00786.png,none,none,3,1,https://en.wikiquote.org/wiki/Spacetime,opencv,exact,39,16,15,0,2,1,0,0,0.0,0,0,0,0,0,0,2,0,1,0,0,0,0,4.115924257979253,0,0,0,0,0,0,0,1.0,0.6851698033949908,0.45635668813704583,0.3169670104980469,1.0,2992.948143005371,0.043651580810546875,0.57220458984375,0.107421875,29.0,370.0,370.0
Q00787__clean,Q00787,0,,toptenreviews.com,data/qr_images/Q00787.png,none,none,5,1,http://www.toptenreviews.com/services/internet/best-internet-service-providers/,opencv,exact,79,21,51,0,2,1,3,0,0.0,3,0,0,0,0,0,3,0,0,0,0,0,0,3.880425795021536,0,0,0,0,0,0,0,1.0,0.6572641559675628,0.4636807099039244,0.3400535583496094,1.0,4014.5356521606445,0.05855560302734375,0.57220458984375,0.08984375,37.0,450.0,450.0
Q00788__clean,Q00788,1,,colegiopatagonia.cl,data/qr_images/Q00788.png,none,none,9,1,https://colegiopatagonia.cl/Charlie/Chase0ChaseChasechase-Online/wwwhttpsChase-Chase0ChaseOnline/wwwChaseOnlinebankingcom-account0notifications0CentreUSA/verification.php?step1=,opencv,exact,177,19,143,6,2,0,3,5,0.02824858757062147,5,0,1,1,0,0,5,1,1,0,0,0,0,4.457898850324619,3,0,0,1,0,0,1,1.0,0.616760388542624,0.4699074891929306,0.3812675476074219,1.0,6400.2918701171875,0.08904266357421875,0.9918212890625,0.06640625,53.0,610.0,610.0
Q00789__clean,Q00789,0,,puzzlair.co.uk,data/qr_images/Q00789.png,none,none,2,1,https://puzzlair.co.uk/,opencv,exact,23,14,1,0,2,0,0,0,0.0,0,0,0,0,0,0,0,0,1,0,0,0,0,3.8820451081368628,0,0,0,0,0,0,0,1.0,0.7006293652104396,0.45079073626905447,0.3032379150390625,1.0,2551.3131713867188,0.038036346435546875,0.34332275390625,0.12109375,25.0,330.0,330.0
Q00790__clean,Q00790,1,,thebestcontents.info,data/qr_images/Q00790.png,none,none,5,1,http://www.thebestcontents.info/?sl=805748-c302a&amp;data1=Track1&amp;data2=%siteid%,opencv,exact,84,24,1,51,2,1,1,12,0.14285714285714285,11,0,1,3,2,2,0,3,0,0,0,0,0,4.861740934322945,0,0,0,0,0,0,0,1.0,0.6562777051738664,0.4635155902011914,0.3398323059082031,1.0,4200.771171569824,0.0611419677734375,0.762939453125,0.08984375,37.0,450.0,450.0
Q00791__clean,Q00791,1,,andreamigliaccio.it,data/qr_images/Q00791.png,none,none,5,1,http://www.andreamigliaccio.it/components/com_ajax/chase.summary,opencv,exact,64,23,34,0,3,1,0,0,0.0,1,0,0,0,0,0,3,0,0,0,0,0,0,4.308518072054203,0,0,0,0,0,0,0,1.0,0.6533140294692096,0.4646328394590605,0.3430442810058594,1.0,4229.979644775391,0.060962677001953125,0.6103515625,0.08984375,37.0,450.0,450.0
Q00792__clean,Q00792,0,,learningandthebrain.com,data/qr_images/Q00792.png,none,none,3,1,https://www.learningandthebrain.com/,opencv,exact,36,27,1,0,2,1,0,0,0.0,0,0,0,0,0,0,0,0,1,0,0,0,0,4.141604167868593,0,0,0,0,0,0,0,1.0,0.6764048108867571,0.4593581340445213,0.3257331848144531,1.0,3045.672004699707,0.045291900634765625,0.457763671875,0.107421875,29.0,370.0,370.0
Q00793__clean,Q00793,1,,sportsmentaltoughnesscoach.com.au,data/qr_images/Q00793.png,none,none,7,1,http://www.sportsmentaltoughnesscoach.com.au/wp-includes/js/jquery/rcube19/93985a3de119ea5f2afbaeb3195aeb61/roundcube.php,opencv_aruco,exact,121,37,77,0,4,1,1,19,0.15702479338842976,1,0,0,0,0,0,6,0,0,0,0,0,0,4.7385919912825125,0,0,0,0,0,0,0,1.0,0.6276330686083027,0.46951038407392043,0.3700904846191406,1.0,5164.723243713379,0.07471847534179688,0.72479248046875,0.076171875,45.0,530.0,530.0
Q00794__clean,Q00794,0,,ondecksports.com,data/qr_images/Q00794.png,none,none,4,1,http://www.ondecksports.com/netting/batting-cages,opencv,exact,49,20,22,0,2,1,1,0,0.0,1,0,0,0,0,0,2,0,0,0,0,0,0,4.14163209988288,0,0,0,0,0,0,0,1.0,0.6626957014495252,0.46326156048836775,0.33345794677734375,1.0,3571.513641357422,0.05191802978515625,0.64849853515625,0.09765625,33.0,410.0,410.0
Q00795__clean,Q00795,0,,filmandfriends.com,data/qr_images/Q00795.png,none,none,3,1,http://www.filmandfriends.com/,opencv,exact,30,22,1,0,2,1,0,0,0.0,0,0,0,0,0,0,0,0,0,0,0,0,0,4.12323142879762,0,0,0,0,0,0,0,1.0,0.6844376358331419,0.45633506758569364,0.3174247741699219,1.0,3138.0504150390625,0.045421600341796875,0.49591064453125,0.107421875,29.0,370.0,370.0
Q00796__clean,Q00796,0,,narod.ru,data/qr_images/Q00796.png,none,none,3,1,http://kbd-intl.narod.ru/english/layouts,opencv,exact,40,17,16,0,2,1,1,0,0.0,1,0,0,0,0,0,2,0,0,0,0,0,0,4.234183719779189,0,0,0,0,0,0,0,1.0,0.690284953397863,0.45394182950262596,0.3116035461425781,1.0,3085.5997314453125,0.045017242431640625,0.5340576171875,0.107421875,29.0,370.0,370.0
Q00797__clean,Q00797,1,,didaktikelectronic.sk,data/qr_images/Q00797.png,none,none,5,1,http://www.didaktikelectronic.sk/sitemap/02/pop/pop.htm?JFlores@cartech.com,opencv,exact,75,25,23,19,4,1,0,2,0.02666666666666667,2,1,1,0,0,0,4,1,0,0,0,0,0,4.3783631118090565,0,0,0,0,0,0,0,1.0,0.6444265776989506,0.4679027382433462,0.35324859619140625,1.0,4053.156379699707,0.058582305908203125,0.49591064453125,0.08984375,37.0,450.0,450.0
Q00798__clean,Q00798,1,,yolasite.com,data/qr_images/Q00798.png,none,none,4,1,https://xn--scurit-outlook-bkbf.yolasite.com/,opencv,exact,45,36,1,0,2,1,4,0,0.0,4,0,0,0,0,0,0,0,1,0,1,0,0,4.275651852925217,0,0,0,0,0,0,0,1.0,0.6745939815745634,0.45851411586398266,0.3224754333496094,1.0,3634.603889465332,0.053192138671875,0.64849853515625,0.09765625,33.0,410.0,410.0
Q00799__clean,Q00799,0,,litchfieldstation.com,data/qr_images/Q00799.png,none,none,3,1,https://www.litchfieldstation.com/,opencv,exact,34,25,1,0,2,1,0,0,0.0,0,0,0,0,0,0,0,0,1,0,0,0,0,3.9735127535760095,0,0,0,0,0,0,0,1.0,0.6778658399394915,0.459221115976652,0.3238868713378906,1.0,2995.1499557495117,0.04373931884765625,0.49591064453125,0.107421875,29.0,370.0,370.0
Q00800__clean,Q00800,0,,the-alcoholism-guide.org,data/qr_images/Q00800.png,none,none,5,1,http://www.the-alcoholism-guide.org/reasons-for-binge-drinking.html,opencv,exact,67,28,32,0,3,1,5,0,0.0,5,0,0,0,0,0,1,0,0,0,0,0,0,4.385442042187208,0,0,0,0,0,0,0,1.0,0.6404755685843674,0.46853218108332545,0.3563117980957031,1.0,4120.471343994141,0.060749053955078125,0.49591064453125,0.08984375,37.0,450.0,450.0
Q00801__clean,Q00801,1,,typeform.com,data/qr_images/Q00801.png,none,none,4,1,http://mlcr0sof7-off1c017.typeform.com/to/ubjpx5/,opencv,exact,49,31,11,0,2,1,1,7,0.14285714285714285,1,0,0,0,0,0,2,0,0,0,0,0,0,4.319119161352678,0,0,0,0,0,0,0,1.0,0.6638853035721124,0.46278155530545545,0.3326225280761719,1.0,3549.2891845703125,0.05194091796875,0.64849853515625,0.09765625,33.0,410.0,410.0
Q00802__clean,Q00802,0,,site2design.ir,data/qr_images/Q00802.png,none,none,3,1,http://www.site2design.ir/index.php,opencv,exact,35,18,10,0,3,1,0,1,0.02857142857142857,0,0,0,0,0,0,1,0,0,0,0,0,0,3.857016588002657,0,0,0,0,0,0,0,1.0,0.6873618032418045,0.4551858532106279,0.3150177001953125,1.0,3250.9064712524414,0.046142578125,0.457763671875,0.107421875,29.0,370.0,370.0
Q00803__clean,Q00803,0,,ncsoft.com,data/qr_images/Q00803.png,none,none,3,1,http://global.ncsoft.com/global/,opencv,exact,32,17,8,0,2,1,0,0,0.0,0,0,0,0,0,0,1,0,0,0,0,0,0,3.7889097655573916,0,0,0,0,0,0,0,1.0,0.694666395000383,0.45198966463329904,0.3067893981933594,1.0,3151.6075897216797,0.045742034912109375,0.6866455078125,0.107421875,29.0,370.0,370.0
Q00804__clean,Q00804,1,,bliss-system20.com,data/qr_images/Q00804.png,none,none,4,1,http://www.bliss-system20.com/Payment/office,opencv,exact,44,22,15,0,2,1,1,2,0.045454545454545456,1,0,0,0,0,0,2,0,0,0,0,0,0,4.31705292530797,1,0,0,0,0,0,0,1.0,0.6722136104808134,0.4596982627985836,0.3238677978515625,1.0,3527.403274536133,0.051971435546875,0.57220458984375,0.09765625,33.0,410.0,410.0
Q00805__clean,Q00805,0,,canterbury.co.uk,data/qr_images/Q00805.png,none,none,3,1,https://www.canterbury.co.uk/,opencv,exact,29,20,1,0,3,1,0,0,0.0,0,0,0,0,0,0,0,0,1,0,0,0,0,3.9952378913808873,0,0,0,0,0,0,0,1.0,0.6800547880284926,0.45818572364245413,0.3216056823730469,1.0,3044.825325012207,0.044521331787109375,0.5340576171875,0.107421875,29.0,370.0,370.0
Q00806__clean,Q00806,0,,louisiana.gov,data/qr_images/Q00806.png,none,none,5,1,http://house.louisiana.gov/OG1620/OG1620docs/H%20-%20Glossary.pdf,opencv,exact,65,19,39,0,3,1,1,12,0.18461538461538463,3,0,0,0,0,2,3,0,0,0,0,0,0,4.682466521800749,0,0,0,0,0,0,0,1.0,0.6523250056248086,0.4651290888032426,0.3441886901855469,1.0,4092.3106231689453,0.059650421142578125,0.6866455078125,0.08984375,37.0,450.0,450.0
Q00807__clean,Q00807,1,,isabellacano.com,data/qr_images/Q00807.png,none,none,4,1,http://isabellacano.com/files/Alibaba.com/images/login.htm,opencv,exact,58,16,35,0,3,0,0,0,0.0,0,0,0,0,0,0,4,0,0,0,0,0,0,4.05163347839467,1,1,0,0,0,0,0,1.0,0.6531802906709558,0.4662086332977431,0.3450813293457031,1.0,3579.158660888672,0.052669525146484375,0.457763671875,0.09765625,33.0,410.0,410.0
Q00808__clean,Q00808,0,,z.com,data/qr_images/Q00808.png,none,none,2,1,https://website.z.com/th/,opencv,exact,25,13,4,0,2,1,0,0,0.0,0,0,0,0,0,0,1,0,1,0,0,0,0,3.683856189774724,0,0,0,0,0,0,0,1.0,0.7006305170994179,0.45105188330691787,0.3025550842285156,1.0,2490.7574005126953,0.036815643310546875,0.5340576171875,0.12109375,25.0,330.0,330.0
Q00809__clean,Q00809,0,,straighttalkforthesoul.com,data/qr_images/Q00809.png,none,none,3,1,http://www.straighttalkforthesoul.com/,opencv,exact,38,30,1,0,2,1,0,0,0.0,0,0,0,0,0,0,0,0,0,0,0,0,0,4.0761031709967215,0,0,0,0,0,0,0,1.0,0.6829793443866804,0.4570381187179681,0.3191871643066406,1.0,3248.1870727539062,0.045917510986328125,0.49591064453125,0.107421875,29.0,370.0,370.0
Q00810__clean,Q00810,1,,cutt.ly,data/qr_images/Q00810.png,none,none,2,1,https://cutt.ly/SsyhHnk,opencv,exact,23,7,8,0,1,0,0,0,0.0,0,0,0,0,0,0,1,0,1,0,0,0,0,3.708132064658602,0,0,0,0,0,0,0,1.0,0.6785916646321615,0.46006432299916417,0.32530975341796875,1.0,2603.87451171875,0.03816986083984375,0.3814697265625,0.12109375,25.0,330.0,330.0
Q00811__clean,Q00811,0,,armeriaegara.com,data/qr_images/Q00811.png,none,none,3,1,https://www.armeriaegara.com/,opencv,exact,29,20,1,0,2,1,0,0,0.0,0,0,0,0,0,0,0,0,1,0,0,0,0,3.8143719431796272,0,0,0,0,0,0,0,1.0,0.699046609915939,0.4501908765735619,0.30281829833984375,1.0,3169.963821411133,0.0454559326171875,0.72479248046875,0.107421875,29.0,370.0,370.0
Q00812__clean,Q00812,1,,christmascartoons.org,data/qr_images/Q00812.png,none,none,6,1,http://christmascartoons.org/wp-includes/reset/Step2-Internet-Banking-verify-account.htm,opencv,exact,88,21,60,0,2,0,5,1,0.011363636363636364,5,0,0,0,0,0,3,0,0,0,0,0,0,4.459654780409103,3,0,1,1,0,0,1,1.0,0.6443005131740196,0.46679462495629476,0.35552978515625,1.0,4691.403503417969,0.066253662109375,0.57220458984375,0.08203125,41.0,490.0,490.0
Q00813__clean,Q00813,0,,depicus.com,data/qr_images/Q00813.png,none,none,4,1,https://www.depicus.com/wake-on-lan/wake-on-lan-gui,opencv,exact,51,15,28,0,2,1,5,0,0.0,5,0,0,0,0,0,2,0,1,0,0,0,0,4.207149735045994,0,0,0,0,0,0,0,1.0,0.6662656746658624,0.4619817576975368,0.33069610595703125,1.0,3587.639991760254,0.051853179931640625,0.34332275390625,0.09765625,33.0,410.0,410.0
Q00814__clean,Q00814,1,,mysummercamps.com,data/qr_images/Q00814.png,none,none,10,1,https://www.mysummercamps.com/forum/For_Camp_Directors_C3/Research_and_Learn_F10/Bridging_the_gap_at_summer_camp/gforum.cgi?url=http://server.bludomain82.com/~bree2/review/#_&amp;?hannah.judge@discsystems.co.uk,opencv,exact,210,21,94,48,8,1,0,6,0.02857142857142857,20,1,2,1,1,0,5,1,1,0,0,0,0,4.8909420222253575,0,0,0,0,0,0,0,1.0,0.6132448233810126,0.469197070681571,0.3849525451660156,1.0,6781.983978271484,0.09530258178710938,0.95367431640625,0.060546875,57.0,650.0,650.0
Q00815__clean,Q00815,1,,tradefactsltd.co.uk,data/qr_images/Q00815.png,none,none,5,1,http://tradefactsltd.co.uk/ibank/index.php?email=abuse@example.com,opencv,exact,66,19,16,23,4,0,0,0,0.0,3,1,1,1,0,0,2,1,0,0,0,0,0,4.432217937632574,1,0,0,0,0,0,1,1.0,0.6454132080078125,0.46720674312125093,0.350860595703125,1.0,4175.817161560059,0.06043243408203125,0.57220458984375,0.08984375,37.0,450.0,450.0
Q00816__clean,Q00816,1,,unitus.mk.ua,data/qr_images/Q00816.png,none,none,7,1,http://unitus.mk.ua/sites/default/files/ctools/ams/cms/index/www/customer_center/customer-IDPP00C156/login.php,opencv,exact,110,12,91,0,3,0,1,5,0.045454545454545456,2,0,0,0,0,0,11,0,0,0,0,0,0,4.591476615572955,1,1,0,0,0,0,0,1.0,0.6205108193790212,0.471710323019365,0.377777099609375,1.0,5036.516578674316,0.07296371459960938,0.80108642578125,0.076171875,45.0,530.0,530.0
Q00817__clean,Q00817,1,,myppbilling-acount.link,data/qr_images/Q00817.png,none,none,3,1,http://myppbilling-acount.link,opencv,exact,30,23,0,0,1,0,1,0,0.0,1,0,0,0,0,0,0,0,0,0,0,0,0,4.047742678581273,0,0,0,0,0,0,0,1.0,0.6961243573357078,0.45157340993719775,0.3062896728515625,1.0,3134.9933853149414,0.044940948486328125,0.49591064453125,0.107421875,29.0,370.0,370.0
Q00818__clean,Q00818,1,,cloudvirtualoffice.com,data/qr_images/Q00818.png,none,none,6,1,http://www.cloudvirtualoffice.com/blog/wp-content/themes/twentytwelve/languages/email/cache/,opencv,exact,92,26,59,0,2,1,1,0,0.0,1,0,0,0,0,0,7,0,0,0,0,0,0,4.27909532145484,0,0,0,0,0,0,0,1.0,0.6480469198787914,0.4649350714038963,0.35164642333984375,1.0,4906.7966384887695,0.06909561157226562,0.57220458984375,0.08203125,41.0,490.0,490.0
Q00819__clean,Q00819,1,,eyrehead.com,data/qr_images/Q00819.png,none,none,5,1,http://part.eyrehead.com/bzp?kl=ZH9wlG9qbGKclbGlkm1laJWkYsBxj2o/yrp@netmail.com.au,opencv,exact,82,17,4,53,4,1,0,4,0.04878048780487805,3,1,1,1,0,0,1,1,0,0,0,0,0,5.02037224252364,0,0,0,0,0,0,0,1.0,0.65232780306947,0.4650920924620996,0.343414306640625,1.0,4098.639930725098,0.05983734130859375,0.64849853515625,0.08984375,37.0,450.0,450.0
Q00820__clean,Q00820,1,,cassa7c.com,data/qr_images/Q00820.png,none,none,3,1,http://www.cassa7c.com/boa/boa/index.html,opencv,exact,41,15,19,0,3,1,0,1,0.024390243902439025,0,0,0,0,0,0,3,0,0,0,0,0,0,4.104281809855787,0,0,0,0,0,0,0,1.0,0.6873592301910999,0.4551251222870527,0.314849853515625,1.0,3101.5032119750977,0.04526519775390625,0.49591064453125,0.107421875,29.0,370.0,370.0
Q00821__clean,Q00821,0,,online-tech-tips.com,data/qr_images/Q00821.png,none,none,6,1,http://www.online-tech-tips.com/internet-explorer-tips/how-to-clear-your-google-search-history/,opencv,exact,95,24,64,0,2,1,10,0,0.0,10,0,0,0,0,0,2,0,0,0,0,0,0,4.15630127290432,0,0,0,0,0,0,0,1.0,0.6376390195360371,0.46874378808885053,0.3630638122558594,1.0,4686.633712768555,0.06630706787109375,0.72479248046875,0.08203125,41.0,490.0,490.0
Q00822__clean,Q00822,1,,detarros.com,data/qr_images/Q00822.png,none,none,3,1,https://detarros.com/Nadene/,opencv,exact,28,12,8,0,1,0,0,0,0.0,0,0,0,0,0,0,1,0,1,0,0,0,0,3.824862957617357,0,0,0,0,0,0,0,1.0,0.6932048124425552,0.4527272910416453,0.3084754943847656,1.0,3091.5363845825195,0.045009613037109375,0.5340576171875,0.107421875,29.0,370.0,370.0
Q00823__clean,Q00823,0,,dpreview.com,data/qr_images/Q00823.png,none,none,3,1,https://www.dpreview.com/products/cameras,opencv,exact,41,16,17,0,2,1,0,0,0.0,0,0,0,0,0,0,2,0,1,0,0,0,0,4.0275684677161125,0,0,0,0,0,0,0,1.0,0.668369472728056,0.4625501392227566,0.3337898254394531,1.0,3100.183349609375,0.04523468017578125,0.457763671875,0.107421875,29.0,370.0,370.0
Q00824__clean,Q00824,0,,cmxcinemas.com,data/qr_images/Q00824.png,none,none,2,1,http://www.cmxcinemas.com/,opencv,exact,26,18,1,0,2,1,0,0,0.0,0,0,0,0,0,0,0,0,0,0,0,0,0,3.8150724101159423,0,0,0,0,0,0,0,1.0,0.6877747330011106,0.4565093125454665,0.3157196044921875,1.0,2505.8090896606445,0.0370941162109375,0.3814697265625,0.12109375,25.0,330.0,330.0
Q00825__clean,Q00825,0,,armstronggarden.com,data/qr_images/Q00825.png,none,none,5,1,https://www.armstronggarden.com/?SID=k11lf2097p3d8ucjusrcidcle6,opencv,exact,63,23,1,30,2,1,0,9,0.14285714285714285,2,0,1,1,0,0,0,1,1,0,0,0,0,4.996733296344086,0,0,0,0,0,0,0,1.0,0.6513361313763787,0.4654086095618288,0.3449668884277344,1.0,4096.537017822266,0.05977630615234375,0.49591064453125,0.08984375,37.0,450.0,450.0
Q00826__clean,Q00826,1,,csb.app,data/qr_images/Q00826.png,none,none,2,1,https://ift2y.csb.app/,opencv,exact,22,13,1,0,2,1,0,1,0.045454545454545456,0,0,0,0,0,0,0,0,1,0,0,0,0,3.6292196865240958,0,0,0,0,0,0,0,1.0,0.7189943650189567,0.44244508559662404,0.28496551513671875,1.0,2463.561393737793,0.036678314208984375,0.6103515625,0.12109375,25.0,330.0,330.0
Q00827__clean,Q00827,1,,werhawslink.com,data/qr_images/Q00827.png,none,none,6,1,http://werhawslink.com/r/2d39d8ae-b6e1-4a67-9c93-b3b0947aa482/37/24249_27/82_386408_1849_856919_md,opencv,exact,98,15,76,0,1,0,4,47,0.47959183673469385,9,0,0,0,0,0,5,0,0,0,0,0,0,4.6727435196305045,0,0,0,0,0,0,0,1.0,0.6422193041034773,0.4671090369633418,0.3584175109863281,1.0,4779.416725158691,0.06753921508789062,0.6866455078125,0.08203125,41.0,490.0,490.0
Q00828__clean,Q00828,0,,allinterview.com,data/qr_images/Q00828.png,none,none,5,1,https://www.allinterview.com/viewpost/163290/it-means-portable-document-format.html,opencv,exact,83,20,55,0,3,1,4,6,0.07228915662650602,4,0,0,0,0,0,3,0,1,0,0,0,0,4.540676787661718,0,0,0,0,0,0,0,1.0,0.6562759848201976,0.4631767180225471,0.3393974304199219,1.0,4273.402320861816,0.06256103515625,0.57220458984375,0.08984375,37.0,450.0,450.0
Q00829__clean,Q00829,0,,gettyimages.com,data/qr_images/Q00829.png,none,none,4,1,http://www.gettyimages.com/photos/computer-keyboard,opencv,exact,51,19,25,0,2,1,1,0,0.0,1,0,0,0,0,0,2,0,0,0,0,0,0,4.233521852064552,0,0,0,0,0,0,0,1.0,0.6603197733561198,0.46391717995471066,0.33748626708984375,1.0,3639.9717559814453,0.052642822265625,0.49591064453125,0.09765625,33.0,410.0,410.0
Q00830__clean,Q00830,1,,lightlink.com.cn,data/qr_images/Q00830.png,none,none,5,1,http://www.lightlink.com.cn/sites/default/files/2017-10/cfmjpg/,opencv,exact,63,20,36,0,3,1,1,6,0.09523809523809523,1,0,0,0,0,0,5,0,0,0,0,0,0,4.483010630048842,0,0,0,0,0,0,0,1.0,0.6612142375871247,0.4622380397491101,0.3356819152832031,1.0,4155.414398193359,0.05963897705078125,0.457763671875,0.08984375,37.0,450.0,450.0
Q00831__clean,Q00831,0,,faribaulthd.com,data/qr_images/Q00831.png,none,none,3,1,https://www.faribaulthd.com/,opencv,exact,28,19,1,0,2,1,0,0,0.0,0,0,0,0,0,0,0,0,1,0,0,0,0,4.0836169753972325,0,0,0,0,0,0,0,1.0,0.6822494656431909,0.45735713834147124,0.3193473815917969,1.0,3098.3446655273438,0.044971466064453125,0.64849853515625,0.107421875,29.0,370.0,370.0
Q00832__clean,Q00832,0,,allrecipes.com,data/qr_images/Q00832.png,none,none,4,1,http://allrecipes.com/recipes/15944/main-dish/curries/,opencv,exact,54,14,33,0,1,0,1,5,0.09259259259259259,1,0,0,0,0,0,4,0,0,0,0,0,0,4.206264300210871,0,0,0,0,0,0,0,1.0,0.6603172900629979,0.4638859536782386,0.3371124267578125,1.0,3521.2900772094727,0.051975250244140625,0.6103515625,0.09765625,33.0,410.0,410.0
Q00833__clean,Q00833,0,,livesoccertv.com,data/qr_images/Q00833.png,none,none,4,1,http://www.livesoccertv.com/channels/fox-sports-go-usa/,opencv,exact,55,20,28,0,2,1,3,0,0.0,3,0,0,0,0,0,2,0,0,0,0,0,0,4.306930914801007,0,0,0,0,0,0,0,1.0,0.6674583584654565,0.46143854109576815,0.3296852111816406,1.0,3577.4158325195312,0.05208587646484375,0.5340576171875,0.09765625,33.0,410.0,410.0
Q00834__clean,Q00834,0,,digikey.com,data/qr_images/Q00834.png,none,none,5,1,http://media.digikey.com/pdf/Data%20Sheets/General%20Cable%20PDFs/GenSPEED_10MTP.pdf,opencv,exact,84,17,60,0,3,1,0,8,0.09523809523809523,4,0,0,0,0,3,4,0,0,0,0,0,0,4.887512327613189,0,0,0,0,0,0,0,1.0,0.643437224743413,0.4676510338680353,0.3529167175292969,1.0,4043.868453979492,0.0601654052734375,0.64849853515625,0.08984375,37.0,450.0,450.0
Q00835__clean,Q00835,0,,demarini.com,data/qr_images/Q00835.png,none,none,3,1,http://www.demarini.com/en-us/baseball,opencv,exact,38,16,15,0,2,1,1,0,0.0,1,0,0,0,0,0,2,0,0,0,0,0,0,4.240962710641206,0,0,0,0,0,0,0,1.0,0.6771353777717142,0.4591176704984981,0.3250312805175781,1.0,3154.400001525879,0.045864105224609375,0.49591064453125,0.107421875,29.0,370.0,370.0
Q00836__clean,Q00836,0,,chron.com,data/qr_images/Q00836.png,none,none,4,1,http://work.chron.com/aggressive-behavior-workplace-17525.html,opencv,exact,62,14,41,0,3,1,3,5,0.08064516129032258,3,0,0,0,0,0,1,0,0,0,0,0,0,4.538896214227932,0,0,0,0,0,0,0,1.0,0.6680511474609375,0.461018076409408,0.328857421875,1.0,3593.725700378418,0.05266571044921875,0.457763671875,0.09765625,33.0,410.0,410.0
Q00837__clean,Q00837,1,,waterloooptical.com,data/qr_images/Q00837.png,none,none,6,1,http://www.waterloooptical.com/images/goog/googledoc/PY/8bdc0f6c74d6fabd3efa129a29607ab0/,opencv,exact,89,23,59,0,2,1,0,16,0.1797752808988764,0,0,0,0,0,0,5,0,0,0,0,0,0,4.619839858752072,0,0,0,0,0,0,0,1.0,0.6372207641601563,0.46824664249430836,0.36309814453125,1.0,4818.138336181641,0.06866836547851562,0.49591064453125,0.08203125,41.0,490.0,490.0
Q00838__clean,Q00838,0,,danielbranch.com,data/qr_images/Q00838.png,none,none,3,1,http://www.danielbranch.com/,opencv,exact,28,20,1,0,2,1,0,0,0.0,0,0,0,0,0,0,0,0,0,0,0,0,0,4.039148671903071,0,0,0,0,0,0,0,1.0,0.6961244470932905,0.451490188936636,0.3056182861328125,1.0,3116.8561935424805,0.045074462890625,0.64849853515625,0.107421875,29.0,370.0,370.0
Q00839__clean,Q00839,1,,tqbadr.com,data/qr_images/Q00839.png,none,none,5,1,https://tqbadr.com/Wetransf%C4%97r/?email=yunfei.yan@huawei.com,opencv,exact,63,10,17,27,3,0,0,3,0.047619047619047616,5,1,1,1,0,2,1,1,1,0,0,0,0,4.78070725706731,0,0,0,0,0,0,0,1.0,0.6621991774615119,0.46192639944512676,0.3342132568359375,1.0,4014.992515563965,0.058979034423828125,0.80108642578125,0.08984375,37.0,450.0,450.0
Q00840__clean,Q00840,0,,discovery.com,data/qr_images/Q00840.png,none,none,6,1,https://cf.press.discovery.com/ugc/highlights/2016/09/08/171037/DFC_Highlights_-_October_2016_-_Final.pdf,opencv,exact,105,22,75,0,4,2,2,18,0.17142857142857143,8,0,0,0,0,0,7,0,1,0,0,0,0,4.897279570629423,0,0,0,0,0,0,0,1.0,0.6430488586425781,0.4666946377485378,0.3568458557128906,1.0,4837.660659790039,0.06815719604492188,0.5340576171875,0.08203125,41.0,490.0,490.0
Q00841__clean,Q00841,0,,unmannedtechshop.co.uk,data/qr_images/Q00841.png,none,none,3,1,https://www.unmannedtechshop.co.uk/,opencv,exact,35,26,1,0,3,1,0,0,0.0,0,0,0,0,0,0,0,0,1,0,0,0,0,3.971302302288371,0,0,0,0,0,0,0,1.0,0.6705618914435891,0.46194995474713124,0.3314208984375,1.0,3032.938804626465,0.043926239013671875,0.49591064453125,0.107421875,29.0,370.0,370.0
Q00842__clean,Q00842,1,,newconnectbiblestudy.com,data/qr_images/Q00842.png,none,none,3,1,http://newconnectbiblestudy.com/js/,opencv,exact,35,24,4,0,1,0,0,0,0.0,0,0,0,0,0,0,1,0,0,0,0,0,0,4.09314980247381,0,0,0,0,0,0,0,1.0,0.6902806300742953,0.4541191914588505,0.3115196228027344,1.0,3090.377960205078,0.044658660888671875,0.6103515625,0.107421875,29.0,370.0,370.0
Q00843__clean,Q00843,0,,tri.co.id,data/qr_images/Q00843.png,none,none,2,1,http://tri.co.id/about,opencv,exact,22,9,6,0,2,0,0,0,0.0,0,0,0,0,0,0,1,0,0,0,0,0,0,3.6069367321753205,0,0,0,0,0,0,0,1.0,0.6896089740827972,0.45533574131806787,0.3136482238769531,1.0,2605.056510925293,0.03890228271484375,0.41961669921875,0.12109375,25.0,330.0,330.0
Q00844__clean,Q00844,0,,bakerypublishing.com,data/qr_images/Q00844.png,none,none,3,1,http://www.bakerypublishing.com,opencv,exact,31,24,0,0,2,1,0,0,0.0,0,0,0,0,0,0,0,0,0,0,0,0,0,4.349199939349345,0,0,0,0,0,0,0,1.0,0.6851691750919118,0.45608371933066605,0.3167572021484375,1.0,3103.5938415527344,0.045166015625,0.457763671875,0.107421875,29.0,370.0,370.0
Q00845__clean,Q00845,0,,explainthatstuff.com,data/qr_images/Q00845.png,none,none,4,1,http://www.explainthatstuff.com/how-computer-memory-works.html,opencv,exact,62,24,31,0,3,1,3,0,0.0,3,0,0,0,0,0,1,0,0,0,0,0,0,4.292749037956319,0,0,0,0,0,0,0,1.0,0.6728102889715456,0.45952423138913623,0.32468414306640625,1.0,3579.1787338256836,0.051975250244140625,0.6866455078125,0.09765625,33.0,410.0,410.0
Q00846__clean,Q00846,0,,lparetail.com,data/qr_images/Q00846.png,none,none,2,1,https://www.lparetail.com/,opencv,exact,26,17,1,0,2,1,0,0,0.0,0,0,0,0,0,0,0,0,1,0,0,0,0,3.8441065448145375,0,0,0,0,0,0,0,1.0,0.6840996237362132,0.45784934891304396,0.32025146484375,1.0,2569.98868560791,0.03813934326171875,0.3814697265625,0.12109375,25.0,330.0,330.0
Q00847__clean,Q00847,1,,smvi.co,data/qr_images/Q00847.png,none,none,3,1,http://prickly-nerf-gun.smvi.co/key.html,opencv,exact,40,24,9,0,3,1,2,0,0.0,2,0,0,0,0,0,1,0,0,0,0,0,0,4.365311532225102,0,0,0,0,0,0,0,1.0,0.6917440227433747,0.45336250729115835,0.3103675842285156,1.0,3054.90779876709,0.044757843017578125,0.57220458984375,0.107421875,29.0,370.0,370.0
Q00848__clean,Q00848,1,,moonfruit.com,data/qr_images/Q00848.png,none,none,4,1,http://owaoutlook-webmailadmin.moonfruit.com/,opencv,exact,45,37,1,0,2,1,1,0,0.0,1,0,0,0,0,0,0,0,0,0,0,0,0,4.160383163865372,0,0,0,0,0,0,0,1.0,0.6644830741134344,0.462485093993822,0.3328819274902344,1.0,3656.239791870117,0.052600860595703125,0.3814697265625,0.09765625,33.0,410.0,410.0
Q00849__clean,Q00849,0,,gamereactor.se,data/qr_images/Q00849.png,none,none,3,1,https://www.gamereactor.se/,opencv,exact,27,18,1,0,2,1,0,0,0.0,0,0,0,0,0,0,0,0,1,0,0,0,0,3.754163427768881,0,0,0,0,0,0,0,1.0,0.6880936865713082,0.4550246636260045,0.3138427734375,1.0,3016.8945236206055,0.044170379638671875,0.57220458984375,0.107421875,29.0,370.0,370.0
Q00850__clean,Q00850,1,,disq.us,data/qr_images/Q00850.png,none,none,6,1,http://disq.us/?url=http%3A%2F%2Fv32vi.org%2Fobj%2Fx86%2FDebug%2FDebug.html&key=p5-unr13EF1NVPWeoA4G6Q,opencv,exact,102,7,1,86,3,0,1,17,0.16666666666666666,12,0,1,2,1,7,0,2,0,0,0,0,0,5.19234963774057,0,0,0,0,0,0,0,1.0,0.648046740363626,0.4649206499219961,0.3522491455078125,1.0,4884.690406799316,0.06909561157226562,0.5340576171875,0.08203125,41.0,490.0,490.0
Q00851__clean,Q00851,0,,umich.edu,data/qr_images/Q00851.png,none,none,4,1,http://zhanglab.ccmb.med.umich.edu/ThreaDom/,opencv,exact,44,27,10,0,4,3,0,0,0.0,0,0,0,0,0,0,1,0,0,0,0,0,0,4.226143834398879,0,0,0,0,0,0,0,1.0,0.6627005483589921,0.4627666261843045,0.334320068359375,1.0,3699.3062744140625,0.053936004638671875,0.64849853515625,0.09765625,33.0,410.0,410.0
Q00852__clean,Q00852,0,,used-auto-transmissions.com,data/qr_images/Q00852.png,none,none,5,1,http://www.used-auto-transmissions.com/usedtransmissionsales/index.html,opencv,exact,71,31,33,0,3,1,2,0,0.0,2,0,0,0,0,0,2,0,0,0,0,0,0,4.124361855182643,0,0,0,0,0,0,0,1.0,0.6473886377671185,0.46677229403149306,0.350250244140625,1.0,4134.440238952637,0.05975341796875,0.49591064453125,0.08984375,37.0,450.0,450.0
Q00853__clean,Q00853,0,,gigsalad.com,data/qr_images/Q00853.png,none,none,3,1,https://www.gigsalad.com/Magic973,opencv,exact,33,16,9,0,2,1,0,3,0.09090909090909091,0,0,0,0,0,0,1,0,1,0,0,0,0,4.165013816065913,0,0,0,0,0,0,0,1.0,0.6749459509756051,0.4600265871859389,0.326690673828125,1.0,3046.74267578125,0.045047760009765625,0.3814697265625,0.107421875,29.0,370.0,370.0
Q00854__clean,Q00854,0,,mynamenecklace.sg,data/qr_images/Q00854.png,none,none,3,1,https://www.mynamenecklace.sg/,opencv,exact,30,21,1,0,2,1,0,0,0.0,0,0,0,0,0,0,0,0,1,0,0,0,0,3.9647351787255047,0,0,0,0,0,0,0,1.0,0.6837092829685585,0.4565267926353287,0.318389892578125,1.0,3047.346122741699,0.0452423095703125,0.5340576171875,0.107421875,29.0,370.0,370.0
Q00855__clean,Q00855,1,,myutilitydomain.com,data/qr_images/Q00855.png,none,none,5,1,http://mh7dkvpu.myutilitydomain.com/auth/c550593453918f32b5435a7a50edd670/,opencv,exact,74,28,39,0,2,1,0,25,0.33783783783783783,0,0,0,0,0,0,2,0,0,0,0,0,0,4.6872208938168685,0,0,0,0,0,0,0,1.0,0.6572640063715917,0.46354146464317775,0.33943939208984375,1.0,4058.5386123657227,0.059444427490234375,0.6866455078125,0.08984375,37.0,450.0,450.0
Q00856__clean,Q00856,1,,roseannstreasures1.com,data/qr_images/Q00856.png,none,none,3,1,http://roseannstreasures1.com/js/boxdrop,opencv,exact,40,22,11,0,1,0,0,1,0.025,0,0,0,0,0,0,2,0,0,0,0,0,0,4.0439427079182675,0,0,0,0,0,0,0,1.0,0.6778673508588006,0.45902927992185744,0.32379913330078125,1.0,3140.320510864258,0.04524993896484375,0.49591064453125,0.107421875,29.0,370.0,370.0
Q00857__clean,Q00857,0,,artistrybysonny.com,data/qr_images/Q00857.png,none,none,3,1,https://www.artistrybysonny.com/,opencv,exact,32,23,1,0,2,1,0,0,0.0,0,0,0,0,0,0,0,0,1,0,0,0,0,3.9056390622295662,0,0,0,0,0,0,0,1.0,0.66471882240445,0.4639682868158148,0.3367919921875,1.0,2909.7984771728516,0.04369354248046875,0.457763671875,0.107421875,29.0,370.0,370.0
Q00858__clean,Q00858,0,,mathportal.org,data/qr_images/Q00858.png,none,none,3,1,http://www.mathportal.org/calculators.php,opencv,exact,41,18,16,0,3,1,0,0,0.0,0,0,0,0,0,0,1,0,0,0,0,0,0,3.823555590238057,0,0,0,0,0,0,0,1.0,0.6917426015816482,0.45327582549077866,0.31006622314453125,1.0,3124.8513565063477,0.045391082763671875,0.57220458984375,0.107421875,29.0,370.0,370.0
Q00859__clean,Q00859,1,,a2ip.ru,data/qr_images/Q00859.png,none,none,4,1,http://snprobbx.pbz.r.uk.a2ip.ru/?_fb_noscript=1,opencv,exact,48,25,1,14,5,4,0,2,0.041666666666666664,4,0,1,1,0,0,0,1,0,0,0,0,0,4.319773835029479,0,0,0,0,0,0,0,1.0,0.6740015366498162,0.4591580394955727,0.32332611083984375,1.0,3507.3373947143555,0.05132293701171875,0.72479248046875,0.09765625,33.0,410.0,410.0
Q00860__clean,Q00860,0,,slope-mower.com,data/qr_images/Q00860.png,none,none,3,1,http://www.slope-mower.com/,opencv,exact,27,19,1,0,2,1,1,0,0.0,1,0,0,0,0,0,0,0,0,0,0,0,0,3.736006946447657,0,0,0,0,0,0,0,1.0,0.6844373665603937,0.4562801060846297,0.31787109375,1.0,3105.5962829589844,0.0452880859375,0.5340576171875,0.107421875,29.0,370.0,370.0
Q00861__clean,Q00861,0,,ethereum.org,data/qr_images/Q00861.png,none,none,5,1,http://forum.ethereum.org/discussion/2165/cloud-gpu-mining-with-amazon-aws-ec2,opencv,exact,78,18,53,0,2,1,6,5,0.0641025641025641,6,0,0,0,0,0,3,0,0,0,0,0,0,4.545366649466203,0,0,0,0,0,0,0,1.0,0.6315854988846125,0.471326199385501,0.36483001708984375,1.0,4030.884536743164,0.059497833251953125,0.41961669921875,0.08984375,37.0,450.0,450.0
Q00862__clean,Q00862,0,,sexfreedomtube.com,data/qr_images/Q00862.png,none,none,3,1,http://www.sexfreedomtube.com/,opencv,exact,30,22,1,0,2,1,0,0,0.0,0,0,0,0,0,0,0,0,0,0,0,0,0,3.964735178725505,0,0,0,0,0,0,0,1.0,0.6793271083457797,0.45837218314207145,0.3226661682128906,1.0,3086.989547729492,0.04523468017578125,0.57220458984375,0.107421875,29.0,370.0,370.0
Q00863__clean,Q00863,1,,zaimlimit.ru,data/qr_images/Q00863.png,none,none,11,1,http://zaimlimit.ru/wp-content/themes/bin/WellsFargo/login.php?cmd_login_submit&amp;id_75e5165375744f8af326f7ce516f8fa975e5165375744f8af326f7ce516f8fa9&amp;session_75e5165375744f8af326f7ce516f8fa975e5165375744f8af326f7ce516f8fa9,opencv,exact,228,12,43,165,2,0,1,88,0.38596491228070173,10,0,1,0,2,0,5,3,0,0,0,0,0,4.818530915500991,1,1,0,0,0,0,0,1.0,0.5950468624339385,0.4716738736620196,0.40545654296875,1.0,7874.0256271362305,0.10627365112304688,0.95367431640625,0.05859375,61.0,690.0,690.0
Q00864__clean,Q00864,1,,detes.sk,data/qr_images/Q00864.png,none,none,3,1,http://detes.sk/1122/?sec=Yvonne%20Goebel,opencv,exact,41,8,6,19,1,0,0,6,0.14634146341463414,3,0,1,1,0,1,1,1,0,0,0,0,0,4.289882797037173,0,0,0,0,0,0,0,1.0,0.6924727944766774,0.4531027325874786,0.3094329833984375,1.0,3079.982597351074,0.04486846923828125,0.57220458984375,0.107421875,29.0,370.0,370.0
Q00865__clean,Q00865,0,,leyendas.gob.pe,data/qr_images/Q00865.png,none,none,2,1,https://leyendas.gob.pe/,opencv,exact,24,15,1,0,2,0,0,0,0.0,0,0,0,0,0,0,0,0,1,0,0,0,0,3.8553885422075345,0,0,0,0,0,0,0,1.0,0.7006315343520221,0.4509826558297544,0.303466796875,1.0,2465.079360961914,0.036937713623046875,0.41961669921875,0.12109375,25.0,330.0,330.0
Q00866__clean,Q00866,0,,immobiliereroseland.fr,data/qr_images/Q00866.png,none,none,3,1,http://www.immobiliereroseland.fr/,opencv,exact,34,26,1,0,2,1,0,0,0.0,0,0,0,0,0,0,0,0,0,0,0,0,0,4.094097032108653,0,0,0,0,0,0,0,1.0,0.6822480744006587,0.45725441429211705,0.3194160461425781,1.0,3029.7622146606445,0.04468536376953125,0.457763671875,0.107421875,29.0,370.0,370.0
Q00867__clean,Q00867,1,,citrulline.fr,data/qr_images/Q00867.png,none,none,8,1,http://citrulline.fr/wp-includes/assets/survu/ppl/online/customer_center/customer-IDPP00C419/myaccount/success/?cmd=_session=EG&amp;amp,opencv,exact,135,13,91,23,1,0,2,5,0.037037037037037035,9,0,1,2,1,0,9,2,0,0,0,0,0,4.657752196066171,1,0,0,1,0,0,0,1.0,0.6143392226275276,0.47080315359338487,0.38533782958984375,1.0,4990.004676818848,0.07992172241210938,0.9918212890625,0.0703125,49.0,570.0,570.0
Q00868__clean,Q00868,0,,dermatoglyphics.org,data/qr_images/Q00868.png,none,none,4,1,http://dermatoglyphics.org/11-basic-patterns-of-fingerprint/,opencv,exact,60,19,34,0,1,0,4,2,0.03333333333333333,4,0,0,0,0,0,1,0,0,0,0,0,0,4.312744920746109,0,0,0,0,0,0,0,1.0,0.6680492775112975,0.461187060511373,0.3287849426269531,1.0,3581.7577514648438,0.052227020263671875,0.41961669921875,0.09765625,33.0,410.0,410.0
Q00869__clean,Q00869,1,,inbioma.pe,data/qr_images/Q00869.png,none,none,9,1,http://www.inbioma.pe/rechnung-376440790464490488&amp;cgi3-viewkontakt-376440790464490488-007acctpagetype-376440790464490488=4674720-&amp;info@s-und-s-shop.de.html,opencv,exact,163,14,142,0,4,1,9,65,0.3987730061349693,15,1,0,1,2,0,1,0,0,0,0,0,0,4.803363778168904,0,0,0,0,0,0,0,1.0,0.6167605830173867,0.4698003837535815,0.3819541931152344,1.0,6526.212043762207,0.08985519409179688,0.9918212890625,0.06640625,53.0,610.0,610.0
Q00870__clean,Q00870,0,,academic.ru,data/qr_images/Q00870.png,none,none,5,1,http://translate.academic.ru/compact%2Bdisc%2Bread%2Bonly%2Bmemory/zh/en/24/,opencv,exact,76,21,48,0,2,1,0,6,0.07894736842105263,4,0,0,0,0,4,4,0,0,0,0,0,0,4.38128956787822,0,0,0,0,0,0,0,1.0,0.6582519680845971,0.4630804674347037,0.33861541748046875,1.0,4058.12361907959,0.059650421142578125,0.57220458984375,0.08984375,37.0,450.0,450.0
Q00871__clean,Q00871,1,,123formbuilder.com,data/qr_images/Q00871.png,none,none,4,1,http://www.123formbuilder.com/form-5134768/serra-es,opencv,exact,51,22,22,0,2,1,2,10,0.19607843137254902,2,0,0,0,0,0,2,0,0,0,0,0,0,4.6404804305383465,0,0,0,0,0,0,0,1.0,0.6555567124310662,0.4652088586019886,0.3414268493652344,1.0,3692.406295776367,0.05394744873046875,0.6866455078125,0.09765625,33.0,410.0,410.0
Q00872__clean,Q00872,1,,check-security-team.com,data/qr_images/Q00872.png,none,none,5,1,https://check-security-team.com/Amazon/8bef379b45ef300/login.php,opencv,exact,64,23,33,0,2,0,2,9,0.140625,2,0,0,0,0,0,3,0,1,0,0,0,0,4.777518266288633,1,1,0,0,0,0,0,1.0,0.6523268606148515,0.46505382071369616,0.3441047668457031,1.0,4123.253768920898,0.059940338134765625,0.57220458984375,0.08984375,37.0,450.0,450.0
Q00873__clean,Q00873,1,,czweb.org,data/qr_images/Q00873.png,none,none,3,1,http://lamvb.czweb.org/ar.htm,opencv,exact,29,15,7,0,3,1,0,0,0.0,0,0,0,0,0,0,1,0,0,0,0,0,0,4.021268494903765,0,0,0,0,0,0,0,1.0,0.6917407914703968,0.453336799860639,0.3101921081542969,1.0,3119.1418075561523,0.045207977294921875,0.6103515625,0.107421875,29.0,370.0,370.0
Q00874__clean,Q00874,0,,cornell.edu,data/qr_images/Q00874.png,none,none,5,1,http://www.cs.cornell.edu/courses/cs4410/2016sp/slides/lec18-files.html,opencv,exact,71,18,46,0,4,2,1,10,0.14084507042253522,1,0,0,0,0,0,5,0,0,0,0,0,0,4.367418423110535,0,0,0,0,0,0,0,1.0,0.6473882936963848,0.4668921508505348,0.34975433349609375,1.0,4145.023643493652,0.059368133544921875,0.457763671875,0.08984375,37.0,450.0,450.0
Q00875__clean,Q00875,0,,serverfault.com,data/qr_images/Q00875.png,none,none,7,1,https://serverfault.com/questions/385893/how-to-redirect-domain-a-to-domain-b-using-a-records-and-cname-records-only,opencv,exact,116,15,93,0,1,0,14,6,0.05172413793103448,14,0,0,0,0,0,3,0,1,0,0,0,0,4.407793308876763,0,0,0,0,0,0,0,1.0,0.6205152025409774,0.4716124355809948,0.3778724670410156,1.0,5086.717491149902,0.07386398315429688,0.91552734375,0.076171875,45.0,530.0,530.0
Q00876__clean,Q00876,0,,bu.edu,data/qr_images/Q00876.png,none,none,4,1,http://www.bu.edu/common/technology/software/,opencv,exact,45,10,28,0,2,1,0,0,0.0,0,0,0,0,0,0,3,0,0,0,0,0,0,4.1613130300868475,0,0,0,0,0,0,0,1.0,0.6496094348383885,0.4674138612737441,0.3476600646972656,1.0,3599.644027709961,0.05251312255859375,0.41961669921875,0.09765625,33.0,410.0,410.0
Q00877__clean,Q00877,0,,pearsoned.co.uk,data/qr_images/Q00877.png,none,none,3,1,http://www.pearsoned.co.uk/,opencv,exact,27,19,1,0,3,1,0,0,0.0,0,0,0,0,0,0,0,0,0,0,0,0,0,3.930270372293455,0,0,0,0,0,0,0,1.0,0.6932023889878217,0.4526907836382547,0.308868408203125,1.0,3062.0326080322266,0.044933319091796875,0.57220458984375,0.107421875,29.0,370.0,370.0
Q00878__clean,Q00878,0,,answers.com,data/qr_images/Q00878.png,none,none,4,1,http://www.answers.com/Q/PnP_is_the_acronym_for_what_term,opencv,exact,57,15,35,0,2,1,0,0,0.0,6,0,0,0,0,0,2,0,0,0,0,0,0,4.1835344270007955,0,0,0,0,0,0,0,1.0,0.6728112613453584,0.45948221990609134,0.3239593505859375,1.0,3521.9487533569336,0.0518341064453125,0.41961669921875,0.09765625,33.0,410.0,410.0
Q00879__clean,Q00879,1,,sospesonelverde.it,data/qr_images/Q00879.png,none,none,3,1,http://www.sospesonelverde.it/ae.html,opencv,exact,37,22,8,0,3,1,0,0,0.0,0,0,0,0,0,0,1,0,0,0,0,0,0,3.9492049741940667,0,0,0,0,0,0,0,1.0,0.6859012828153722,0.4557426129105029,0.31586456298828125,1.0,3145.5628662109375,0.0455322265625,0.49591064453125,0.107421875,29.0,370.0,370.0
Q00880__clean,Q00880,1,,xn--b1amvejg.com,data/qr_images/Q00880.png,none,none,8,1,http://xn--b1amvejg.com/wp-content/plugins/.akismet/mail.htm?cmd=LOB=RBGLogon&amp;_pageLabel=page_logonform&amp;secured_page,opencv,exact,124,16,37,63,3,0,3,1,0.008064516129032258,14,0,1,3,2,0,4,3,0,0,1,0,0,4.851740814613696,1,0,0,0,1,0,0,1.0,0.6171064638624004,0.4698264366396093,0.3826103210449219,1.0,5046.855079650879,0.08139801025390625,0.8392333984375,0.0703125,49.0,570.0,570.0
Q00881__clean,Q00881,1,,subsapp.com,data/qr_images/Q00881.png,none,none,4,1,http://subsapp.com/.well-known/pki-validation,opencv,exact,45,11,27,0,2,0,2,0,0.0,2,0,0,0,0,0,2,0,0,0,0,0,0,4.280090318263434,0,0,0,0,0,0,0,1.0,0.6460398505715763,0.46866879736566075,0.3512077331542969,1.0,3583.6328048706055,0.052234649658203125,0.49591064453125,0.09765625,33.0,410.0,410.0
Q00882__clean,Q00882,1,,ivanidzakovic.com,data/qr_images/Q00882.png,none,none,12,1,http://cafecitoperez.ivanidzakovic.com/admin/aociufd/goodl.vci/e6edcebab88867a2f99a346ebaaf8179/view/login.php?cmd=login_submit&amp;id=f7d4a85c3588b5be032bea66d54f3a59f7d4a85c3588b5be032bea66d54f3a59&amp;session=f7d4a85c3588b5be032bea66d54f3a59f7d4a85c3588b5be032bea66d54f3a59,opencv,exact,276,31,72,165,4,1,0,92,0.3333333333333333,9,0,1,3,2,0,6,3,0,0,0,0,0,4.82013470100594,1,1,0,0,0,0,0,1.0,0.5984343136058135,0.4673389555378327,0.40155792236328125,1.0,7827.059860229492,0.11600875854492188,1.10626220703125,0.0546875,65.0,730.0,730.0
Q00883__clean,Q00883,1,,tabloupersonalizat.ro,data/qr_images/Q00883.png,none,none,5,1,http://tabloupersonalizat.ro/admin/secure/TmpFNU1qUXdOVFUyT0RRPQ==/,opencv_aruco,exact,67,21,39,0,1,0,0,2,0.029850746268656716,2,0,0,2,0,0,3,0,0,0,0,0,0,4.912593481276514,1,0,0,0,1,0,0,1.0,0.6518296634449678,0.4651257007943175,0.34461212158203125,1.0,4109.0964431762695,0.060115814208984375,0.3814697265625,0.08984375,37.0,450.0,450.0
Q00884__clean,Q00884,0,,aubert.com,data/qr_images/Q00884.png,none,none,2,1,https://www.aubert.com/,opencv,exact,23,14,1,0,2,1,0,0,0.0,0,0,0,0,0,0,0,0,1,0,0,0,0,3.8164027166443875,0,0,0,0,0,0,0,1.0,0.6951183393889783,0.4532399342622746,0.3088874816894531,1.0,2548.8803100585938,0.03795623779296875,0.5340576171875,0.12109375,25.0,330.0,330.0
Q00885__clean,Q00885,1,,mfmazetomatrix.com,data/qr_images/Q00885.png,none,none,4,1,http://www.mfmazetomatrix.com/wp-includes/news/new/login.php,opencv,exact,60,22,31,0,3,1,1,0,0.0,1,0,0,0,0,0,4,0,0,0,0,0,0,4.318820387022781,1,1,0,0,0,0,0,1.0,0.656748872644761,0.46503723032622507,0.34041595458984375,1.0,3639.2320404052734,0.05298614501953125,0.49591064453125,0.09765625,33.0,410.0,410.0
Q00886__clean,Q00886,0,,enotes.com,data/qr_images/Q00886.png,none,none,3,1,https://www.enotes.com/topics/the-help,opencv,exact,38,14,16,0,2,1,1,0,0.0,1,0,0,0,0,0,2,0,1,0,0,0,0,3.7904517769895287,0,0,0,0,0,0,0,1.0,0.6734832015692019,0.4606203482544937,0.3284339904785156,1.0,3152.3840942382812,0.045520782470703125,0.49591064453125,0.107421875,29.0,370.0,370.0
Q00887__clean,Q00887,1,,jjrenovationmart.com,data/qr_images/Q00887.png,none,none,3,1,http://jjrenovationmart.com/uptnkchaze/,opencv,exact,39,20,12,0,1,0,0,0,0.0,0,0,0,0,0,0,1,0,0,0,0,0,0,4.057855988582063,0,0,0,0,0,0,0,1.0,0.6712913961971507,0.46166841930034364,0.3304443359375,1.0,3094.561279296875,0.044528961181640625,0.41961669921875,0.107421875,29.0,370.0,370.0
Q00888__clean,Q00888,0,,railserve.com,data/qr_images/Q00888.png,none,none,5,1,http://www.railserve.com/Computers/swf/switchman_train_game.html,opencv,exact,64,17,40,0,3,1,0,0,0.0,2,0,0,0,0,0,3,0,0,0,0,0,0,4.303072516654254,0,0,0,0,0,0,0,1.0,0.6592403337067249,0.4628388083147671,0.3369865417480469,1.0,4140.822692871094,0.05991363525390625,0.5340576171875,0.08984375,37.0,450.0,450.0
Q00889__clean,Q00889,0,,portadelaidefc.com.au,data/qr_images/Q00889.png,none,none,3,1,http://www.portadelaidefc.com.au/,opencv,exact,33,25,1,0,3,1,0,0,0.0,0,0,0,0,0,0,0,0,0,0,0,0,0,4.020926316000352,0,0,0,0,0,0,0,1.0,0.6946632534849877,0.4518614162024415,0.30698394775390625,1.0,3166.6940002441406,0.04602813720703125,0.6103515625,0.107421875,29.0,370.0,370.0
Q00890__clean,Q00890,1,,home.pl,data/qr_images/Q00890.png,none,none,3,1,http://sodeco.home.pl/pub/cache/css/css/y/,opencv,exact,42,14,21,0,2,1,0,0,0.0,0,0,0,0,0,0,5,0,0,0,0,0,0,3.719964304742391,0,0,0,0,0,0,0,1.0,0.6917436487534467,0.453470217415883,0.3103523254394531,1.0,3104.505683898926,0.044841766357421875,0.6103515625,0.107421875,29.0,370.0,370.0
Q00891__clean,Q00891,1,,bullwinsconfecciones.com,data/qr_images/Q00891.png,none,none,4,1,http://bullwinsconfecciones.com/images/44.html,opencv,exact,46,24,15,0,2,0,0,2,0.043478260869565216,0,0,0,0,0,0,2,0,0,0,0,0,0,4.218364129593801,0,0,0,0,0,0,0,1.0,0.6751873091155407,0.4590116504020731,0.3216361999511719,1.0,3425.9474868774414,0.050022125244140625,0.6103515625,0.09765625,33.0,410.0,410.0
Q00892__clean,Q00892,0,,softpedia.com,data/qr_images/Q00892.png,none,none,5,1,http://www.softpedia.com/get/System/File-Management/Text-File-Splitter.shtml,opencv,exact,76,17,52,0,3,1,3,0,0.0,3,0,0,0,0,0,4,0,0,0,0,0,0,4.382299803191452,0,0,0,0,0,0,0,1.0,0.6434378081677007,0.4676327018560885,0.352813720703125,1.0,4109.524803161621,0.060543060302734375,0.49591064453125,0.08984375,37.0,450.0,450.0
Q00893__clean,Q00893,0,,all-size-paper.com,data/qr_images/Q00893.png,none,none,4,1,http://www.all-size-paper.com/Tabloid/tabloid-paper-size.php,opencv,exact,60,22,31,0,3,1,4,0,0.0,4,0,0,0,0,0,2,0,0,0,0,0,0,4.202212679983619,0,0,0,0,0,0,0,1.0,0.6739996517405791,0.45906481603405386,0.3231163024902344,1.0,3561.0254516601562,0.0519561767578125,0.5340576171875,0.09765625,33.0,410.0,410.0
Q00894__clean,Q00894,0,,mousebreaker.com,data/qr_images/Q00894.png,none,none,3,1,http://www.mousebreaker.com/games/clicker,opencv,exact,41,20,14,0,2,1,0,0,0.0,0,0,0,0,0,0,2,0,0,0,0,0,0,4.122693700152457,0,0,0,0,0,0,0,1.0,0.6888236101935892,0.4546465801123944,0.31295013427734375,1.0,3132.7275619506836,0.045146942138671875,0.5340576171875,0.107421875,29.0,370.0,370.0
Q00895__clean,Q00895,1,,riepilogodati.info,data/qr_images/Q00895.png,none,none,5,1,http://www.youweb-bancobpm-it-verifica-dati.riepilogodati.info/,opencv,exact,63,55,1,0,3,2,4,0,0.0,4,0,0,0,0,0,0,0,0,0,0,0,0,4.310712963822282,0,0,0,0,0,0,0,1.0,0.6567738102931603,0.46373414018946,0.3410797119140625,1.0,4108.599212646484,0.059478759765625,0.64849853515625,0.08984375,37.0,450.0,450.0
Q00896__clean,Q00896,0,,harvard.edu,data/qr_images/Q00896.png,none,none,5,1,http://sites.fas.harvard.edu/~biotext/animations/replication1.swf,opencv,exact,65,21,37,0,4,2,0,1,0.015384615384615385,1,0,0,0,0,0,3,0,0,0,0,0,0,4.296906614283515,0,0,0,0,0,0,0,1.0,0.6612143722234988,0.46182450719856416,0.3355560302734375,1.0,4218.241683959961,0.061206817626953125,0.64849853515625,0.08984375,37.0,450.0,450.0
Q00897__clean,Q00897,1,,udagwebspace.de,data/qr_images/Q00897.png,none,none,8,1,https://7426fbe0d8676fde2cac756c0731ce57.udagwebspace.de/0f10dc20a3429fbaf42f88226353f478Mjk5MjYxNjI5ZTZjMDk5Y2NhZDY3NGRhNWI5ZTBjNGQ=/signin/,opencv,exact,141,48,85,0,2,1,0,47,0.3333333333333333,1,0,0,1,0,0,2,0,1,0,0,0,0,5.192857343688869,1,0,0,0,0,0,0,1.0,0.6158742867264093,0.4704040145225007,0.3837471008300781,1.0,5090.8825607299805,0.08055496215820312,0.9918212890625,0.0703125,49.0,570.0,570.0
Q00898__clean,Q00898,0,,apple.com,data/qr_images/Q00898.png,none,none,3,1,https://support.apple.com/kb/HT204790,opencv,exact,37,17,12,0,2,1,0,6,0.16216216216216217,0,0,0,0,0,0,2,0,1,0,0,0,0,4.334736393288403,0,0,0,0,0,0,0,1.0,0.6764058281393612,0.4595358583232246,0.324981689453125,1.0,3116.408027648926,0.045230865478515625,0.57220458984375,0.107421875,29.0,370.0,370.0
Q00899__clean,Q00899,0,,gotquestions.org,data/qr_images/Q00899.png,none,none,4,1,https://www.gotquestions.org/Noble-Eightfold-Path.html,opencv,exact,54,20,26,0,3,1,2,0,0.0,2,0,0,0,0,0,1,0,1,0,0,0,0,4.388397688426046,0,0,0,0,0,0,0,1.0,0.6579403297573913,0.46473438503300596,0.3392333984375,1.0,3642.133102416992,0.052677154541015625,0.41961669921875,0.09765625,33.0,410.0,410.0
Q00900__clean,Q00900,0,,newsrimini.it,data/qr_images/Q00900.png,none,none,2,1,https://www.newsrimini.it/,opencv,exact,26,17,1,0,2,1,0,0,0.0,0,0,0,0,0,0,0,0,1,0,0,0,0,3.4885252948977485,0,0,0,0,0,0,0,1.0,0.7043038312126608,0.44925530630409993,0.2996177673339844,1.0,2453.556198120117,0.037044525146484375,0.57220458984375,0.12109375,25.0,330.0,330.0
Q00901__clean,Q00901,1,,ustore.bg,data/qr_images/Q00901.png,none,none,3,1,https://www.ustore.bg/kunde.php,opencv,exact,31,13,10,0,3,1,0,0,0.0,0,0,0,0,0,0,1,0,1,0,0,0,0,3.9292144551992183,0,0,0,0,0,0,0,1.0,0.6910137999291514,0.45353844099113333,0.310821533203125,1.0,3129.9564361572266,0.0456390380859375,0.64849853515625,0.107421875,29.0,370.0,370.0
Q00902__clean,Q00902,1,,ru.com,data/qr_images/Q00902.png,none,none,3,1,http://lliooils.ru.com/.wp-en/,opencv,exact,30,15,8,0,3,1,1,0,0.0,1,0,0,0,0,0,1,0,0,0,0,0,0,3.964735178725505,0,0,0,0,0,0,0,1.0,0.6822480295218674,0.45715635357472556,0.3194160461425781,1.0,3124.929901123047,0.04553985595703125,0.6103515625,0.107421875,29.0,370.0,370.0
Q00903__clean,Q00903,0,,iran-hologram.com,data/qr_images/Q00903.png,none,none,3,1,http://www.iran-hologram.com/,opencv,exact,29,21,1,0,2,1,1,0,0.0,1,0,0,0,0,0,0,0,0,0,0,0,0,3.952302977662386,0,0,0,0,0,0,0,1.0,0.6771321016199449,0.45918150683710135,0.3249664306640625,1.0,3151.641044616699,0.045627593994140625,0.41961669921875,0.107421875,29.0,370.0,370.0
Q00904__clean,Q00904,0,,noaa.gov,data/qr_images/Q00904.png,none,none,4,1,http://www.swpc.noaa.gov/phenomena/ionosphere,opencv,exact,45,17,21,0,3,2,0,0,0.0,0,0,0,0,0,0,2,0,0,0,0,0,0,3.939090807864626,0,0,0,0,0,0,0,1.0,0.6638844658346738,0.4625607203211348,0.3335113525390625,1.0,3679.881278991699,0.053104400634765625,0.5340576171875,0.09765625,33.0,410.0,410.0
Q00905__clean,Q00905,1,,hotwheelsgarage.gr,data/qr_images/Q00905.png,none,none,3,1,http://www.hotwheelsgarage.gr/cs/,opencv,exact,33,22,4,0,2,1,0,0,0.0,0,0,0,0,0,0,1,0,0,0,0,0,0,3.740771391823488,0,0,0,0,0,0,0,1.0,0.6990448746026731,0.45022865828146447,0.3028907775878906,1.0,3197.282730102539,0.0455474853515625,0.6866455078125,0.107421875,29.0,370.0,370.0
Q00906__clean,Q00906,1,,engetronics.com.br,data/qr_images/Q00906.png,none,none,5,1,https://www2.engetronics.com.br/engetronics.com/.well-known/pki-validation/,opencv,exact,75,23,44,0,5,1,2,1,0.013333333333333334,2,0,0,0,0,0,3,0,1,0,0,0,0,4.322366699272793,0,0,0,0,0,0,0,1.0,0.6513398862352558,0.46507540917248513,0.3457183837890625,1.0,4115.462730407715,0.060726165771484375,0.80108642578125,0.08984375,37.0,450.0,450.0
Q00907__clean,Q00907,0,,wikia.com,data/qr_images/Q00907.png,none,none,4,1,http://military.wikia.com/wiki/United_States_Army_Pacific,opencv,exact,57,18,32,0,2,1,0,0,0.0,3,0,0,0,0,0,2,0,0,0,0,0,0,4.318788917256001,0,0,0,0,0,0,0,1.0,0.6864921121036305,0.45392104732642113,0.3112068176269531,1.0,3519.0949630737305,0.052249908447265625,0.72479248046875,0.09765625,33.0,410.0,410.0
Q00908__clean,Q00908,1,,redhillaccountants.com.au,data/qr_images/Q00908.png,none,none,4,1,http://redhillaccountants.com.au/.tmb/100458/01459/Amazon,opencv,exact,57,25,25,0,3,0,0,11,0.19298245614035087,0,0,0,0,0,0,4,0,0,0,0,0,0,4.50571912834466,1,0,0,1,0,0,0,1.0,0.6728108873554305,0.45985288724609397,0.32439422607421875,1.0,3403.7894439697266,0.049907684326171875,0.5340576171875,0.09765625,33.0,410.0,410.0
Q00909__clean,Q00909,1,,assurance-amlfrance.com,data/qr_images/Q00909.png,none,none,4,1,http://assurance-amlfrance.com/id/amelipro/ifram3.html,opencv,exact,54,23,24,0,2,0,1,1,0.018518518518518517,1,0,0,0,0,0,3,0,0,0,0,0,0,4.1900079935705445,0,0,0,0,0,0,0,1.0,0.6615087322160309,0.46327095988206607,0.335693359375,1.0,3649.734230041504,0.05342864990234375,0.457763671875,0.09765625,33.0,410.0,410.0
Q00910__clean,Q00910,1,,sloaneandhyde.com,data/qr_images/Q00910.png,none,none,4,1,http://www.sloaneandhyde.com/imm/new2015/pvalidate.html,opencv,exact,55,21,27,0,3,1,0,4,0.07272727272727272,0,0,0,0,0,0,3,0,0,0,0,0,0,4.301649204701856,0,0,0,0,0,0,0,1.0,0.666266736797258,0.461903336946046,0.33036041259765625,1.0,3614.833656311035,0.052402496337890625,0.457763671875,0.09765625,33.0,410.0,410.0
Q00911__clean,Q00911,1,,erkankaratas.com.tr,data/qr_images/Q00911.png,none,none,4,1,http://www.erkankaratas.com.tr/MAXIMUM_1.htm,opencv_aruco,exact,44,23,14,0,4,1,0,1,0.022727272727272728,1,0,0,0,0,0,1,0,0,0,0,0,0,4.263313653112509,0,0,0,0,0,0,0,1.0,0.6728097653856464,0.4596249114472482,0.32450103759765625,1.0,3549.544776916504,0.05159759521484375,0.72479248046875,0.09765625,33.0,410.0,410.0
Q00912__clean,Q00912,1,,mudanzassuarez.com,data/qr_images/Q00912.png,none,none,3,1,http://mudanzassuarez.com/blog/profile/,opencv,exact,39,18,14,0,1,0,0,0,0.0,0,0,0,0,0,0,2,0,0,0,0,0,0,4.282340283509332,0,0,0,0,0,0,0,1.0,0.697587361055262,0.45078984720234405,0.30411529541015625,1.0,3123.6882247924805,0.0453643798828125,0.6866455078125,0.107421875,29.0,370.0,370.0
Q00913__clean,Q00913,1,,stortrk.com,data/qr_images/Q00913.png,none,none,5,1,https://www.stortrk.com/i/DFBHL/2CTPL/?source_id=&amp;sub1=sufyan,opencv,exact,65,15,15,26,2,1,0,2,0.03076923076923077,6,0,1,2,1,0,3,2,1,0,0,0,0,4.943306805529724,0,0,0,0,0,0,0,1.0,0.6414588778626685,0.46851905550727996,0.3549156188964844,1.0,4108.318115234375,0.0596923828125,0.5340576171875,0.08984375,37.0,450.0,450.0
Q00914__clean,Q00914,0,,ping.eu,data/qr_images/Q00914.png,none,none,2,1,http://ping.eu/,opencv,exact,15,7,1,0,1,0,0,0,0.0,0,0,0,0,0,0,0,0,0,0,0,0,0,3.32323142879762,0,0,0,0,0,0,0,1.0,0.6969571132285922,0.45240974844787973,0.30645751953125,1.0,2539.0574111938477,0.037872314453125,0.457763671875,0.12109375,25.0,330.0,330.0
Q00915__clean,Q00915,0,,addictivetips.com,data/qr_images/Q00915.png,none,none,5,1,http://www.addictivetips.com/microsoft-office/hyperlinks-in-excel-2010/,opencv,exact,71,21,43,0,2,1,4,4,0.056338028169014086,4,0,0,0,0,0,2,0,0,0,0,0,0,4.500316184845466,0,0,0,0,0,0,0,1.0,0.6543023502125459,0.46417197650330494,0.3429412841796875,1.0,4263.902481079102,0.061504364013671875,0.6103515625,0.08984375,37.0,450.0,450.0
Q00916__clean,Q00916,0,,sharon-mann.com,data/qr_images/Q00916.png,none,none,3,1,http://www.sharon-mann.com/en/about,opencv,exact,35,19,9,0,2,1,1,0,0.0,1,0,0,0,0,0,2,0,0,0,0,0,0,3.957295873840569,0,0,0,0,0,0,0,1.0,0.6902821260340074,0.45389114513719914,0.31166839599609375,1.0,3206.318534851074,0.046009063720703125,0.41961669921875,0.107421875,29.0,370.0,370.0
Q00917__clean,Q00917,1,,mentalhealthconsulting.com.au,data/qr_images/Q00917.png,none,none,4,1,http://mentalhealthconsulting.com.au/sal/ya2/,opencv,exact,45,29,9,0,2,0,0,1,0.022222222222222223,0,0,0,0,0,0,2,0,0,0,0,0,0,4.017659842382177,0,0,0,0,0,0,0,1.0,0.6680521347943474,0.46124928605678733,0.3289375305175781,1.0,3589.3503036499023,0.0521697998046875,0.5340576171875,0.09765625,33.0,410.0,410.0
Q00918__clean,Q00918,1,,j.gs,data/qr_images/Q00918.png,none,none,2,1,http://j.gs/Cpjh,opencv,exact,16,4,5,0,1,0,0,0,0.0,0,0,0,0,0,0,1,0,0,0,0,0,0,3.202819531114783,0,0,0,0,0,0,0,1.0,0.7180789723115809,0.4426678047040848,0.2855873107910156,1.0,2542.14510345459,0.037769317626953125,0.457763671875,0.12109375,25.0,330.0,330.0
Q00919__clean,Q00919,1,,box.com,data/qr_images/Q00919.png,none,none,4,1,https://app.box.com/s/j8gsre3th0qmr8isotsdf9p6nar2m5dh,opencv,exact,54,11,35,0,2,1,0,8,0.14814814814814814,0,0,0,0,0,0,2,0,1,0,0,0,0,4.59508767840253,0,0,0,0,0,0,0,1.0,0.6615094203574985,0.46316562101198994,0.3355979919433594,1.0,3689.0070571899414,0.053955078125,0.457763671875,0.09765625,33.0,410.0,410.0
Q00920__clean,Q00920,1,,zioras.pl,data/qr_images/Q00920.png,none,none,2,1,http://zioras.pl/Gdocs/s/,opencv,exact,25,9,9,0,1,0,0,0,0.0,0,0,0,0,0,0,2,0,0,0,0,0,0,3.7492750707107123,0,0,0,0,0,0,0,1.0,0.6914469999425551,0.4545634138027461,0.3120574951171875,1.0,2554.638153076172,0.038654327392578125,0.41961669921875,0.12109375,25.0,330.0,330.0
Q00921__clean,Q00921,1,,arrowcase.com,data/qr_images/Q00921.png,none,none,5,1,http://www.arrowcase.com/wp-content/plugins/bankofamerica.com.update/,opencv,exact,69,17,45,0,4,1,1,0,0.0,1,0,0,0,0,0,3,0,0,0,0,0,0,4.2973956609705155,2,0,0,0,0,1,1,1.0,0.6513379564472274,0.46553859153196314,0.3450813293457031,1.0,4066.2795791625977,0.059246063232421875,0.5340576171875,0.08984375,37.0,450.0,450.0
Q00922__clean,Q00922,0,,templestudy.com,data/qr_images/Q00922.png,none,none,6,1,http://www.templestudy.com/2008/02/26/a-12th-century-baptismal-font-upon-twelve-oxen/,opencv,exact,85,19,59,0,2,1,7,10,0.11764705882352941,7,0,0,0,0,0,4,0,0,0,0,0,0,4.560961448644389,0,0,0,0,0,0,0,1.0,0.6467974943273208,0.4657595103644275,0.3529548645019531,1.0,4836.800918579102,0.06763458251953125,0.95367431640625,0.08203125,41.0,490.0,490.0
Q00923__clean,Q00923,0,,ncefl.org.uk,data/qr_images/Q00923.png,none,none,2,1,http://ncefl.org.uk,opencv,exact,19,12,0,0,2,0,0,0,0.0,0,0,0,0,0,0,0,0,0,0,0,0,0,3.9321380397593733,0,0,0,0,0,0,0,1.0,0.6932817646101409,0.45393946228114107,0.3102073669433594,1.0,2579.838424682617,0.0384063720703125,0.3814697265625,0.12109375,25.0,330.0,330.0
Q00924__clean,Q00924,0,,bestofsampleresume.com,data/qr_images/Q00924.png,none,none,5,1,http://www.bestofsampleresume.com/graphic-designer-resume-sample/,opencv,exact,65,26,32,0,2,1,3,0,0.0,3,0,0,0,0,0,1,0,0,0,0,0,0,4.258240266868478,0,0,0,0,0,0,0,1.0,0.6493637982536765,0.4661223246266664,0.34759521484375,1.0,4036.308906555176,0.059085845947265625,0.762939453125,0.08984375,37.0,450.0,450.0
Q00925__clean,Q00925,1,,homespottersf.com,data/qr_images/Q00925.png,none,none,4,1,http://www.homespottersf.com/sm/googledocs1/,opencv,exact,44,21,16,0,2,1,0,1,0.022727272727272728,0,0,0,0,0,0,2,0,0,0,0,0,0,3.9279753007906124,0,0,0,0,0,0,0,1.0,0.6710264168533624,0.4599816518968554,0.3269844055175781,1.0,3511.691146850586,0.0521392822265625,0.5340576171875,0.09765625,33.0,410.0,410.0
Q00926__clean,Q00926,0,,yahoo.com,data/qr_images/Q00926.png,none,none,5,1,https://answers.yahoo.com/question/index?qid=20060914152716AAZTOSo,opencv,exact,66,17,15,25,2,1,0,14,0.21212121212121213,2,0,1,1,0,0,2,1,1,0,0,0,0,4.951379490761219,0,0,0,0,0,0,0,1.0,0.6676329070446538,0.45993486284716245,0.32915496826171875,1.0,4149.7702713012695,0.05966949462890625,0.80108642578125,0.08984375,37.0,450.0,450.0
Q00927__clean,Q00927,0,,newcommunities.ie,data/qr_images/Q00927.png,none,none,3,1,https://www.newcommunities.ie/,opencv,exact,30,21,1,0,2,1,0,0,0.0,0,0,0,0,0,0,0,0,1,0,0,0,0,3.7395722619867224,0,0,0,0,0,0,0,1.0,0.6858994876637178,0.4558503960392359,0.31595611572265625,1.0,3101.084327697754,0.044925689697265625,0.57220458984375,0.107421875,29.0,370.0,370.0
Q00928__clean,Q00928,0,,govcert.cz,data/qr_images/Q00928.png,none,none,2,1,https://www.govcert.cz/,opencv,exact,23,14,1,0,2,1,0,0,0.0,0,0,0,0,0,0,0,0,1,0,0,0,0,3.729446194905257,0,0,0,0,0,0,0,1.0,0.7024671816358379,0.44979183000952744,0.30136871337890625,1.0,2596.4562759399414,0.038898468017578125,0.49591064453125,0.12109375,25.0,330.0,330.0
Q00929__clean,Q00929,1,,jigsy.com,data/qr_images/Q00929.png,none,none,2,1,http://sges.jigsy.com/,opencv,exact,22,14,1,0,2,1,0,0,0.0,0,0,0,0,0,0,0,0,0,0,0,0,0,3.7544418457133446,0,0,0,0,0,0,0,1.0,0.6951210171568627,0.4531528466923071,0.30889129638671875,1.0,2520.6245040893555,0.03786468505859375,0.41961669921875,0.12109375,25.0,330.0,330.0
Q00930__clean,Q00930,1,,tradefactsltd.co.uk,data/qr_images/Q00930.png,none,none,5,1,https://tradefactsltd.co.uk/ibank/login.php?contextid%C2%B5soft=$2y$12,opencv,exact,70,19,16,26,3,0,0,5,0.07142857142857142,6,0,1,1,0,2,2,1,1,0,0,0,0,4.7465117666668055,2,1,0,0,0,0,1,1.0,0.6543008991316253,0.46482923511109764,0.34264373779296875,1.0,3924.907341003418,0.057559967041015625,0.64849853515625,0.08984375,37.0,450.0,450.0
Q00931__clean,Q00931,1,,prize400.info,data/qr_images/Q00931.png,none,none,5,1,http://au.prize400.info/w.php?offer_id=140&aff_id=2590&url_id=7366&pl=154,opencv,exact,73,16,6,43,3,1,0,17,0.2328767123287671,11,0,1,4,3,0,1,4,0,0,0,0,0,4.763617244654611,0,0,0,0,0,0,0,1.0,0.6449158612419578,0.4677142976777053,0.3515968322753906,1.0,3981.368911743164,0.0583648681640625,0.49591064453125,0.08984375,37.0,450.0,450.0
Q00932__clean,Q00932,1,,mobiliablog.com.au,data/qr_images/Q00932.png,none,none,4,1,http://www.mobiliablog.com.au/cripy/bash/yh/yahoo.html,opencv,exact,54,22,25,0,4,1,0,0,0.0,0,0,0,0,0,0,4,0,0,0,0,0,0,4.0509380860830095,0,0,0,0,0,0,0,1.0,0.6656742619533165,0.46257528794494635,0.3315010070800781,1.0,3430.956428527832,0.049861907958984375,0.49591064453125,0.09765625,33.0,410.0,410.0
Q00933__clean,Q00933,1,,174.139.46.123,data/qr_images/Q00933.png,none,none,15,1,http://174.139.46.123/ap/signin?key=a@b.c&openid.assoc_handle=jpflex&openid.claimed_id=http://specs.openid.net/auth/2.0/identifier_select&openid.identity=http://specs.openid.net/auth/2.0/identifier_select&openid.mode=checkid_setup&openid.ns=http://specs.openid.net/auth/2.0&openid.pape.max_auth_age=0&openid.return_to=https://www.amazon.co.jp/?ref_%3Dnav_em_hd_re_signin&ref_=nav_em_hd_clc_signin,opencv,exact,396,14,10,364,24,0,0,19,0.047979797979797977,39,1,2,9,8,1,2,9,0,1,0,0,0,4.717994488207407,1,0,0,0,0,0,0,1.0,0.573426040948606,0.4694366195931585,0.4268836975097656,1.0,9208.941047668457,0.13115692138671875,1.6021728515625,0.046875,77.0,850.0,850.0
Q00934__clean,Q00934,0,,get-piano-lessons.com,data/qr_images/Q00934.png,none,none,4,1,http://www.get-piano-lessons.com/layout-piano-keys.html,opencv,exact,55,25,23,0,3,1,4,0,0.0,4,0,0,0,0,0,1,0,0,0,0,0,0,4.231207332321362,0,0,0,0,0,0,0,1.0,0.660315195719401,0.4638056881245165,0.3364143371582031,1.0,3635.2999954223633,0.05297088623046875,0.49591064453125,0.09765625,33.0,410.0,410.0
Q00935__clean,Q00935,0,,ibm.com,data/qr_images/Q00935.png,none,none,5,1,http://www-03.ibm.com/software/products/en/financial-transaction-manager,opencv,exact,72,14,51,0,2,1,3,2,0.027777777777777776,3,0,0,0,0,0,4,0,0,0,0,0,0,4.347697786497342,0,0,0,0,0,0,0,1.0,0.6552889954810049,0.4646568519650202,0.3414955139160156,1.0,4002.9214630126953,0.05767059326171875,0.64849853515625,0.08984375,37.0,450.0,450.0
Q00936__clean,Q00936,0,,designboom.com,data/qr_images/Q00936.png,none,none,6,1,http://www.designboom.com/architecture/top-10-transportation-hubs-of-2013-12-31-2013/,opencv,exact,85,18,60,0,2,1,8,14,0.16470588235294117,8,0,0,0,0,0,2,0,0,0,0,0,0,4.480809578146661,0,0,0,0,0,0,0,1.0,0.6467969258626302,0.4657139011255803,0.3521461486816406,1.0,4842.683616638184,0.06781387329101562,0.87738037109375,0.08203125,41.0,490.0,490.0
Q00937__clean,Q00937,1,,m-aut.ru,data/qr_images/Q00937.png,none,none,4,1,http://email.m-aut.ru/1/btochanneldriver.ssobto.html,opencv,exact,52,14,31,0,4,1,1,1,0.019230769230769232,1,0,0,0,0,0,2,0,0,0,0,0,0,4.262093804305106,0,0,0,0,0,0,0,1.0,0.6781635359221814,0.4573921450687391,0.31884765625,1.0,3595.8749389648438,0.052417755126953125,0.6103515625,0.09765625,33.0,410.0,410.0
Q00938__clean,Q00938,0,,booooooom.com,data/qr_images/Q00938.png,none,none,2,1,https://www.booooooom.com/,opencv,exact,26,17,1,0,2,1,0,0,0.0,0,0,0,0,0,0,0,0,1,0,0,0,0,3.1808329872054406,0,0,0,0,0,0,0,1.0,0.6969562006931679,0.4523585502994948,0.3065338134765625,1.0,2550.4596939086914,0.0381622314453125,0.57220458984375,0.12109375,25.0,330.0,330.0
Q00939__clean,Q00939,1,,jangansedihdandiam.com,data/qr_images/Q00939.png,none,none,7,1,https://auth-verifycar-information-4234723.jangansedihdandiam.com/session/?view=login&appIdKey=0c8660d5d573e3d&country=US,opencv,exact,121,57,9,46,2,1,3,17,0.14049586776859505,9,0,1,3,2,0,1,3,1,0,0,0,0,5.014568688308387,2,1,1,0,0,0,0,1.0,0.6276311537798713,0.4694487632984924,0.3692512512207031,1.0,5156.086990356445,0.07501220703125,0.8392333984375,0.076171875,45.0,530.0,530.0
Q00940__clean,Q00940,1,,bayoucitybadges.org,data/qr_images/Q00940.png,none,none,3,1,https://test.bayoucitybadges.org/,opencv,exact,33,24,1,0,2,1,0,0,0.0,0,0,0,0,0,0,0,0,1,0,0,0,0,3.9801694078807643,0,0,0,0,0,0,0,1.0,0.688092041015625,0.4552406791105178,0.3142852783203125,1.0,3037.0493927001953,0.043689727783203125,0.57220458984375,0.107421875,29.0,370.0,370.0
Q00941__clean,Q00941,1,,rbcmontgomery.com,data/qr_images/Q00941.png,none,none,4,1,http://rbcmontgomery.com/wp-admin/js/widgets/PDF/,opencv,exact,49,17,25,0,1,0,1,0,0.0,1,0,0,0,0,0,4,0,0,0,0,0,0,4.381926742960786,0,0,0,0,0,0,0,1.0,0.6704323413325292,0.46053025434561573,0.3270225524902344,1.0,3558.958076477051,0.051479339599609375,0.6866455078125,0.09765625,33.0,410.0,410.0
Q00942__clean,Q00942,0,,ebay.co.uk,data/qr_images/Q00942.png,none,none,6,1,http://www.ebay.co.uk/gds/What-are-the-Different-Types-of-Ethernet-Cables-/10000000177629325/g.html,opencv,exact,99,14,78,0,4,1,8,17,0.1717171717171717,8,0,0,0,0,0,4,0,0,0,0,0,0,4.828146772051311,0,0,0,0,0,0,0,1.0,0.645136739693436,0.46633396394691273,0.354339599609375,1.0,4682.776321411133,0.06669998168945312,0.87738037109375,0.08203125,41.0,490.0,490.0
Q00943__clean,Q00943,1,,slashoffers.de,data/qr_images/Q00943.png,none,none,3,1,http://verification.slashoffers.de/,opencv,exact,35,27,1,0,2,1,0,0,0.0,0,0,0,0,0,0,0,0,0,0,0,0,0,4.028445159431229,1,0,0,0,0,0,0,1.0,0.6720213796578202,0.46122368534813485,0.3298530578613281,1.0,3085.387191772461,0.04496002197265625,0.457763671875,0.107421875,29.0,370.0,370.0
Q00944__clean,Q00944,1,,143.95.251.183,data/qr_images/Q00944.png,none,none,11,1,http://143.95.251.183/~eitsys/apple.us.sing-in.qsaz651dazzadsq651dza651d651s651d65az165d1sqd6s5q4d65sq465dqsds.jcncssdgqsaz651dikjPDCCDZWSJDNJKSX/5885d80a13c0db1f8e263663d3faee8d4b3d02051cb40a5393d95fde607fRTCZIXZDIJKOS/,opencv,exact,220,14,199,0,7,0,1,80,0.36363636363636365,2,0,0,0,0,0,3,0,0,1,0,0,0,5.0266418728573,0,0,0,0,0,0,0,1.0,0.5992466047698376,0.4710856097242711,0.39929962158203125,1.0,7703.007225036621,0.10455322265625,1.10626220703125,0.05859375,61.0,690.0,690.0
Q00945__clean,Q00945,1,,scuolascigressoney.net,data/qr_images/Q00945.png,none,none,4,1,http://www.scuolascigressoney.net/update.html,opencv,exact,45,26,12,0,3,1,0,0,0.0,0,0,0,0,0,0,1,0,0,0,0,0,0,4.205757474531292,1,0,0,0,0,1,0,1.0,0.6615055757410386,0.46318764881067337,0.33544158935546875,1.0,3725.777389526367,0.054027557373046875,0.457763671875,0.09765625,33.0,410.0,410.0
Q00946__clean,Q00946,1,,hausbau.rs,data/qr_images/Q00946.png,none,none,4,1,http://hausbau.rs/modules/mod_error/Secure/,opencv,exact,43,10,26,0,1,0,0,0,0.0,1,0,0,0,0,0,3,0,0,0,0,0,0,3.969771952769756,1,0,0,0,1,0,0,1.0,0.6603167664770987,0.4640204007988338,0.3366050720214844,1.0,3542.6580963134766,0.05188751220703125,0.5340576171875,0.09765625,33.0,410.0,410.0
Q00947__clean,Q00947,1,,littlee.com.au,data/qr_images/Q00947.png,none,none,3,1,http://littlee.com.au/alibaba/images/,opencv,exact,37,14,16,0,2,0,0,0,0.0,0,0,0,0,0,0,2,0,0,0,0,0,0,3.8179954344028957,0,0,0,0,0,0,0,1.0,0.676405798220167,0.4594609710241163,0.3255577087402344,1.0,3068.763229370117,0.0452880859375,0.3814697265625,0.107421875,29.0,370.0,370.0
Q00948__clean,Q00948,0,,manageengine.com,data/qr_images/Q00948.png,none,none,5,1,https://www.manageengine.com/windows-active-directory-tools.html,opencv,exact,64,20,36,0,3,1,3,0,0.0,3,0,0,0,0,0,1,0,1,0,0,0,0,4.287142047769037,0,0,0,0,0,0,0,1.0,0.6572662652707567,0.46327650544828314,0.33974456787109375,1.0,4204.557281494141,0.06089019775390625,0.5340576171875,0.08984375,37.0,450.0,450.0
Q00949__clean,Q00949,1,,at.ua,data/qr_images/Q00949.png,none,none,4,1,https://mymweb-owner.at.ua/Email-LoginAccess.htm,opencv,exact,48,18,22,0,3,1,2,0,0.0,2,0,0,0,0,0,1,0,1,0,0,0,0,4.464661719245796,1,1,0,0,0,0,0,1.0,0.6650755339977787,0.46224336594047283,0.3322601318359375,1.0,3589.1571502685547,0.052257537841796875,0.457763671875,0.09765625,33.0,410.0,410.0
Q00950__clean,Q00950,1,,homeinvest.com.pl,data/qr_images/Q00950.png,none,none,5,1,http://k58.homeinvest.com.pl/administrator/modules/mod_menu/tmpl/GD/GD/index.php,opencv,exact,80,21,52,0,4,1,0,2,0.025,1,0,0,0,0,0,7,0,0,0,0,0,0,4.387125989868465,0,0,0,0,0,0,0,1.0,0.6572657117656633,0.4637347806167862,0.3388252258300781,1.0,4001.482246398926,0.058513641357421875,0.762939453125,0.08984375,37.0,450.0,450.0
Q00951__clean,Q00951,0,,cryptopanic.com,data/qr_images/Q00951.png,none,none,3,1,https://cryptopanic.com:443/,opencv_aruco,exact,28,15,1,0,1,0,0,3,0.10714285714285714,0,0,0,0,0,0,0,0,1,0,0,0,0,3.91379956460568,0,0,0,0,0,0,0,1.0,0.6756727779612822,0.45960997329821307,0.32643890380859375,1.0,3173.863311767578,0.04608917236328125,0.457763671875,0.107421875,29.0,370.0,370.0
Q00952__clean,Q00952,1,,monclovanews.com,data/qr_images/Q00952.png,none,none,4,1,http://www.monclovanews.com/serveradmin/yt/login.php,opencv,exact,52,20,25,0,3,1,0,0,0.0,0,0,0,0,0,0,3,0,0,0,0,0,0,4.250745910732358,1,1,0,0,0,0,0,1.0,0.6698359021953508,0.46055854501800897,0.327728271484375,1.0,3643.1122283935547,0.05261993408203125,0.64849853515625,0.09765625,33.0,410.0,410.0
Q00953__clean,Q00953,0,,idionline.org,data/qr_images/Q00953.png,none,none,2,1,http://www.idionline.org/,opencv,exact,25,17,1,0,2,1,0,0,0.0,0,0,0,0,0,0,0,0,0,0,0,0,0,3.7532696895151076,0,0,0,0,0,0,0,1.0,0.6877728630514706,0.45621451687377357,0.316497802734375,1.0,2552.40811920166,0.0382843017578125,0.34332275390625,0.12109375,25.0,330.0,330.0
Q00954__clean,Q00954,1,,brilliantbokeh.com,data/qr_images/Q00954.png,none,none,4,1,http://hotmailsecure.brilliantbokeh.com/HotmailNEW/,opencv,exact,51,32,12,0,2,1,0,0,0.0,0,0,0,0,0,0,1,0,0,0,0,0,0,4.287539254067758,1,0,0,0,1,0,0,1.0,0.6555582831887637,0.4652292866259045,0.34101104736328125,1.0,3701.1118392944336,0.053989410400390625,0.6103515625,0.09765625,33.0,410.0,410.0
Q00955__clean,Q00955,1,,nouvelle-aquitaine.pro,data/qr_images/Q00955.png,none,none,6,1,https://support.nouvelle-aquitaine.pro/servicedesk/customer/user/login?destination=portal%2F1%2FCDS-226513,opencv,exact,106,30,32,35,2,1,2,9,0.08490566037735849,6,0,1,1,0,2,4,1,1,0,0,0,0,4.716688941751135,1,1,0,0,0,0,0,1.0,0.6355531879499847,0.4690426179710248,0.36432647705078125,1.0,4762.526878356934,0.06766891479492188,0.5340576171875,0.08203125,41.0,490.0,490.0
Q00956__clean,Q00956,1,,yetpack.com,data/qr_images/Q00956.png,none,none,7,1,http://yetpack.com/ms/IMGwfn/verification/ND2N91EB26N000A11BB0/index.php?country.x%3DUS-United%2520States%26lang.x%3Den,opencv,exact,119,11,54,46,4,0,1,19,0.15966386554621848,6,0,1,0,0,4,5,1,0,0,0,0,0,5.179095155329585,1,0,0,0,0,0,0,1.0,0.6311895333084405,0.4689144737458198,0.3666725158691406,1.0,5095.542007446289,0.07336807250976562,1.02996826171875,0.076171875,45.0,530.0,530.0
Q00957__clean,Q00957,0,,rhenus.com,data/qr_images/Q00957.png,none,none,5,1,https://www.rhenus.com/de/de/leistungen/mehrwertlogistik/endkundenbelieferung/,opencv,exact,78,14,56,0,2,1,0,0,0.0,0,0,0,0,0,0,5,0,1,0,0,0,0,4.124564559323988,0,0,0,0,0,0,0,1.0,0.6513411278818168,0.46497049491891435,0.3457756042480469,1.0,4197.614540100098,0.061443328857421875,0.6103515625,0.08984375,37.0,450.0,450.0
Q00958__clean,Q00958,0,,nhprice.com,data/qr_images/Q00958.png,none,none,6,1,http://nhprice.com/tutorial-of-firewall-types-and-their-advantages-and-disadvantages.html,opencv,exact,89,11,71,0,2,0,8,0,0.0,8,0,0,0,0,0,1,0,0,0,0,0,0,4.292003488314913,0,0,0,0,0,0,0,1.0,0.6517988765940946,0.4641863297611911,0.347442626953125,1.0,4691.909072875977,0.06670379638671875,0.80108642578125,0.08203125,41.0,490.0,490.0
Q00959__clean,Q00959,1,,etigroup.az,data/qr_images/Q00959.png,none,none,5,1,http://etigroup.az/wp-content/plugins/revslider/languages/o/indexaa.php,opencv,exact,71,11,53,0,2,0,1,0,0.0,1,0,0,0,0,0,6,0,0,0,0,0,0,4.239565303409167,0,0,0,0,0,0,0,1.0,0.6582513846603094,0.46330004372201294,0.33870697021484375,1.0,4089.444061279297,0.05919647216796875,0.6103515625,0.08984375,37.0,450.0,450.0
Q00960__clean,Q00960,0,,scribd.com,data/qr_images/Q00960.png,none,none,4,1,https://www.scribd.com/doc/22594454/ADVANTAGES-OF-FIREWALL,opencv,exact,58,14,36,0,2,1,2,8,0.13793103448275862,2,0,0,0,0,0,3,0,1,0,0,0,0,4.894630943732275,0,0,0,0,0,0,0,1.0,0.6632918862735524,0.46276946332695873,0.333465576171875,1.0,3594.938919067383,0.052707672119140625,0.64849853515625,0.09765625,33.0,410.0,410.0
Q00961__clean,Q00961,0,,life4news.ru,data/qr_images/Q00961.png,none,none,2,1,https://life4news.ru:443/,opencv,exact,25,12,1,0,1,0,0,4,0.16,0,0,0,0,0,0,0,0,1,0,0,0,0,3.943465189601646,0,0,0,0,0,0,0,1.0,0.7052221260818781,0.44881943841939337,0.2985877990722656,1.0,2540.5780487060547,0.03774261474609375,0.41961669921875,0.12109375,25.0,330.0,330.0
Q00962__clean,Q00962,1,,9m.no,data/qr_images/Q00962.png,none,none,2,1,https://9m.no/拠傅,opencv,exact,16,5,3,0,1,0,0,1,0.0625,0,0,0,0,0,0,1,0,1,0,0,0,0,3.577819531114783,0,0,0,0,0,0,0,1.0,0.7098111769732307,0.44663948323119523,0.2943534851074219,1.0,2570.338737487793,0.038021087646484375,0.57220458984375,0.12109375,25.0,330.0,330.0
Q00963__clean,Q00963,0,,windytan.com,data/qr_images/Q00963.png,none,none,5,1,http://www.windytan.com/2012/11/the-sound-of-dialup-pictured.html,opencv,exact,65,16,42,0,3,1,4,6,0.09230769230769231,4,0,0,0,0,0,3,0,0,0,0,0,0,4.466082959242739,0,0,0,0,0,0,0,1.0,0.6641737246045879,0.46101045922687117,0.3325614929199219,1.0,4065.644691467285,0.0597686767578125,0.57220458984375,0.08984375,37.0,450.0,450.0
Q00964__clean,Q00964,1,,149.210.143.165,data/qr_images/Q00964.png,none,none,3,1,http://149.210.143.165/~admin/index3.html,opencv,exact,41,15,19,0,4,0,0,13,0.3170731707317073,1,0,0,0,0,0,2,0,0,1,0,0,0,4.314749870418975,0,0,0,0,0,0,0,1.0,0.6866310269224878,0.4554803957914229,0.31529998779296875,1.0,3173.39559173584,0.045711517333984375,0.6103515625,0.107421875,29.0,370.0,370.0
Q00965__clean,Q00965,1,,topfoodseafood.com,data/qr_images/Q00965.png,none,none,5,1,http://topfoodseafood.com/aspnet_client/system_web/4_0_30319/paypal/,opencv,exact,68,18,43,0,1,0,0,7,0.10294117647058823,4,0,0,0,0,0,4,0,0,0,0,0,0,4.383193496957241,0,0,0,0,0,0,0,1.0,0.6394886989219516,0.4691918585150271,0.3575782775878906,1.0,4168.5075759887695,0.059925079345703125,0.5340576171875,0.08984375,37.0,450.0,450.0
Q00966__clean,Q00966,0,,rondebruin.nl,data/qr_images/Q00966.png,none,none,3,1,http://www.rondebruin.nl/win/s6/win001.htm,opencv,exact,42,17,18,0,3,1,0,4,0.09523809523809523,0,0,0,0,0,0,3,0,0,0,0,0,0,4.080565424450169,0,0,0,0,0,0,0,1.0,0.680788870418773,0.45793997341417636,0.32064056396484375,1.0,3075.9984436035156,0.04467010498046875,0.57220458984375,0.107421875,29.0,370.0,370.0
Q00967__clean,Q00967,0,,visual-paradigm.com,data/qr_images/Q00967.png,none,none,5,1,https://www.visual-paradigm.com/features/database-design-with-erd-tools/,opencv,exact,72,23,41,0,2,1,5,0,0.0,5,0,0,0,0,0,2,0,1,0,0,0,0,4.322567627960445,0,0,0,0,0,0,0,1.0,0.6661559011421951,0.4601439043918023,0.3297157287597656,1.0,4198.521865844727,0.06085205078125,0.72479248046875,0.08984375,37.0,450.0,450.0
Q00968__clean,Q00968,0,,linksys.com,data/qr_images/Q00968.png,none,none,6,1,http://community.linksys.com/t5/Wireless-Routers/Speeding-up-Windows-Gigabit-Ethernet/td-p/778337,opencv,exact,97,21,69,0,2,1,6,7,0.07216494845360824,6,0,0,0,0,0,5,0,0,0,0,0,0,4.683547828062403,0,0,0,0,0,0,0,1.0,0.6430460462383195,0.46671347121405415,0.3572349548339844,1.0,4885.806602478027,0.06863784790039062,0.64849853515625,0.08203125,41.0,490.0,490.0
Q00969__clean,Q00969,0,,clarias.pl,data/qr_images/Q00969.png,none,none,2,1,https://www.clarias.pl/,opencv,exact,23,14,1,0,2,1,0,0,0.0,0,0,0,0,0,0,0,0,1,0,0,0,0,3.588354347173234,0,0,0,0,0,0,0,1.0,0.7125691432578891,0.4453387262024208,0.29119110107421875,1.0,2558.3901443481445,0.03789520263671875,0.49591064453125,0.12109375,25.0,330.0,330.0
Q00970__clean,Q00970,0,,tips4pc.com,data/qr_images/Q00970.png,none,none,6,1,http://tips4pc.com/computer-repair/your-computer-is-low-on-memory-4-easy-solutions.htm,opencv,exact,86,11,68,0,2,0,9,2,0.023255813953488372,9,0,0,0,0,0,2,0,0,0,0,0,0,4.156338848372065,0,0,0,0,0,0,0,1.0,0.6459638707778033,0.4661953934362034,0.3537712097167969,1.0,4770.154487609863,0.06682968139648438,0.6103515625,0.08203125,41.0,490.0,490.0
Q00971__clean,Q00971,1,,services-and-support.com,data/qr_images/Q00971.png,none,none,3,1,http://apple.com.services-and-support.com/,opencv,exact,42,34,1,0,3,2,2,0,0.0,2,0,0,0,0,0,0,0,0,0,0,0,0,4.132939970645878,0,0,0,0,0,0,0,1.0,0.6815165052226946,0.45775984920174584,0.3207244873046875,1.0,3109.2123107910156,0.044506072998046875,0.49591064453125,0.107421875,29.0,370.0,370.0
Q00972__clean,Q00972,0,,internetslang.com,data/qr_images/Q00972.png,none,none,4,1,https://www.internetslang.com/PDF-meaning-definition.asp,opencv,exact,56,21,27,0,3,1,2,0,0.0,2,0,0,0,0,0,1,0,1,0,0,0,0,4.29583344144878,0,0,0,0,0,0,0,1.0,0.6787556666953891,0.4570089861892805,0.318145751953125,1.0,3540.206039428711,0.052303314208984375,0.6103515625,0.09765625,33.0,410.0,410.0
Q00973__clean,Q00973,0,,sensagent.com,data/qr_images/Q00973.png,none,none,4,1,http://dictionary.sensagent.com/Legislative%20session/en-en/,opencv,exact,60,24,29,0,2,1,1,2,0.03333333333333333,2,0,0,0,0,1,2,0,0,0,0,0,0,4.22339508076361,0,0,0,0,0,0,0,1.0,0.662102014878217,0.4635804661087335,0.3344230651855469,1.0,3500.6215209960938,0.05109405517578125,0.6103515625,0.09765625,33.0,410.0,410.0
Q00974__clean,Q00974,1,,imited-login.com,data/qr_images/Q00974.png,none,none,3,1,http://www.paypal.imited-login.com/,opencv,exact,35,27,1,0,3,2,1,0,0.0,1,0,0,0,0,0,0,0,0,0,0,0,0,4.085588016574085,1,1,0,0,0,0,0,1.0,0.7034308190439261,0.44835157702237954,0.2983436584472656,1.0,3023.583320617676,0.04424285888671875,0.57220458984375,0.107421875,29.0,370.0,370.0
Q00975__clean,Q00975,0,,wrestlingattitude.com,data/qr_images/Q00975.png,none,none,3,1,https://www.wrestlingattitude.com/,opencv,exact,34,25,1,0,2,1,0,0,0.0,0,0,0,0,0,0,0,0,1,0,0,0,0,4.02085512047121,0,0,0,0,0,0,0,1.0,0.6785959729961321,0.45860221203275564,0.32311248779296875,1.0,3204.1856384277344,0.04602813720703125,0.49591064453125,0.107421875,29.0,370.0,370.0
Q00976__clean,Q00976,0,,dictionarist.com,data/qr_images/Q00976.png,none,none,4,1,http://www.dictionarist.com/select+committee,opencv,exact,44,20,17,0,2,1,0,0,0.0,1,0,0,0,0,0,1,0,0,0,0,0,0,3.944180835386,0,0,0,0,0,0,0,1.0,0.6650789447859222,0.46205655293219244,0.3321189880371094,1.0,3636.3573455810547,0.05306243896484375,0.57220458984375,0.09765625,33.0,410.0,410.0
Q00977__clean,Q00977,1,,applmanager.com,data/qr_images/Q00977.png,none,none,5,1,http://www.paypal-verification.applmanager.com/customer_center/user-478741/,opencv,exact,75,39,29,0,3,2,2,6,0.08,3,0,0,0,0,0,2,0,0,0,0,0,0,4.548986198237455,1,0,0,0,0,0,0,1.0,0.6552915236529182,0.46397679306012624,0.341522216796875,1.0,4171.18424987793,0.0605316162109375,0.41961669921875,0.08984375,37.0,450.0,450.0
Q00978__clean,Q00978,1,,sushmagp.com,data/qr_images/Q00978.png,none,none,2,1,http://xmz.sushmagp.com,opencv,exact,23,16,0,0,2,1,0,0,0.0,0,0,0,0,0,0,0,0,0,0,0,0,0,3.795088586397733,0,0,0,0,0,0,0,1.0,0.7098136303471584,0.4467565367733755,0.2941436767578125,1.0,2500.3738327026367,0.037281036376953125,0.49591064453125,0.12109375,25.0,330.0,330.0
Q00979__clean,Q00979,1,,kunstpris.dk,data/qr_images/Q00979.png,none,none,4,1,http://www.kunstpris.dk/images/dropbox/dropbox/index.php,opencv,exact,56,16,33,0,3,1,0,0,0.0,0,0,0,0,0,0,4,0,0,0,0,0,0,4.194787734132637,0,0,0,0,0,0,0,1.0,0.6519869486490886,0.46632074528551354,0.3456153869628906,1.0,3757.083969116211,0.05467987060546875,0.457763671875,0.09765625,33.0,410.0,410.0
Q00980__clean,Q00980,0,,instagram.com,data/qr_images/Q00980.png,none,none,3,1,https://www.instagram.com/toryburch/,opencv,exact,36,17,11,0,2,1,0,0,0.0,0,0,0,0,0,0,1,0,1,0,0,0,0,4.0724312513221195,0,0,0,0,0,0,0,1.0,0.6844391018736596,0.4564725271833222,0.31732940673828125,1.0,3156.9964294433594,0.04521942138671875,0.49591064453125,0.107421875,29.0,370.0,370.0
Q00981__clean,Q00981,0,,bathardcore.com,data/qr_images/Q00981.png,none,none,3,1,http://www.bathardcore.com/,opencv,exact,27,19,1,0,2,1,0,0,0.0,0,0,0,0,0,0,0,0,0,0,0,0,0,3.782122224145306,0,0,0,0,0,0,0,1.0,0.6785974390366498,0.45868052194748954,0.3235054016113281,1.0,3184.8498306274414,0.045772552490234375,0.49591064453125,0.107421875,29.0,370.0,370.0
Q00982__clean,Q00982,1,,gradshower.com,data/qr_images/Q00982.png,none,none,6,1,http://gradshower.com/wp-content/plugins/Update/bancor/034b9dfaf31278162f9b05f448cdbfc4/info.php,opencv,exact,96,14,75,0,2,0,1,19,0.19791666666666666,1,0,0,0,0,0,6,0,0,0,0,0,0,4.817016933920204,1,0,0,0,0,1,0,1.0,0.6338871824975107,0.4692783640220257,0.3669242858886719,1.0,4964.604698181152,0.0693817138671875,0.41961669921875,0.08203125,41.0,490.0,490.0
Q00983__clean,Q00983,0,,online-tech-tips.com,data/qr_images/Q00983.png,none,none,5,1,http://www.online-tech-tips.com/computer-tips/setup-ftp-server-in-windows-iis/,opencv_aruco,exact,78,24,47,0,2,1,8,0,0.0,8,0,0,0,0,0,2,0,0,0,0,0,0,4.094250098085523,0,0,0,0,0,0,0,1.0,0.6493624818091299,0.466014682048488,0.34668731689453125,1.0,4117.541488647461,0.0601806640625,0.5340576171875,0.08984375,37.0,450.0,450.0
Q00984__clean,Q00984,0,,fas.org,data/qr_images/Q00984.png,none,none,4,1,https://fas.org/irp/congress/2011_rpt/ssci.pdf,opencv,exact,46,7,31,0,2,0,0,4,0.08695652173913043,1,0,0,0,0,0,4,0,1,0,0,0,0,4.093682879734897,0,0,0,0,0,0,0,1.0,0.6769758785472196,0.45795772623397263,0.3199615478515625,1.0,3572.15177154541,0.0520477294921875,0.64849853515625,0.09765625,33.0,410.0,410.0
Q00985__clean,Q00985,0,,ultimateturkiye.com,data/qr_images/Q00985.png,none,none,3,1,http://www.ultimateturkiye.com/,opencv,exact,31,23,1,0,2,1,0,0,0.0,0,0,0,0,0,0,0,0,0,0,0,0,0,3.950344198168689,0,0,0,0,0,0,0,1.0,0.6932035857555913,0.4527860919479877,0.3084259033203125,1.0,3112.965576171875,0.04498291015625,0.57220458984375,0.107421875,29.0,370.0,370.0
Q00986__clean,Q00986,0,,bastelitis.de,data/qr_images/Q00986.png,none,none,2,1,http://www.bastelitis.de/,opencv,exact,25,17,1,0,2,1,0,0,0.0,0,0,0,0,0,0,0,0,0,0,0,0,0,3.6234651896016463,0,0,0,0,0,0,0,1.0,0.6859354804543888,0.45696843133436316,0.3184242248535156,1.0,2601.032844543457,0.03863525390625,0.49591064453125,0.12109375,25.0,330.0,330.0
Q00987__clean,Q00987,1,,duilawyeryork.com,data/qr_images/Q00987.png,none,none,8,1,https://support-appleld.com.secureupdate.duilawyeryork.com/ap/c05f378d59c6ba8/?cmd=_update&dispatch=c05f378d59c6ba805&locale=_US,opencv,exact,128,50,20,49,4,3,1,20,0.15625,9,0,1,3,2,0,2,3,1,0,0,0,0,4.8456870678731265,2,0,0,0,1,1,0,1.0,0.6208027858360141,0.4691207066440253,0.3788909912109375,1.0,5101.673385620117,0.08066558837890625,1.02996826171875,0.0703125,49.0,570.0,570.0
Q00988__clean,Q00988,1,,lachambredezoe.fr,data/qr_images/Q00988.png,none,none,2,1,https://lachambredezoe.fr,opencv,exact,25,17,0,0,1,0,0,0,0.0,0,0,0,0,0,0,0,0,1,0,0,0,0,4.053660689688185,0,0,0,0,0,0,0,1.0,0.6859356450099571,0.4567998762197312,0.3181266784667969,1.0,2649.6671600341797,0.039394378662109375,0.34332275390625,0.12109375,25.0,330.0,330.0
Q00989__clean,Q00989,0,,tech-faq.com,data/qr_images/Q00989.png,none,none,3,1,http://www.tech-faq.com/mms.html,opencv,exact,32,16,9,0,3,1,1,0,0.0,1,0,0,0,0,0,1,0,0,0,0,0,0,3.8431390622295662,0,0,0,0,0,0,0,1.0,0.6720226512235754,0.46110638704029233,0.3296165466308594,1.0,3052.487632751465,0.045131683349609375,0.49591064453125,0.107421875,29.0,370.0,370.0
Q00990__clean,Q00990,0,,blogsky.com,data/qr_images/Q00990.png,none,none,3,1,http://saboksazan.blogsky.com,opencv,exact,29,22,0,0,2,1,0,0,0.0,0,0,0,0,0,0,0,0,0,0,0,0,0,4.021268494903765,0,0,0,0,0,0,0,1.0,0.6917437085918352,0.45341891876889784,0.3100776672363281,1.0,3131.988494873047,0.045166015625,0.6103515625,0.107421875,29.0,370.0,370.0
Q00991__clean,Q00991,1,,madsuka.com,data/qr_images/Q00991.png,none,none,5,1,http://chat.whatsapp.com.madsuka.com/invite/ftJgvJTDYseyV874e7ogySg8y,opencv,exact,69,29,33,0,4,3,0,5,0.07246376811594203,0,0,0,0,0,0,2,0,0,0,0,0,0,4.718475137963169,0,0,0,0,0,0,0,1.0,0.6464017531451057,0.4672640963746829,0.3502388000488281,1.0,4089.072235107422,0.059024810791015625,0.64849853515625,0.08984375,37.0,450.0,450.0
Q00992__clean,Q00992,0,,grantwatch.com,data/qr_images/Q00992.png,none,none,3,1,https://www.grantwatch.com/,opencv,exact,27,18,1,0,2,1,0,0,0.0,0,0,0,0,0,0,0,0,1,0,0,0,0,3.6898916687500076,0,0,0,0,0,0,0,1.0,0.6902831732058058,0.45401299368630127,0.3115501403808594,1.0,3094.943817138672,0.044952392578125,0.5340576171875,0.107421875,29.0,370.0,370.0
Q00993__clean,Q00993,1,,keramikadecor.com.ua,data/qr_images/Q00993.png,none,none,5,1,http://keramikadecor.com.ua/bdfg/excelzz/bizmail.php?email={{emailb64}},opencv,exact,71,20,25,18,3,0,0,2,0.028169014084507043,6,0,1,1,0,0,3,1,0,0,0,0,0,4.549424458338744,0,0,0,0,0,0,0,1.0,0.6577574337230009,0.463181198910986,0.339111328125,1.0,4095.8505783081055,0.060001373291015625,0.64849853515625,0.08984375,37.0,450.0,450.0
Q00994__clean,Q00994,1,,zanox.com,data/qr_images/Q00994.png,none,none,5,1,http://ui.zanox.com/admediapreview-service/admedia/1384481/preview/htmlcontent,opencv,exact,78,12,59,0,2,1,1,7,0.08974358974358974,1,0,0,0,0,0,5,0,0,0,0,0,0,4.446438238944743,0,0,0,0,0,0,0,1.0,0.6513385697907093,0.4649209263651744,0.34484100341796875,1.0,4255.997573852539,0.06209564208984375,0.49591064453125,0.08984375,37.0,450.0,450.0
Q00995__clean,Q00995,0,,oracle.com,data/qr_images/Q00995.png,none,none,5,1,https://docs.oracle.com/cd/B28359_01/datamine.111/b28129/text.htm,opencv,exact,65,15,42,0,4,1,0,15,0.23076923076923078,1,0,0,0,0,0,5,0,1,0,0,0,0,4.494672044626182,0,0,0,0,0,0,0,1.0,0.6681279799517463,0.4596430068379894,0.3281288146972656,1.0,4163.386848449707,0.05999755859375,0.6103515625,0.08984375,37.0,450.0,450.0
Q00996__clean,Q00996,1,,joshtobye.com,data/qr_images/Q00996.png,none,none,8,1,http://joshtobye.com/3.mtb.com/www3.mtb.com?signin=@userid&session_id=skjdfsd87ffsdf87sdfsdhfdf78sdfgysidf87sdf3d4b1030caea831b0e06bd749,opencv,exact,136,13,23,92,5,0,0,25,0.18382352941176472,6,1,1,2,1,0,2,2,0,0,0,0,0,4.773569921882376,1,0,0,0,0,0,0,1.0,0.6201851788689109,0.4682482240598474,0.37966156005859375,1.0,5304.080375671387,0.08460617065429688,0.95367431640625,0.0703125,49.0,570.0,570.0
Q00997__clean,Q00997,0,,probex.ee,data/qr_images/Q00997.png,none,none,3,1,http://www.probex.ee/index_eng.html,opencv,exact,35,13,15,0,3,1,0,0,0.0,1,0,0,0,0,0,1,0,0,0,0,0,0,4.025591860285232,0,0,0,0,0,0,0,1.0,0.6858984404919194,0.45571077829341367,0.3161354064941406,1.0,3079.891372680664,0.04514312744140625,0.6866455078125,0.107421875,29.0,370.0,370.0
Q00998__clean,Q00998,1,,ata22.ir,data/qr_images/Q00998.png,none,none,2,1,http://ata22.ir/C001/,opencv,exact,21,8,6,0,1,0,0,5,0.23809523809523808,0,0,0,0,0,0,1,0,0,0,0,0,0,3.4992275417233563,0,0,0,0,0,0,0,1.0,0.6932836644789752,0.4540266255144062,0.3112068176269531,1.0,2564.061134338379,0.038051605224609375,0.457763671875,0.12109375,25.0,330.0,330.0
Q00999__clean,Q00999,0,,britannica.com,data/qr_images/Q00999.png,none,none,4,1,https://www.britannica.com/topic/bridge-card-game,opencv,exact,49,18,23,0,2,1,2,0,0.0,2,0,0,0,0,0,2,0,1,0,0,0,0,4.196143007292211,0,0,0,0,0,0,0,1.0,0.6674556657379749,0.46133113866234754,0.329315185546875,1.0,3660.4336853027344,0.05297088623046875,0.5340576171875,0.09765625,33.0,410.0,410.0
Q01000__clean,Q01000,0,,ghbook.ir,data/qr_images/Q01000.png,none,none,3,1,http://www.ghbook.ir/index.php?lang=fa,opencv,exact,38,13,10,7,3,1,0,0,0.0,2,0,1,1,0,0,1,1,0,0,0,0,0,4.306494947369445,0,0,0,0,0,0,0,1.0,0.6859018811992571,0.4557558810640215,0.3164825439453125,1.0,3201.2044982910156,0.045806884765625,0.34332275390625,0.107421875,29.0,370.0,370.0
Q01001__clean,Q01001,0,,cdta.org,data/qr_images/Q01001.png,none,none,2,1,https://www.cdta.org/,opencv,exact,21,12,1,0,2,1,0,0,0.0,0,0,0,0,0,0,0,0,1,0,0,0,0,3.6178096843744547,0,0,0,0,0,0,0,1.0,0.6859377991919424,0.45706647041076975,0.31829833984375,1.0,2557.9224014282227,0.038074493408203125,0.457763671875,0.12109375,25.0,330.0,330.0
Q01002__clean,Q01002,0,,dxzone.com,data/qr_images/Q01002.png,none,none,5,1,http://www.dxzone.com/catalog/Internet_and_Radio/Online_Receivers/,opencv,exact,66,14,45,0,2,1,0,0,0.0,3,0,0,0,0,0,3,0,0,0,0,0,0,4.376892415596163,0,0,0,0,0,0,0,1.0,0.6454138662300858,0.46693763727434917,0.3512306213378906,1.0,4125.269645690918,0.060909271240234375,0.6103515625,0.08984375,37.0,450.0,450.0
Q01003__clean,Q01003,0,,linearprogramming.info,data/qr_images/Q01003.png,none,none,3,1,https://www.linearprogramming.info/,opencv_aruco,exact,35,26,1,0,2,1,0,0,0.0,0,0,0,0,0,0,0,0,1,0,0,0,0,4.050013373778756,0,0,0,0,0,0,0,1.0,0.6837102852615655,0.45666145301107025,0.31798553466796875,1.0,3116.525321960449,0.045238494873046875,0.5340576171875,0.107421875,29.0,370.0,370.0
Q01004__clean,Q01004,0,,savers.com,data/qr_images/Q01004.png,none,none,2,1,https://www.savers.com/,opencv,exact,23,14,1,0,2,1,0,0,0.0,0,0,0,0,0,0,0,0,1,0,0,0,0,3.7294461949052566,0,0,0,0,0,0,0,1.0,0.6822650385837928,0.45830428130943,0.321929931640625,1.0,2628.098030090332,0.03919219970703125,0.41961669921875,0.12109375,25.0,330.0,330.0
Q01005__clean,Q01005,0,,mtu.edu,data/qr_images/Q01005.png,none,none,4,1,http://www.csl.mtu.edu/cs4411.choi/www/Resource/chap11.pdf,opencv,exact,58,15,36,0,5,2,0,6,0.10344827586206896,0,0,0,0,0,0,4,0,0,0,0,0,0,4.189564512877429,0,0,0,0,0,0,0,1.0,0.6591283910414751,0.46407762918248097,0.337921142578125,1.0,3673.4370727539062,0.05358123779296875,0.64849853515625,0.09765625,33.0,410.0,410.0
Q01006__clean,Q01006,1,,diendicure.mk,data/qr_images/Q01006.png,none,none,3,1,http://diendicure.mk/css/cln90128hs/,opencv,exact,36,13,16,0,1,0,0,5,0.1388888888888889,0,0,0,0,0,0,2,0,0,0,0,0,0,4.249941238143318,0,0,0,0,0,0,0,1.0,0.6859001010071998,0.4558728792336208,0.3157958984375,1.0,3056.1821212768555,0.044521331787109375,0.6103515625,0.107421875,29.0,370.0,370.0
Q01007__clean,Q01007,1,,chiarabernardi.it,data/qr_images/Q01007.png,none,none,3,1,https://www.chiarabernardi.it/on/,opencv,exact,33,21,4,0,2,1,0,0,0.0,0,0,0,0,0,0,1,0,1,0,0,0,0,3.8997141947882312,0,0,0,0,0,0,0,1.0,0.6822501687442555,0.4573293829695381,0.3193550109863281,1.0,3076.450325012207,0.044830322265625,0.64849853515625,0.107421875,29.0,370.0,370.0
Q01008__clean,Q01008,1,,somee.com,data/qr_images/Q01008.png,none,none,3,1,http://googlefoundation.somee.com/google/,opencv,exact,41,26,8,0,2,1,0,0,0.0,0,0,0,0,0,0,1,0,0,0,0,0,0,3.875725480175073,0,0,0,0,0,0,0,1.0,0.6698319229425168,0.46215151381433633,0.3321533203125,1.0,3056.3935623168945,0.044521331787109375,0.34332275390625,0.107421875,29.0,370.0,370.0
Q01009__clean,Q01009,0,,mathworksheets4kids.com,data/qr_images/Q01009.png,none,none,4,1,https://www.mathworksheets4kids.com/number-lines.php,opencv,exact,52,27,17,0,3,1,1,1,0.019230769230769232,1,0,0,0,0,0,1,0,1,0,0,0,0,4.303724516543194,0,0,0,0,0,0,0,1.0,0.6638875026328891,0.4625523879095233,0.3332633972167969,1.0,3619.095375061035,0.052875518798828125,0.6103515625,0.09765625,33.0,410.0,410.0
Q01010__clean,Q01010,0,,gameflare.com,data/qr_images/Q01010.png,none,none,4,1,http://www.gameflare.com/online-game/traffic-collision-2/,opencv,exact,57,17,33,0,2,1,3,1,0.017543859649122806,3,0,0,0,0,0,2,0,0,0,0,0,0,4.238261014347528,0,0,0,0,0,0,0,1.0,0.6561531814874387,0.4657798974195494,0.3407135009765625,1.0,3455.546630859375,0.050373077392578125,0.5340576171875,0.09765625,33.0,410.0,410.0
Q01011__clean,Q01011,1,,duilawyeryork.com,data/qr_images/Q01011.png,none,none,8,1,https://www.secureupdate.appleld.com.duilawyeryork.com/ap/1756eb59153a96d/?cmd=_update&dispatch=1756eb59153a96d27&locale=_US,opencv,exact,124,46,20,49,5,4,0,24,0.1935483870967742,8,0,1,3,2,0,2,3,1,0,0,0,0,4.82562627895475,2,0,0,0,1,1,0,1.0,0.6152633517396217,0.4706399484098576,0.3842506408691406,1.0,5013.326934814453,0.07990646362304688,1.10626220703125,0.0703125,49.0,570.0,570.0
Q01012__clean,Q01012,1,,js-freedom.com,data/qr_images/Q01012.png,none,none,3,1,https://matchcom.js-freedom.com/,opencv,exact,32,23,1,0,2,1,1,0,0.0,1,0,0,0,0,0,0,0,1,0,0,0,0,3.9056390622295662,0,0,0,0,0,0,0,1.0,0.6902844148523667,0.45409457948633425,0.3115081787109375,1.0,3042.948387145996,0.044338226318359375,0.6866455078125,0.107421875,29.0,370.0,370.0
Q01013__clean,Q01013,0,,gayhotmovies.com,data/qr_images/Q01013.png,none,none,4,1,https://www.gayhotmovies.com/studio/4391/Icon-Male/,opencv,exact,51,20,23,0,2,1,1,4,0.0784313725490196,1,0,0,0,0,0,3,0,1,0,0,0,0,4.5228333717148175,0,0,0,0,0,0,0,1.0,0.6567476459577972,0.4649221398661293,0.3400840759277344,1.0,3673.1513595581055,0.053524017333984375,0.41961669921875,0.09765625,33.0,410.0,410.0
Q01014__clean,Q01014,0,,aeroversand.de,data/qr_images/Q01014.png,none,none,3,1,https://www.aeroversand.de/,opencv,exact,27,18,1,0,2,1,0,0,0.0,0,0,0,0,0,0,0,0,1,0,0,0,0,3.7821222241453056,0,0,0,0,0,0,0,1.0,0.694667531929764,0.45207223623496,0.3072624206542969,1.0,3165.898651123047,0.045612335205078125,0.5340576171875,0.107421875,29.0,370.0,370.0
Q01015__clean,Q01015,0,,slideserve.com,data/qr_images/Q01015.png,none,none,6,1,http://www.slideserve.com/ronli/software-as-a-service-saas-strategies-for-hosting-providers,opencv,exact,91,18,66,0,2,1,8,0,0.0,8,0,0,0,0,0,2,0,0,0,0,0,0,4.14101375736944,0,0,0,0,0,0,0,1.0,0.643050085329542,0.46683930892910414,0.3567848205566406,1.0,4880.229637145996,0.06813812255859375,0.762939453125,0.08203125,41.0,490.0,490.0
Q01016__clean,Q01016,0,,jewelrythatmatters.com,data/qr_images/Q01016.png,none,none,3,1,http://www.jewelrythatmatters.com/,opencv,exact,34,26,1,0,2,1,0,0,0.0,0,0,0,0,0,0,0,0,0,0,0,0,0,3.8221819586428727,0,0,0,0,0,0,0,1.0,0.6895529653511795,0.454321490007747,0.3124237060546875,1.0,3090.1476821899414,0.04506683349609375,0.57220458984375,0.107421875,29.0,370.0,370.0
Q01017__clean,Q01017,1,,webador.com,data/qr_images/Q01017.png,none,none,3,1,https://mailingshipauthbox.webador.com/,opencv,exact,39,30,1,0,2,1,0,0,0.0,0,0,0,0,0,0,0,0,1,0,0,0,0,4.297470808272997,0,0,0,0,0,0,0,1.0,0.6720228456983379,0.4611130979178271,0.3299674987792969,1.0,3125.003044128418,0.045654296875,0.5340576171875,0.107421875,29.0,370.0,370.0
Q01018__clean,Q01018,0,,ex-prom.ru,data/qr_images/Q01018.png,none,none,5,1,http://hentaimovies.ex-prom.ru/archive/index.php?n=25&id=113765,opencv,exact,63,23,18,14,3,1,1,8,0.12698412698412698,5,0,1,2,1,0,2,2,0,0,0,0,0,4.64015562258678,0,0,0,0,0,0,0,1.0,0.6414601643880208,0.4682534182000704,0.35448455810546875,1.0,4269.024971008301,0.0615386962890625,0.3814697265625,0.08984375,37.0,450.0,450.0
Q01019__clean,Q01019,0,,investorwords.com,data/qr_images/Q01019.png,none,none,4,1,http://www.investorwords.com/6409/automation.html,opencv,exact,49,21,21,0,3,1,0,4,0.08163265306122448,0,0,0,0,0,0,2,0,0,0,0,0,0,4.295746773031725,0,0,0,0,0,0,0,1.0,0.6531792584587546,0.4661542090301284,0.34357452392578125,1.0,3629.035957336426,0.0530242919921875,0.6103515625,0.09765625,33.0,410.0,410.0
Q01020__clean,Q01020,0,,wikimedia.org,data/qr_images/Q01020.png,none,none,4,1,https://commons.wikimedia.org/wiki/Category:Impact_events,opencv,exact,57,21,28,0,2,1,0,0,0.0,1,0,0,0,0,0,2,0,1,0,0,0,0,4.381503067617363,0,0,0,0,0,0,0,1.0,0.6692413778866039,0.4609519525146108,0.3282318115234375,1.0,3525.257881164551,0.051380157470703125,0.457763671875,0.09765625,33.0,410.0,410.0
Q01021__clean,Q01021,0,,microsoft.com,data/qr_images/Q01021.png,none,none,5,1,https://docs.microsoft.com/en-us/sql/ssms/sql-server-management-studio-ssms,opencv_aruco,exact,75,18,49,0,2,1,5,0,0.0,5,0,0,0,0,0,4,0,1,0,0,0,0,4.108475446206573,0,0,0,0,0,0,0,1.0,0.6641781077665441,0.460993796586204,0.3323097229003906,1.0,4155.063011169434,0.06027984619140625,0.80108642578125,0.08984375,37.0,450.0,450.0
Q01022__clean,Q01022,0,,trovit.com,data/qr_images/Q01022.png,none,none,2,1,https://www.trovit.com/,opencv,exact,23,14,1,0,2,1,0,0,0.0,0,0,0,0,0,0,0,0,1,0,0,0,0,3.5883543471732335,0,0,0,0,0,0,0,1.0,0.6942032458735448,0.4538223353352107,0.3089637756347656,1.0,2509.5611572265625,0.0371246337890625,0.34332275390625,0.12109375,25.0,330.0,330.0
Q01023__clean,Q01023,0,,freemake.com,data/qr_images/Q01023.png,none,none,5,1,http://www.freemake.com/blog/best-iphone-music-downloaders-to-get-free-tracks/,opencv,exact,78,16,55,0,2,1,7,0,0.0,7,0,0,0,0,0,2,0,0,0,0,0,0,4.34854757197808,0,0,0,0,0,0,0,1.0,0.6404759126551011,0.46826396519599545,0.3560600280761719,1.0,4309.668258666992,0.06255340576171875,0.3814697265625,0.08984375,37.0,450.0,450.0
Q01024__clean,Q01024,1,,moonfruit.com,data/qr_images/Q01024.png,none,none,3,1,http://casacivilcegovbr.moonfruit.com/,opencv,exact,38,30,1,0,2,1,0,0,0.0,0,0,0,0,0,0,0,0,0,0,0,0,0,4.188331131693838,0,0,0,0,0,0,0,1.0,0.6588735692641314,0.46598937259736783,0.3429985046386719,1.0,3072.1259841918945,0.04468536376953125,0.34332275390625,0.107421875,29.0,370.0,370.0
Q01025__clean,Q01025,1,,addressingtheunaddressedindiafoundation.com,data/qr_images/Q01025.png,none,none,5,1,http://www.addressingtheunaddressedindiafoundation.com/wp-admin/user/bankofamerica/,opencv,exact,83,47,29,0,2,1,1,0,0.0,1,0,0,0,0,0,3,0,0,0,0,0,0,4.23889214283912,1,0,0,0,0,0,1,1.0,0.6513399311140472,0.4650921387312412,0.34513092041015625,1.0,4212.807647705078,0.061466217041015625,0.64849853515625,0.08984375,37.0,450.0,450.0
Q01026__clean,Q01026,1,,gradshower.com,data/qr_images/Q01026.png,none,none,6,1,http://www.gradshower.com/wp-content/plugins/Update/bancor/ee57aa4f9275c41a3295c739f299a6b8/auth.php,opencv,exact,100,18,75,0,3,1,1,21,0.21,1,0,0,0,0,0,6,0,0,0,0,0,0,4.751530695602541,1,0,0,0,0,1,0,1.0,0.6355540705662147,0.4692909043560939,0.3642845153808594,1.0,4709.136688232422,0.06657028198242188,0.762939453125,0.08203125,41.0,490.0,490.0
Q01027__clean,Q01027,0,,smartenergysolutions.co.nz,data/qr_images/Q01027.png,none,none,3,1,https://smartenergysolutions.co.nz/,opencv,exact,35,26,1,0,2,0,0,0,0.0,0,0,0,0,0,0,0,0,1,0,0,0,0,4.093149802473811,0,0,0,0,0,0,0,1.0,0.6712918898638557,0.4614813011085125,0.3310890197753906,1.0,3030.2741622924805,0.044803619384765625,0.49591064453125,0.107421875,29.0,370.0,370.0
Q01028__clean,Q01028,1,,yanddcleaning.com.au,data/qr_images/Q01028.png,none,none,5,1,http://yanddcleaning.com.au/Bank%20of%20America/app/b48ed94bfcad237d835d4ad1d2be8041,opencv,exact,84,20,57,0,2,0,0,21,0.25,2,0,0,0,0,2,3,0,0,0,0,0,0,4.765779440837205,1,0,0,0,0,0,1,1.0,0.6404760024126839,0.46866032653544876,0.3553504943847656,1.0,4097.650917053223,0.060276031494140625,0.5340576171875,0.08984375,37.0,450.0,450.0
Q01029__clean,Q01029,1,,motomach3.cz,data/qr_images/Q01029.png,none,none,10,1,http://www.motomach3.cz/admin/Activation/cmd%3D_login-run%26dispatch%3D/PayPal/webscrcmd%3D_login-submit%26dispatch%3D5885d80a13c0db1ffc45dc241d84e9538c532da79baccf7c26f850d773643350/fr/,opencv,exact,186,16,163,0,2,1,2,50,0.26881720430107525,10,0,0,0,0,6,6,0,0,0,0,0,0,5.044006220356482,1,1,0,0,0,0,0,1.0,0.6085085850135953,0.4699083327589555,0.3896636962890625,1.0,6979.731132507324,0.09760665893554688,0.95367431640625,0.060546875,57.0,650.0,650.0
Q01030__clean,Q01030,1,,panelchidet.com,data/qr_images/Q01030.png,none,none,6,1,http://panelchidet.com/my%20og/wtf/pro/index.php?email=addieyarbrough@prepaidlegal.com,opencv,exact,86,15,26,37,3,0,0,2,0.023255813953488372,4,1,1,1,0,1,4,1,0,0,0,0,0,4.526077512292084,0,0,0,0,0,0,0,1.0,0.6393014346852022,0.4678172551885931,0.3612403869628906,1.0,4864.929504394531,0.06849288940429688,0.6103515625,0.08203125,41.0,490.0,490.0
Q01031__clean,Q01031,0,,nicasiabank.com,data/qr_images/Q01031.png,none,none,3,1,http://www.nicasiabank.com/,opencv,exact,27,19,1,0,2,1,0,0,0.0,0,0,0,0,0,0,0,0,0,0,0,0,0,3.85619629821938,1,0,0,0,0,0,1,1.0,0.6880927141974954,0.45506143821057843,0.3138313293457031,1.0,3057.5184478759766,0.0443572998046875,0.64849853515625,0.107421875,29.0,370.0,370.0
Q01032__clean,Q01032,1,,order2019.com,data/qr_images/Q01032.png,none,none,3,1,https://order2019.com/chat_image/auth/,opencv,exact,38,13,17,0,1,0,0,4,0.10526315789473684,1,0,0,0,0,0,2,0,1,0,0,0,0,4.218469211370855,0,0,0,0,0,0,0,1.0,0.6632554147757735,0.4644404851635438,0.33885955810546875,1.0,3068.8248291015625,0.0447998046875,0.34332275390625,0.107421875,29.0,370.0,370.0
Q01033__clean,Q01033,0,,latam.com,data/qr_images/Q01033.png,none,none,3,1,https://www.latam.com/es_cl/,opencv,exact,28,13,7,0,2,1,0,0,0.0,1,0,0,0,0,0,1,0,1,0,0,0,0,3.7534343861887858,0,0,0,0,0,0,0,1.0,0.6815182405359604,0.45736227822245323,0.320159912109375,1.0,3169.4409942626953,0.04599761962890625,0.41961669921875,0.107421875,29.0,370.0,370.0
Q01034__clean,Q01034,0,,dickssportinggoods.com,data/qr_images/Q01034.png,none,none,4,1,https://www.dickssportinggoods.com/f/ping-iron-sets,opencv,exact,51,26,17,0,2,1,2,0,0.0,2,0,0,0,0,0,2,0,1,0,0,0,0,4.101073077512327,0,0,0,0,0,0,0,1.0,0.6603149862850414,0.46359015075891935,0.3368034362792969,1.0,3683.4672088623047,0.053863525390625,0.49591064453125,0.09765625,33.0,410.0,410.0
Q01035__clean,Q01035,1,,automoves-halifax.com,data/qr_images/Q01035.png,none,none,3,1,http://www.automoves-halifax.com/,opencv,exact,33,25,1,0,2,1,1,0,0.0,1,0,0,0,0,0,0,0,0,0,0,0,0,4.142138437212473,0,0,0,0,0,0,0,1.0,0.6990451438754213,0.44999941715446,0.3025932312011719,1.0,3197.261199951172,0.046108245849609375,0.72479248046875,0.107421875,29.0,370.0,370.0
Q01036__clean,Q01036,0,,heritagedaily.com,data/qr_images/Q01036.png,none,none,4,1,http://www.heritagedaily.com/category/archaeology-news,opencv,exact,54,21,26,0,2,1,1,0,0.0,1,0,0,0,0,0,2,0,0,0,0,0,0,4.1809297529099325,0,0,0,0,0,0,0,1.0,0.6704315335142846,0.4604585480297503,0.3270530700683594,1.0,3461.377166748047,0.05121612548828125,0.5340576171875,0.09765625,33.0,410.0,410.0
Q01037__clean,Q01037,0,,openmodelica.org,data/qr_images/Q01037.png,none,none,3,1,https://openmodelica.org/home/consortium,opencv,exact,40,16,16,0,1,0,0,0,0.0,0,0,0,0,0,0,2,0,1,0,0,0,0,4.027567157116928,0,0,0,0,0,0,0,1.0,0.6778669619092754,0.4589411877228751,0.3241157531738281,1.0,3210.770263671875,0.04595184326171875,0.41961669921875,0.107421875,29.0,370.0,370.0
Q01038__clean,Q01038,1,,antz.co.in,data/qr_images/Q01038.png,none,none,3,1,http://www.antz.co.in/include/5hkl.html,opencv,exact,39,14,18,0,4,1,0,1,0.02564102564102564,0,0,0,0,0,0,2,0,0,0,0,0,0,4.079772731460867,0,0,0,0,0,0,0,1.0,0.6851680082433363,0.45612327532270736,0.31748199462890625,1.0,3090.2650833129883,0.04498291015625,0.5340576171875,0.107421875,29.0,370.0,370.0
Q01039__clean,Q01039,0,,unsw.co,data/qr_images/Q01039.png,none,none,2,1,https://www.unsw.co/,opencv,exact,20,11,1,0,2,1,0,0,0.0,0,0,0,0,0,0,0,0,1,0,0,0,0,3.384183719779189,0,0,0,0,0,0,0,1.0,0.7015487521302466,0.4506164098618134,0.3018455505371094,1.0,2494.1401748657227,0.03705596923828125,0.3814697265625,0.12109375,25.0,330.0,330.0
Q01040__clean,Q01040,1,,redwhite.tj,data/qr_images/Q01040.png,none,none,6,1,http://redwhite.tj/wp-includes/Text/Diff/Engine/slm/english%20newchn/newchn/index.php,opencv,exact,85,11,67,0,2,0,1,2,0.023529411764705882,2,0,0,0,0,1,8,0,0,0,0,0,0,4.339665389472057,0,0,0,0,0,0,0,1.0,0.6363856895297182,0.46877881548605976,0.3635749816894531,1.0,4828.5152587890625,0.06799697875976562,0.5340576171875,0.08203125,41.0,490.0,490.0
Q01041__clean,Q01041,1,,licogi18.com.vn,data/qr_images/Q01041.png,none,none,31,1,http://licogi18.com.vn/login.microsoftonline.com/login.php?tes.php?https://login.live.com/GetSessionState.srf?response_type=code&client_id=51483342-085c-4d86-bf88-cf50c7252078&scope=openid+profile+email+offline_access&response_mode=form_post&redirect_uri=https%3a%2f%2flogin.microsoftonline.com%2fcommon%2ffederation%2foauth2&state=rQIIAeNisNLLKCkpKLbS109Myc3M0ysoyi9JTS7JzM_Tyy8tycnPz9ZLzs_Vyy9Kz0wBsYqEuAQUN61SL7LY4N-7wPjWqz9ev2YxcsbnZJalguRXMWoSY6B-anKB_gVGxheMjJuY2H2dPOO9XSNPMDUfk7vFJOhflO6ZEl7slpqSWpQI0nmBReAVC48BsxUHB5sAowSDAsMPFsZFrECnTAo1qLmuZuK0OaTi9yltYYZTrPoF2flJ3mF5xZ5ubgbZfvmu5mmRptmpzmEmxvplAZYF5VU-FaFhZb4B2VXJtkZWhhPYhCawMZ1iY9jFSbzLAQ2&estsfed=1&uaid=27aab22138724fb08da033daeafc4afa&vaccess&response_mode=form_post&redirect_uri=https%3a%2f%2flogin.microsoftonline.com%2fcommon%2ffederation%2foauth2&state=rQIIAeNisNLLKCkpKLbS109Myc3M0ysoyi9JTS7JzM_Tyy8tycnPz9ZLzs_Vyy9Kz0wBsYqEuAQUN61SL7LY4N-7wPjWqz9ev2YxcsbnZJalguRXMWoSY6B-anKB_gVGxheMjJuY2H2dPOO9XSNPMDUfk7vFJOhflO6ZEl7slpqSWpQI0nmBReAVC48BsxUHB5sAowSDAsMPFsZFrECnTAo1qLmuZuK0OaTi9yltYYZTrPoF2flJ3mF5xZ5ubgbZfvmu5mmRptmpzmEmxvplAZYF5VU-FaFhZb4B2VXJtkZWhhPYhCawMZ1iY9jFSbzLAQ2&estsfed=1&uaid=27aab22138724fb08da033daeafc4afa&vv=1600&mkt=EN-US&lc=1033&emailcmd=login_submit&id=bf851291196d497a5bd64847085f5603bf851291196d497a5bd64847085f5603&session=bf851291196d497a5bd64847085f5603bf851291196d497a5bd64847085f5603,opencv,exact,1386,15,36,1327,13,0,11,269,0.19408369408369408,83,0,3,19,19,12,2,20,0,0,0,0,0,5.854047373748284,1,1,0,0,0,0,0,1.0,0.5485315659466912,0.45243978223635467,0.4500694274902344,1.0,20473.777641296387,0.23405075073242188,3.96728515625,0.02734375,141.0,1490.0,1490.0
Q01042__clean,Q01042,0,,optus.com.au,data/qr_images/Q01042.png,none,none,4,1,http://www.optus.com.au/shop/broadband/mobile-broadband,opencv,exact,55,16,32,0,3,1,1,0,0.0,1,0,0,0,0,0,3,0,0,0,0,0,0,4.156664323773909,0,0,0,0,0,0,0,1.0,0.6448495902267157,0.46881394213580757,0.3521842956542969,1.0,3652.898193359375,0.053295135498046875,0.41961669921875,0.09765625,33.0,410.0,410.0
Q01043__clean,Q01043,1,,redeabreu.com.br,data/qr_images/Q01043.png,none,none,6,1,http://redeabreu.com.br/wp-includes/painel-de-controle-clientes/home/painelprincipal/,opencv,exact,85,16,62,0,2,0,4,0,0.0,4,0,0,0,0,0,4,0,0,0,0,0,0,4.1538791628699565,0,0,0,0,0,0,0,1.0,0.6542951247271369,0.46352854502371565,0.3452262878417969,1.0,4644.754592895508,0.06597137451171875,0.80108642578125,0.08203125,41.0,490.0,490.0
Q01044__clean,Q01044,1,,topfoodseafood.com,data/qr_images/Q01044.png,none,none,5,1,http://topfoodseafood.com/aspnet_client/system_web/4_0_30319/paypal,opencv,exact,67,18,42,0,1,0,0,7,0.1044776119402985,4,0,0,0,0,0,4,0,0,0,0,0,0,4.398199549236065,0,0,0,0,0,0,0,1.0,0.6483752830355776,0.4663679241416561,0.347930908203125,1.0,4146.6640548706055,0.06005096435546875,0.57220458984375,0.08984375,37.0,450.0,450.0
Q01045__clean,Q01045,1,,qiein.com,data/qr_images/Q01045.png,none,none,3,1,https://liuyunhuan.qiein.com/plugins,opencv,exact,36,20,8,0,2,1,0,0,0.0,0,0,0,0,0,0,1,0,1,0,0,0,0,4.037844793048881,0,0,0,0,0,0,0,1.0,0.6815172382429534,0.4576310951669863,0.3202095031738281,1.0,3129.6579055786133,0.045024871826171875,0.457763671875,0.107421875,29.0,370.0,370.0
Q01046__clean,Q01046,0,,cnc-club.ru,data/qr_images/Q01046.png,none,none,3,1,http://www.cnc-club.ru/forum/index.php,opencv,exact,38,15,16,0,3,1,1,0,0.0,1,0,0,0,0,0,2,0,0,0,0,0,0,4.201231789474708,0,0,0,0,0,0,0,1.0,0.6778650022020527,0.4591757198662817,0.324249267578125,1.0,3065.6109008789062,0.04438018798828125,0.5340576171875,0.107421875,29.0,370.0,370.0
Q01047__clean,Q01047,0,,ubalt.edu,data/qr_images/Q01047.png,none,none,4,1,http://home.ubalt.edu/ntsbarsh/ErrorTypes.pdf,opencv,exact,45,14,24,0,3,1,0,0,0.0,0,0,0,0,0,0,2,0,0,0,0,0,0,4.207976707200401,0,0,0,0,0,0,0,1.0,0.6531789143880208,0.4665794082662047,0.3432121276855469,1.0,3489.369659423828,0.051120758056640625,0.5340576171875,0.09765625,33.0,410.0,410.0
Q01048__clean,Q01048,0,,fantasycastlebooks.com,data/qr_images/Q01048.png,none,none,5,1,http://fantasycastlebooks.com/Tutorials/device-display-resolution.html,opencv,exact,70,22,41,0,2,0,2,0,0.0,2,0,0,0,0,0,2,0,0,0,0,0,0,4.377208689600764,0,0,0,0,0,0,0,1.0,0.6404757929783241,0.46848435788333803,0.3560752868652344,1.0,4102.686813354492,0.06072998046875,0.6103515625,0.08984375,37.0,450.0,450.0
Q01049__clean,Q01049,0,,newsnow.co.uk,data/qr_images/Q01049.png,none,none,4,1,http://www.newsnow.co.uk/h/Science/Archaeology,opencv,exact,46,17,22,0,3,1,0,0,0.0,0,0,0,0,0,0,3,0,0,0,0,0,0,4.14347622876649,0,0,0,0,0,0,0,1.0,0.6531778821758195,0.4660507602358578,0.3438758850097656,1.0,3744.779716491699,0.054012298583984375,0.3814697265625,0.09765625,33.0,410.0,410.0
Q01050__clean,Q01050,0,,payscale.com,data/qr_images/Q01050.png,none,none,5,1,http://www.payscale.com/research/US/Job=Network_Architect/Salary,opencv,exact,64,16,41,0,2,1,0,0,0.0,2,0,0,1,0,0,4,0,0,0,0,0,0,4.389566369049407,0,0,0,0,0,0,0,1.0,0.6582522822361366,0.46347616019460547,0.33782958984375,1.0,4038.9506607055664,0.058383941650390625,0.6103515625,0.08984375,37.0,450.0,450.0
Q01051__clean,Q01051,1,,digitaloceanspaces.com,data/qr_images/Q01051.png,none,none,4,1,https://documentos.sfo2.digitaloceanspaces.com/ordem.html,opencv,exact,57,38,11,0,4,2,0,1,0.017543859649122806,0,0,0,0,0,0,1,0,1,0,0,0,0,4.166333549959635,0,0,0,0,0,0,0,1.0,0.6543677685307522,0.4656356754905527,0.3423805236816406,1.0,3677.494987487793,0.053836822509765625,0.457763671875,0.09765625,33.0,410.0,410.0
Q01052__clean,Q01052,0,,dewilgo.de,data/qr_images/Q01052.png,none,none,2,1,https://www.dewilgo.de/,opencv,exact,23,14,1,0,2,1,0,0,0.0,0,0,0,0,0,0,0,0,1,0,0,0,0,3.6211755429194716,0,0,0,0,0,0,0,1.0,0.6914447560029872,0.45463915695248525,0.3121681213378906,1.0,2600.418357849121,0.0386962890625,0.3814697265625,0.12109375,25.0,330.0,330.0
Q01053__clean,Q01053,1,,impsa.com.mx,data/qr_images/Q01053.png,none,none,3,1,http://www.impsa.com.mx/webmail/index.php,opencv,exact,41,16,18,0,4,1,0,0,0.0,0,0,0,0,0,0,2,0,0,0,0,0,0,4.022066943589707,0,0,0,0,0,0,0,1.0,0.7034305946499694,0.4484818791883649,0.2984504699707031,1.0,3075.9541931152344,0.04421234130859375,0.64849853515625,0.107421875,29.0,370.0,370.0
Q01054__clean,Q01054,1,,brfbadssecrsavrdskl.my.id,data/qr_images/Q01054.png,none,none,3,1,http://brfbadssecrsavrdskl.my.id/,opencv,exact,33,25,1,0,2,0,0,0,0.0,0,0,0,0,0,0,0,0,0,0,0,0,0,4.1272831343132905,0,0,0,0,0,0,0,1.0,0.6902816772460938,0.4540850636123067,0.3120155334472656,1.0,3019.917236328125,0.044200897216796875,0.57220458984375,0.107421875,29.0,370.0,370.0
Q01055__clean,Q01055,1,,sierragaragedoors.pro,data/qr_images/Q01055.png,none,none,11,1,http://sierragaragedoors.pro/wp-content/themes/123_parent/newnatred/1/index2.php?bidderblocklogin&hc=1&hm=uk%601d72f%20j2b2vi<265bidderblocklogin&hc=1&hm=uk%601d72f%20j2b2vi<265bidderblocklogin&hc=1&hm=uk%601d72f%20j2b2vi<265,opencv,exact,225,21,52,144,2,0,1,44,0.19555555555555557,24,0,1,6,6,6,6,7,0,0,0,0,0,5.012688733573184,1,1,0,0,0,0,0,1.0,0.5933670642329197,0.47225033542653677,0.4057273864746094,1.0,7779.900917053223,0.10518264770507812,1.18255615234375,0.05859375,61.0,690.0,690.0
Q01056__clean,Q01056,1,,campisicorradomichele.com,data/qr_images/Q01056.png,none,none,4,1,http://www.campisicorradomichele.com/public/_vti_cnf/mo.php,opencv,exact,59,29,23,0,3,1,0,0,0.0,2,0,0,0,0,0,3,0,0,0,0,0,0,4.266401584339953,0,0,0,0,0,0,0,1.0,0.6591259825463388,0.46387650634405303,0.33821868896484375,1.0,3740.7513122558594,0.0544891357421875,0.72479248046875,0.09765625,33.0,410.0,410.0
Q01057__clean,Q01057,1,,filetransfer.io,data/qr_images/Q01057.png,none,none,4,1,https://filetransfer.io/data-package/J1D4h9C3,opencv,exact,45,15,22,0,1,0,1,4,0.08888888888888889,1,0,0,0,0,0,2,0,1,0,0,0,0,4.505974696849668,0,0,0,0,0,0,0,1.0,0.6638866050570619,0.4625623896012888,0.3332252502441406,1.0,3558.748359680176,0.052440643310546875,0.72479248046875,0.09765625,33.0,410.0,410.0
Q01058__clean,Q01058,1,,bit.do,data/qr_images/Q01058.png,none,none,2,1,http://bit.do/fz2Es,opencv,exact,19,6,6,0,1,0,0,1,0.05263157894736842,0,0,0,0,0,0,1,0,0,0,0,0,0,3.7474130395316396,0,0,0,0,0,0,0,1.0,0.685939115636489,0.456965968943547,0.3180198669433594,1.0,2601.5860900878906,0.038562774658203125,0.30517578125,0.12109375,25.0,330.0,330.0
Q01059__clean,Q01059,0,,behance.net,data/qr_images/Q01059.png,none,none,5,1,https://www.behance.net/gallery/18397287/ANATOMY-OF-A-TYPEFACE-POSTER-%28free-download%29,opencv,exact,89,15,66,0,2,1,6,12,0.1348314606741573,8,0,0,0,0,2,3,0,1,0,0,0,0,5.088956150038737,0,0,0,0,0,0,0,1.0,0.6493640076880361,0.4657138969905933,0.3476219177246094,1.0,4111.509857177734,0.0608367919921875,0.6103515625,0.08984375,37.0,450.0,450.0
Q01060__clean,Q01060,1,,desdeelamor.com,data/qr_images/Q01060.png,none,none,5,1,http://desdeelamor.com/wp-includes/SimplePie/Parse/hd/demx/index.php,opencv,exact,68,15,46,0,2,0,1,0,0.0,1,0,0,0,0,0,6,0,0,0,0,0,0,4.206383385393942,0,0,0,0,0,0,0,1.0,0.6464014838723575,0.46710522002309013,0.3506126403808594,1.0,4034.318489074707,0.05914306640625,0.6103515625,0.08984375,37.0,450.0,450.0
Q01061__clean,Q01061,1,,teknik-bilgi.com,data/qr_images/Q01061.png,none,none,4,1,http://teknik-bilgi.com/wp-content/modules/,opencv,exact,43,16,20,0,1,0,2,0,0.0,2,0,0,0,0,0,2,0,0,0,0,0,0,4.164896592899132,0,0,0,0,0,0,0,1.0,0.6579403596765855,0.4646546147769013,0.3393096923828125,1.0,3622.48291015625,0.05271148681640625,0.72479248046875,0.09765625,33.0,410.0,410.0
Q01062__clean,Q01062,1,,net2care.com,data/qr_images/Q01062.png,none,none,5,1,http://rencon.ch.net2care.com/https//admin.hostpoint.ch/024b107bf11224c40000,opencv,exact,76,22,47,0,5,2,0,17,0.2236842105263158,0,0,0,0,0,0,3,0,0,0,0,0,1,4.3001738173995285,0,0,0,0,0,0,0,1.0,0.661214536779067,0.4623930367347294,0.3353080749511719,1.0,4002.83992767334,0.058254241943359375,0.91552734375,0.08984375,37.0,450.0,450.0
Q01063__clean,Q01063,1,,powr.io,data/qr_images/Q01063.png,none,none,5,1,https://www.powr.io/plugins/form-builder/view/23439616?mode=page,opencv,exact,64,11,35,9,2,1,1,8,0.125,3,0,1,1,0,0,4,1,1,0,0,0,0,4.689464015923012,0,0,0,0,0,0,0,1.0,0.665168851964614,0.4610838452838006,0.3319282531738281,1.0,4047.525001525879,0.0583953857421875,0.64849853515625,0.08984375,37.0,450.0,450.0
Q01064__clean,Q01064,1,,impotspublicservice.com,data/qr_images/Q01064.png,none,none,5,1,https://www.impotspublicservice.com/1b29135e09b339865c5b33a2f5370692/info.php,opencv,exact,77,27,42,0,3,1,0,25,0.3246753246753247,0,0,0,0,0,0,2,0,1,0,0,0,0,4.703103060254539,0,0,0,0,0,0,0,1.0,0.6582515342562807,0.46283710213853607,0.338409423828125,1.0,4143.098304748535,0.06085968017578125,0.6866455078125,0.08984375,37.0,450.0,450.0
Q01065__clean,Q01065,1,,annuaire-opticien.com,data/qr_images/Q01065.png,none,none,3,1,http://annuaire-opticien.com/life,opencv,exact,33,21,5,0,1,0,1,0,0.0,1,0,0,0,0,0,1,0,0,0,0,0,0,3.98319563424773,0,0,0,0,0,0,0,1.0,0.6902842502967984,0.4539814053647888,0.311859130859375,1.0,3154.306083679199,0.045436859130859375,0.57220458984375,0.107421875,29.0,370.0,370.0
Q01066__clean,Q01066,1,,mowitos.info,data/qr_images/Q01066.png,none,none,4,1,https://mowitos.info/netzero.net/index.html,opencv,exact,43,12,23,0,3,0,0,0,0.0,0,0,0,0,0,0,2,0,1,0,0,0,0,3.960693824268287,0,0,0,0,0,0,0,1.0,0.6567481994628906,0.46551762054657225,0.3403739929199219,1.0,3525.9728240966797,0.050884246826171875,0.49591064453125,0.09765625,33.0,410.0,410.0
Q01067__clean,Q01067,0,,cigars-of-cuba.com,data/qr_images/Q01067.png,none,none,3,1,https://www.cigars-of-cuba.com/,opencv,exact,31,22,1,0,2,1,2,0,0.0,2,0,0,0,0,0,0,0,1,0,0,0,0,4.106949132758152,0,0,0,0,0,0,0,1.0,0.6749441408643535,0.45998896257687966,0.3267669677734375,1.0,3119.235626220703,0.045520782470703125,0.3814697265625,0.107421875,29.0,370.0,370.0
Q01068__clean,Q01068,0,,docontherun.com,data/qr_images/Q01068.png,none,none,3,1,https://www.docontherun.com/,opencv,exact,28,19,1,0,2,1,0,0,0.0,0,0,0,0,0,0,0,0,1,0,0,0,0,3.8423709931771084,0,0,0,0,0,0,0,1.0,0.6742144416360294,0.4601680604070364,0.3278617858886719,1.0,3223.537178039551,0.046382904052734375,0.41961669921875,0.107421875,29.0,370.0,370.0
Q01069__clean,Q01069,0,,hojmark.dk,data/qr_images/Q01069.png,none,none,2,1,https://www.hojmark.dk/,opencv,exact,23,14,1,0,2,1,0,0,0.0,0,0,0,0,0,0,0,0,1,0,0,0,0,3.7622673906514947,0,0,0,0,0,0,0,1.0,0.6932816150141697,0.45377594010048716,0.3105506896972656,1.0,2616.0813369750977,0.0390777587890625,0.5340576171875,0.12109375,25.0,330.0,330.0
Q01070__clean,Q01070,0,,germaniainternational.com,data/qr_images/Q01070.png,none,none,4,1,http://www.germaniainternational.com/luft20.html,opencv,exact,48,29,12,0,3,1,0,2,0.041666666666666664,0,0,0,0,0,0,1,0,0,0,0,0,0,4.167481250360579,0,0,0,0,0,0,0,1.0,0.6799514172123927,0.456559617338183,0.3168678283691406,1.0,3561.7927856445312,0.052337646484375,0.57220458984375,0.09765625,33.0,410.0,410.0
Q01071__clean,Q01071,1,,east38.com,data/qr_images/Q01071.png,none,none,4,1,http://www.east38.com/content/102/shippingdoc.htm?check=3,opencv,exact,57,14,28,7,3,1,0,6,0.10526315789473684,2,0,1,1,0,0,3,1,0,0,0,0,0,4.372216663880856,0,0,0,0,0,0,0,1.0,0.6591280768899357,0.46413111416431907,0.33788299560546875,1.0,3598.498748779297,0.053020477294921875,0.49591064453125,0.09765625,33.0,410.0,410.0
Q01072__clean,Q01072,0,,aikido.org.au,data/qr_images/Q01072.png,none,none,2,1,https://www.aikido.org.au/,opencv,exact,26,17,1,0,3,1,0,0,0.0,0,0,0,0,0,0,0,0,1,0,0,0,0,3.8441065448145375,0,0,0,0,0,0,0,1.0,0.6914499320235907,0.4551381595589463,0.3121490478515625,1.0,2420.209671020508,0.036121368408203125,0.457763671875,0.12109375,25.0,330.0,330.0
Q01073__clean,Q01073,1,,i-m.mx,data/qr_images/Q01073.png,none,none,3,1,http://www.i-m.mx/webid/Webid/,opencv,exact,30,10,13,0,2,1,1,0,0.0,1,0,0,0,0,0,2,0,0,0,0,0,0,3.6947396630551754,0,0,0,0,0,0,0,1.0,0.681515936758004,0.45742492866263385,0.3201332092285156,1.0,3109.0352630615234,0.0453948974609375,0.49591064453125,0.107421875,29.0,370.0,370.0
Q01074__clean,Q01074,0,,cnn.com,data/qr_images/Q01074.png,none,none,5,1,http://edition.cnn.com/2010/TECH/ptech/03/17/sxsw.foursquare.gowalla/,opencv,exact,69,15,47,0,4,1,0,8,0.11594202898550725,0,0,0,0,0,0,6,0,0,0,0,0,0,4.701877354952637,0,0,0,0,0,0,0,1.0,0.6483770333084405,0.4662489744606581,0.34881591796875,1.0,4128.5737228393555,0.060337066650390625,0.5340576171875,0.08984375,37.0,450.0,450.0
Q01075__clean,Q01075,0,,crimescene-forensics.com,data/qr_images/Q01075.png,none,none,4,1,http://www.crimescene-forensics.com/Fingerprints.html,opencv_aruco,exact,53,28,18,0,3,1,1,0,0.0,1,0,0,0,0,0,1,0,0,0,0,0,0,4.131143275636959,0,0,0,0,0,0,0,1.0,0.6472268347646676,0.46797750951575284,0.350189208984375,1.0,3707.328628540039,0.05385589599609375,0.41961669921875,0.09765625,33.0,410.0,410.0
Q01076__clean,Q01076,0,,onepa.sg,data/qr_images/Q01076.png,none,none,2,1,https://www.onepa.sg/,opencv,exact,21,12,1,0,2,1,0,0,0.0,0,0,0,0,0,0,0,0,1,0,0,0,0,3.5585186130489057,0,0,0,0,0,0,0,1.0,0.6978754978553922,0.452163417553817,0.30615234375,1.0,2562.708709716797,0.0376434326171875,0.5340576171875,0.12109375,25.0,330.0,330.0
Q01077__clean,Q01077,0,,thebodyguardmusical.com,data/qr_images/Q01077.png,none,none,3,1,http://www.thebodyguardmusical.com/,opencv,exact,35,27,1,0,2,1,0,0,0.0,0,0,0,0,0,0,0,0,0,0,0,0,0,4.264578373902382,0,0,0,0,0,0,0,1.0,0.6990472980574065,0.45032667766446816,0.30233001708984375,1.0,3082.2283325195312,0.0446624755859375,0.6103515625,0.107421875,29.0,370.0,370.0
Q01078__clean,Q01078,0,,sciencebuddies.org,data/qr_images/Q01078.png,none,none,5,1,http://www.sciencebuddies.org/Files/2081/5/PopsicleBridgeBlueprint_smaller.pdf,opencv,exact,78,22,49,0,3,1,0,5,0.0641025641025641,1,0,0,0,0,0,4,0,0,0,0,0,0,4.6026024628855655,0,0,0,0,0,0,0,1.0,0.6651668024998085,0.4606642937752125,0.331787109375,1.0,4167.420944213867,0.06027984619140625,0.72479248046875,0.08984375,37.0,450.0,450.0
Q01079__clean,Q01079,0,,newworldencyclopedia.org,data/qr_images/Q01079.png,none,none,4,1,http://www.newworldencyclopedia.org/entry/Gettysburg_Address,opencv,exact,60,28,25,0,2,1,0,0,0.0,1,0,0,0,0,0,2,0,0,0,0,0,0,4.317586488336998,0,0,0,0,0,0,0,1.0,0.67697379916322,0.45811074650063843,0.31992340087890625,1.0,3529.9647827148438,0.051219940185546875,0.6103515625,0.09765625,33.0,410.0,410.0
Q01080__clean,Q01080,0,,unep-wcmc.org,data/qr_images/Q01080.png,none,none,2,1,https://www.unep-wcmc.org/,opencv,exact,26,17,1,0,2,1,1,0,0.0,1,0,0,0,0,0,0,0,1,0,0,0,0,3.902174814211727,0,0,0,0,0,0,0,1.0,0.7006314146752451,0.4511089810944549,0.3030433654785156,1.0,2430.896858215332,0.03632354736328125,0.457763671875,0.12109375,25.0,330.0,330.0
Q01081__clean,Q01081,1,,applmanager.com,data/qr_images/Q01081.png,none,none,5,1,http://paypal-verification.applmanager.com/customer_center/user-455331/,opencv,exact,71,35,29,0,2,1,2,6,0.08450704225352113,3,0,0,0,0,0,2,0,0,0,0,0,0,4.481047655912358,1,0,0,0,0,0,0,1.0,0.6463999280742571,0.46680752487695454,0.3501701354980469,1.0,4103.597473144531,0.060268402099609375,0.49591064453125,0.08984375,37.0,450.0,450.0
Q01082__clean,Q01082,0,,srnonline.com,data/qr_images/Q01082.png,none,none,3,1,http://www.srnonline.com/show-clocks,opencv,exact,36,17,12,0,2,1,1,0,0.0,1,0,0,0,0,0,1,0,0,0,0,0,0,3.9749375012019263,0,0,0,0,0,0,0,1.0,0.6603338802562041,0.46545166691672163,0.34166717529296875,1.0,2984.699981689453,0.0442352294921875,0.3814697265625,0.107421875,29.0,370.0,370.0
Q01083__clean,Q01083,0,,markus-oehler.it,data/qr_images/Q01083.png,none,none,3,1,http://www.markus-oehler.it/,opencv,exact,28,20,1,0,2,1,1,0,0.0,1,0,0,0,0,0,0,0,0,0,0,0,0,4.01218840396866,0,0,0,0,0,0,0,1.0,0.6844407923081341,0.4565047644005597,0.3174629211425781,1.0,3004.8049392700195,0.04425048828125,0.6103515625,0.107421875,29.0,370.0,370.0
Q01084__clean,Q01084,1,,netlify.app,data/qr_images/Q01084.png,none,none,4,1,http://friendly-stonebraker-12bd85.netlify.app/,opencv,exact,47,39,1,0,2,1,2,4,0.0851063829787234,2,0,0,0,0,0,0,0,0,0,0,0,0,4.4265133195786195,0,0,0,0,0,0,0,1.0,0.6745937870998009,0.458589255869971,0.3224296569824219,1.0,3675.4633712768555,0.05342864990234375,0.57220458984375,0.09765625,33.0,410.0,410.0
Q01085__clean,Q01085,0,,madehow.com,data/qr_images/Q01085.png,none,none,4,1,http://www.madehow.com/Volume-1/Compact-Disc.html,opencv,exact,49,15,27,0,3,1,2,1,0.02040816326530612,2,0,0,0,0,0,2,0,0,0,0,0,0,4.229519987361591,0,0,0,0,0,0,0,1.0,0.6668607225605085,0.46170287255807585,0.3303718566894531,1.0,3635.6041107177734,0.052425384521484375,0.457763671875,0.09765625,33.0,410.0,410.0
Q01086__clean,Q01086,0,,nbcsports.com,data/qr_images/Q01086.png,none,none,3,1,http://www.nbcsports.com/tv-listings,opencv,exact,36,17,12,0,2,1,1,0,0.0,1,0,0,0,0,0,1,0,0,0,0,0,0,4.027719015921097,0,0,0,0,0,0,0,1.0,0.6946641959396063,0.45204576274481023,0.307373046875,1.0,3069.3056259155273,0.045101165771484375,0.72479248046875,0.107421875,29.0,370.0,370.0
Q01087__clean,Q01087,1,,xn--blockchin-c2d.com,data/qr_images/Q01087.png,none,none,3,1,http://staging.dev.xn--blockchin-c2d.com/,opencv,exact,41,33,1,0,3,2,3,1,0.024390243902439025,3,0,0,0,0,0,0,0,0,0,1,0,0,4.338663284842051,0,0,0,0,0,0,0,1.0,0.693203301523246,0.45281715324724414,0.30828857421875,1.0,3150.161003112793,0.045246124267578125,0.57220458984375,0.107421875,29.0,370.0,370.0
Q01088__clean,Q01088,0,,fogartywinery.com,data/qr_images/Q01088.png,none,none,3,1,http://www.fogartywinery.com/provenance/,opencv,exact,40,21,12,0,2,1,0,0,0.0,0,0,0,0,0,0,1,0,0,0,0,0,0,4.077567157116928,0,0,0,0,0,0,0,1.0,0.6807879130045573,0.4580437246543833,0.321044921875,1.0,3083.250343322754,0.044475555419921875,0.49591064453125,0.107421875,29.0,370.0,370.0
Q01089__clean,Q01089,0,,aakb.dk,data/qr_images/Q01089.png,none,none,2,1,https://www.aakb.dk/,opencv,exact,20,11,1,0,2,1,0,0,0.0,0,0,0,0,0,0,0,0,1,0,0,0,0,3.4464393446710146,0,0,0,0,0,0,0,1.0,0.7061398076076134,0.44852902828531305,0.2975425720214844,1.0,2494.4167556762695,0.0369873046875,0.5340576171875,0.12109375,25.0,330.0,330.0
Q01090__clean,Q01090,1,,conyers.org,data/qr_images/Q01090.png,none,none,5,1,https://conyers.org/made-in-china.com/sign-in/mades/mades/login.php,opencv,exact,67,11,48,0,3,0,3,0,0.0,3,0,0,0,0,0,5,0,1,0,0,0,0,4.16064511698392,1,1,0,0,0,0,0,1.0,0.6631880965887331,0.4617295238751297,0.33289337158203125,1.0,4029.8588333129883,0.0586090087890625,0.64849853515625,0.08984375,37.0,450.0,450.0
Q01091__clean,Q01091,1,,blogspot.be,data/qr_images/Q01091.png,none,none,4,1,http://paypal-support-help-inc.blogspot.be/?REDACTED,opencv,exact,52,35,1,8,2,1,3,0,0.0,4,0,1,0,0,0,0,1,0,0,0,0,0,4.4952275169284555,0,0,0,0,0,0,0,1.0,0.6793531380447687,0.45667906466765024,0.31687164306640625,1.0,3675.2924575805664,0.0535125732421875,0.6103515625,0.09765625,33.0,410.0,410.0
Q01092__clean,Q01092,0,,gbo-service.in.ua,data/qr_images/Q01092.png,none,none,2,1,http://gbo-service.in.ua,opencv,exact,24,17,0,0,2,0,1,0,0.0,1,0,0,0,0,0,0,0,0,0,0,0,0,4.16829583405449,0,0,0,0,0,0,0,1.0,0.6987955579570696,0.4517291267456598,0.3050689697265625,1.0,2471.9423446655273,0.037181854248046875,0.3814697265625,0.12109375,25.0,330.0,330.0
Q01093__clean,Q01093,1,,caritas.pl,data/qr_images/Q01093.png,none,none,4,1,http://migranci.caritas.pl/plugins/search/js/,opencv,exact,45,19,19,0,2,1,0,0,0.0,0,0,0,0,0,0,3,0,0,0,0,0,0,3.9689792071523238,0,0,0,0,0,0,0,1.0,0.6638863357843138,0.4624342903715798,0.3326530456542969,1.0,3665.8351974487305,0.0535430908203125,0.6866455078125,0.09765625,33.0,410.0,410.0
Q01094__clean,Q01094,1,,amv.org.mx,data/qr_images/Q01094.png,none,none,4,1,http://amv.org.mx/royalslider/skins/info.php,opencv,exact,44,10,27,0,3,0,0,0,0.0,0,0,0,0,0,0,3,0,0,0,0,0,0,4.2744551302868965,0,0,0,0,0,0,0,1.0,0.6739993824678309,0.4587404100070432,0.32250213623046875,1.0,3622.2774658203125,0.053157806396484375,0.49591064453125,0.09765625,33.0,410.0,410.0
Q01095__clean,Q01095,1,,imgbox.com,data/qr_images/Q01095.png,none,none,4,1,http://images2.imgbox.com/cf/29/yD1aZyU5_o.png,opencv,exact,46,18,21,0,3,1,0,5,0.10869565217391304,1,0,0,0,0,0,3,0,0,0,0,0,0,4.553362162946345,0,0,0,0,0,0,0,1.0,0.6745956121706496,0.4588143495287368,0.3233299255371094,1.0,3551.14591217041,0.052066802978515625,0.6103515625,0.09765625,33.0,410.0,410.0
Q01096__clean,Q01096,0,,dizzystreams.com,data/qr_images/Q01096.png,none,none,3,1,http://www.dizzystreams.com/,opencv,exact,28,20,1,0,2,1,0,0,0.0,0,0,0,0,0,0,0,0,0,0,0,0,0,4.01218840396866,0,0,0,0,0,0,0,1.0,0.6829791947907092,0.45719865972233303,0.3190155029296875,1.0,2952.9005813598633,0.043453216552734375,0.5340576171875,0.107421875,29.0,370.0,370.0
Q01097__clean,Q01097,0,,pdx.edu,data/qr_images/Q01097.png,none,none,5,1,http://web.cecs.pdx.edu/~walpole/class/cs333/fall2012/slides/17.pdf,opencv,exact,67,16,44,0,4,2,0,9,0.13432835820895522,1,0,0,0,0,0,6,0,0,0,0,0,0,4.302821048854524,0,0,0,0,0,0,0,1.0,0.6498554753322228,0.4663265052953166,0.3468475341796875,1.0,4000.1564178466797,0.058094024658203125,0.41961669921875,0.08984375,37.0,450.0,450.0
Q01098__clean,Q01098,0,,acsportsacademy.com,data/qr_images/Q01098.png,none,none,3,1,https://www.acsportsacademy.com/,opencv,exact,32,23,1,0,2,1,0,0,0.0,0,0,0,0,0,0,0,0,1,0,0,0,0,3.8584585933443494,0,0,0,0,0,0,0,1.0,0.6749449935613894,0.46022170448512445,0.3267059326171875,1.0,2991.410484313965,0.04412078857421875,0.3814697265625,0.107421875,29.0,370.0,370.0
Q01099__clean,Q01099,1,,pifighter.com,data/qr_images/Q01099.png,none,none,4,1,http://www.wpischedbend.pifighter.com/points.php/?email=,opencv,exact,56,30,12,6,4,2,0,0,0.0,2,0,1,1,0,0,1,1,0,0,0,0,0,4.251651074222538,0,0,0,0,0,0,0,1.0,0.6757858425963159,0.45833261486060933,0.32154083251953125,1.0,3624.0712814331055,0.052394866943359375,0.72479248046875,0.09765625,33.0,410.0,410.0
Q01100__clean,Q01100,0,,appshopper.com,data/qr_images/Q01100.png,none,none,3,1,http://appshopper.com/travel/icon-parking,opencv,exact,41,14,20,0,1,0,1,0,0.0,1,0,0,0,0,0,2,0,0,0,0,0,0,4.0763489555209915,0,0,0,0,0,0,0,1.0,0.6932024787454044,0.45280382573324757,0.3089637756347656,1.0,3094.100746154785,0.0447998046875,0.5340576171875,0.107421875,29.0,370.0,370.0
Q01101__clean,Q01101,1,,poolscalifornia.top,data/qr_images/Q01101.png,none,none,4,1,http://www.poolscalifornia.top/Login_step_2.html,opencv,exact,48,23,18,0,3,1,0,1,0.020833333333333332,2,0,0,0,0,0,1,0,0,0,0,0,0,4.230926699477595,1,1,0,0,0,0,0,1.0,0.6692400464824602,0.46081662170206467,0.3274383544921875,1.0,3540.5427017211914,0.051723480224609375,0.49591064453125,0.09765625,33.0,410.0,410.0
Q01102__clean,Q01102,0,,tennisactu.net,data/qr_images/Q01102.png,none,none,2,1,http://www.tennisactu.net/,opencv,exact,26,18,1,0,2,1,0,0,0.0,0,0,0,0,0,0,0,0,0,0,0,0,0,3.551428065028506,0,0,0,0,0,0,0,1.0,0.6841019723929611,0.45804017250468665,0.3196754455566406,1.0,2471.626678466797,0.036815643310546875,0.34332275390625,0.12109375,25.0,330.0,330.0
Q01103__clean,Q01103,1,,jikatel.com,data/qr_images/Q01103.png,none,none,3,1,https://jikatel.com/pay/ee/,opencv,exact,27,11,8,0,1,0,0,0,0.0,0,0,0,0,0,0,2,0,1,0,0,0,0,3.8245387807277753,0,0,0,0,0,0,0,1.0,0.6946666343539369,0.45219403339131087,0.3068428039550781,1.0,3038.179153442383,0.044452667236328125,0.49591064453125,0.107421875,29.0,370.0,370.0
Q01104__clean,Q01104,1,,mccarthyelectrical.com,data/qr_images/Q01104.png,none,none,4,1,http://mccarthyelectrical.com/ourtime123/ourtime.php,opencv,exact,52,22,23,0,2,0,0,3,0.057692307692307696,0,0,0,0,0,0,2,0,0,0,0,0,0,4.043921151075368,0,0,0,0,0,0,0,1.0,0.660320670931947,0.46381464966224845,0.3364830017089844,1.0,3585.5171813964844,0.052623748779296875,0.5340576171875,0.09765625,33.0,410.0,410.0
Q01105__clean,Q01105,1,,cbjets.com,data/qr_images/Q01105.png,none,none,3,1,http://cbjets.com/rsnn/ccsm.html,opencv,exact,32,10,15,0,2,0,0,0,0.0,0,0,0,0,0,0,2,0,0,0,0,0,0,3.765319531114783,0,0,0,0,0,0,0,1.0,0.6859010285022212,0.45546730344633696,0.3156890869140625,1.0,3190.1634521484375,0.046504974365234375,0.34332275390625,0.107421875,29.0,370.0,370.0
Q01106__clean,Q01106,0,,cellarpass.com,data/qr_images/Q01106.png,none,none,5,1,http://www.cellarpass.com/provenance-vineyards-2-profile?ID=769&w=1,opencv,exact,67,18,31,10,2,1,3,5,0.07462686567164178,7,0,1,2,1,0,1,2,0,0,0,0,0,4.7691660115087995,0,0,0,0,0,0,0,1.0,0.6464004367005591,0.4664976605031236,0.3505706787109375,1.0,4254.763893127441,0.062164306640625,0.6866455078125,0.08984375,37.0,450.0,450.0
Q01107__clean,Q01107,1,,pp.ua,data/qr_images/Q01107.png,none,none,2,1,http://projecty.pp.ua/auth,opencv,exact,26,14,5,0,2,1,0,0,0.0,0,0,0,0,0,0,1,0,0,0,0,0,0,3.5944825065194195,0,0,0,0,0,0,0,1.0,0.7043035170611214,0.44908998855547844,0.2996025085449219,1.0,2570.2632751464844,0.03813934326171875,0.5340576171875,0.12109375,25.0,330.0,330.0
Q01108__clean,Q01108,0,,aixlesbains.fr,data/qr_images/Q01108.png,none,none,2,1,http://www.aixlesbains.fr/,opencv,exact,26,18,1,0,2,1,0,0,0.0,0,0,0,0,0,0,0,0,0,0,0,0,0,3.9500637564362093,0,0,0,0,0,0,0,1.0,0.6997114443311504,0.451342202582977,0.3040809631347656,1.0,2495.0140228271484,0.037212371826171875,0.41961669921875,0.12109375,25.0,330.0,330.0
Q01109__clean,Q01109,0,,stackexchange.com,data/qr_images/Q01109.png,none,none,6,1,https://codereview.stackexchange.com/questions/55323/snake-game-with-canvas-element-code,opencv,exact,88,28,52,0,2,1,5,5,0.056818181818181816,5,0,0,0,0,0,3,0,1,0,0,0,0,4.434974414594543,0,0,0,0,0,0,0,1.0,0.6463805703555836,0.4659131411202305,0.3529396057128906,1.0,4747.240348815918,0.06698226928710938,0.64849853515625,0.08203125,41.0,490.0,490.0
Q01110__clean,Q01110,0,,maketecheasier.com,data/qr_images/Q01110.png,none,none,5,1,https://www.maketecheasier.com/open-source-vs-proprietary-license/,opencv,exact,66,22,36,0,2,1,4,0,0.0,4,0,0,0,0,0,1,0,1,0,0,0,0,4.195708233474441,0,0,0,0,0,0,0,1.0,0.654301243202359,0.4645676635739436,0.342498779296875,1.0,4094.3136291503906,0.059356689453125,0.49591064453125,0.08984375,37.0,450.0,450.0
Q01111__clean,Q01111,1,,temporary.link,data/qr_images/Q01111.png,none,none,6,1,http://24d65ec4693040079.temporary.link/E0G6R5F46E9R8F4FRVET/TRACKING-NUMBER/6EZF8E4GERF6ER65ER65/id.html,opencv,exact,105,32,66,0,3,1,1,30,0.2857142857142857,1,0,0,0,0,0,4,0,0,0,0,0,0,5.005453346213149,0,0,0,0,0,0,0,1.0,0.641801856545841,0.4671529576751491,0.3579063415527344,1.0,4783.420295715332,0.06769561767578125,0.57220458984375,0.08203125,41.0,490.0,490.0
Q01112__clean,Q01112,0,,conetix.com.au,data/qr_images/Q01112.png,none,none,3,1,https://www.conetix.com.au/,opencv,exact,27,18,1,0,3,1,0,0,0.0,0,0,0,0,0,0,0,0,1,0,0,0,0,3.90231157591703,0,0,0,0,0,0,0,1.0,0.6793278563256357,0.45879297856300877,0.322509765625,1.0,2964.3581619262695,0.043170928955078125,0.5340576171875,0.107421875,29.0,370.0,370.0
Q01113__clean,Q01113,1,,tenetmx.com,data/qr_images/Q01113.png,none,none,4,1,http://wms.santander.com-mx-servicio.tenetmx.com,opencv,exact,48,41,0,0,4,3,2,0,0.0,2,0,0,0,0,0,0,0,0,0,0,0,0,4.121653522439333,0,0,0,0,0,0,0,1.0,0.6490153293983609,0.4676187374532225,0.348480224609375,1.0,3556.061279296875,0.05219268798828125,0.49591064453125,0.09765625,33.0,410.0,410.0
Q01114__clean,Q01114,1,,stolizaparketa.ru,data/qr_images/Q01114.png,none,none,7,1,http://stolizaparketa.ru/wp-content/themes/twentyfifteen/css/read/chinavali/index.php?email=_xxx@yyy.com____,opencv,exact,108,17,61,22,3,0,1,0,0.0,9,1,1,1,0,0,7,1,0,0,0,0,0,4.5453260222238745,0,0,0,0,0,0,0,1.0,0.6254957909677543,0.47073036824074993,0.3716163635253906,1.0,4917.789161682129,0.07139968872070312,0.91552734375,0.076171875,45.0,530.0,530.0
Q01115__clean,Q01115,0,,wikiwand.com,data/qr_images/Q01115.png,none,none,4,1,http://www.wikiwand.com/en/Internet_radio_device,opencv,exact,48,16,25,0,2,1,0,0,0.0,2,0,0,0,0,0,2,0,0,0,0,0,0,4.085500657991217,0,0,0,0,0,0,0,1.0,0.6626971525304458,0.46306456645461147,0.3340873718261719,1.0,3639.7878036499023,0.052921295166015625,0.457763671875,0.09765625,33.0,410.0,410.0
Q01116__clean,Q01116,1,,fr.nf,data/qr_images/Q01116.png,none,none,4,1,http://intelligence-informatique.fr.nf/SAMI/JAVA/,opencv,exact,49,31,11,0,2,1,1,0,0.0,1,0,0,0,0,0,2,0,0,0,0,0,0,4.408191160875131,0,0,0,0,0,0,0,1.0,0.6603170955882353,0.4640785035913195,0.3372077941894531,1.0,3559.1999740600586,0.051654815673828125,0.5340576171875,0.09765625,33.0,410.0,410.0
Q01117__clean,Q01117,0,,4allmemory.com,data/qr_images/Q01117.png,none,none,2,1,http://www.4allmemory.com/,opencv,exact,26,18,1,0,2,1,0,1,0.038461538461538464,0,0,0,0,0,0,0,0,0,0,0,0,0,3.8441065448145375,0,0,0,0,0,0,0,1.0,0.709812089508655,0.4466946687771597,0.29437255859375,1.0,2512.333694458008,0.037410736083984375,0.57220458984375,0.12109375,25.0,330.0,330.0
Q01118__clean,Q01118,0,,grands-meres.net,data/qr_images/Q01118.png,none,none,3,1,https://www.grands-meres.net/,opencv,exact,29,20,1,0,2,1,1,0,0.0,1,0,0,0,0,0,0,0,1,0,0,0,0,3.8312762533752505,0,0,0,0,0,0,0,1.0,0.6946631338082108,0.4521151032311023,0.30699920654296875,1.0,3099.0797729492188,0.044963836669921875,0.457763671875,0.107421875,29.0,370.0,370.0
Q01119__clean,Q01119,0,,iptvlinkusa.com,data/qr_images/Q01119.png,none,none,3,1,http://www.iptvlinkusa.com/,opencv,exact,27,19,1,0,2,1,0,0,0.0,0,0,0,0,0,0,0,0,0,0,0,0,0,4.004344446367529,0,0,0,0,0,0,0,1.0,0.6873613394942938,0.4550637124859881,0.3144683837890625,1.0,3118.7830200195312,0.045623779296875,0.5340576171875,0.107421875,29.0,370.0,370.0
Q01120__clean,Q01120,0,,arxiv.org,data/qr_images/Q01120.png,none,none,3,1,https://arxiv.org/abs/1509.05637,opencv,exact,32,9,15,0,2,0,0,9,0.28125,0,0,0,0,0,0,2,0,1,0,0,0,0,4.3125,0,0,0,0,0,0,0,1.0,0.6858987247242647,0.4557424983678228,0.3159027099609375,1.0,3140.1461791992188,0.045391082763671875,0.6103515625,0.107421875,29.0,370.0,370.0
Q01121__clean,Q01121,0,,lot45bushwick.com,data/qr_images/Q01121.png,none,none,3,1,http://www.lot45bushwick.com,opencv,exact,28,21,0,0,2,1,0,2,0.07142857142857142,0,0,0,0,0,0,0,0,0,0,0,0,0,3.9946803684089094,0,0,0,0,0,0,0,1.0,0.6873603521608839,0.4550968969219617,0.3149299621582031,1.0,3165.5966720581055,0.045673370361328125,0.6103515625,0.107421875,29.0,370.0,370.0
Q01122__clean,Q01122,0,,alexander-tumanov.name,data/qr_images/Q01122.png,none,none,3,1,http://www.alexander-tumanov.name/,opencv,exact,34,26,1,0,2,1,1,0,0.0,1,0,0,0,0,0,0,0,0,0,0,0,0,4.035273502696889,0,0,0,0,0,0,0,1.0,0.6800551021800322,0.45814819305236626,0.3220024108886719,1.0,3146.5860748291016,0.04535675048828125,0.3814697265625,0.107421875,29.0,370.0,370.0
Q01123__clean,Q01123,0,,pcmag.com,data/qr_images/Q01123.png,none,none,4,1,http://www.pcmag.com/encyclopedia/term/48642/osi-model,opencv,exact,54,13,34,0,2,1,1,5,0.09259259259259259,1,0,0,0,0,0,4,0,0,0,0,0,0,4.388694214926111,0,0,0,0,0,0,0,1.0,0.6567480498669194,0.4648442907682519,0.3409309387207031,1.0,3607.0720596313477,0.0531463623046875,0.64849853515625,0.09765625,33.0,410.0,410.0
Q01124__clean,Q01124,1,,capital-it.eu,data/qr_images/Q01124.png,none,none,3,1,http://www.capital-it.eu/magento/mail.htm,opencv,exact,41,17,17,0,3,1,1,0,0.0,1,0,0,0,0,0,2,0,0,0,0,0,0,3.930007492106357,0,0,0,0,0,0,0,1.0,0.6888224283854166,0.4548311887642968,0.31359100341796875,1.0,3071.3882064819336,0.04427337646484375,0.49591064453125,0.107421875,29.0,370.0,370.0
Q01125__clean,Q01125,1,,dtbatna.com,data/qr_images/Q01125.png,none,none,6,1,http://www.dtbatna.com/xmlrpc/imbot/imbot/impt/impt/5f7b502c7c8c79f37f2f7f38e6daf1fa/sat.php,opencv,exact,92,15,70,0,3,1,0,17,0.18478260869565216,0,0,0,0,0,0,7,0,0,0,0,0,0,4.514613386287236,0,0,0,0,0,0,0,1.0,0.6472149568445542,0.4651582644216662,0.35235595703125,1.0,4936.671028137207,0.06930160522460938,0.72479248046875,0.08203125,41.0,490.0,490.0
Q01126__clean,Q01126,0,,networking-basics.net,data/qr_images/Q01126.png,none,none,4,1,http://www.networking-basics.net/mesh-topology/,opencv,exact,47,25,15,0,2,1,2,0,0.0,2,0,0,0,0,0,1,0,0,0,0,0,0,4.238114320168548,0,0,0,0,0,0,0,1.0,0.6638872333601409,0.4625112634367442,0.33300018310546875,1.0,3713.790153503418,0.053447723388671875,0.6103515625,0.09765625,33.0,410.0,410.0
Q01127__clean,Q01127,0,,myconnectionserver.com,data/qr_images/Q01127.png,none,none,3,1,http://www.myconnectionserver.com,opencv,exact,33,26,0,0,2,1,0,0,0.0,0,0,0,0,0,0,0,0,0,0,0,0,0,3.9374448765408534,0,0,0,0,0,0,0,1.0,0.6858982908959482,0.45563966325779515,0.31581878662109375,1.0,3160.1376419067383,0.04579925537109375,0.457763671875,0.107421875,29.0,370.0,370.0
Q01128__clean,Q01128,0,,scilearn.com,data/qr_images/Q01128.png,none,none,2,1,https://www.scilearn.com/,opencv,exact,25,16,1,0,2,1,0,0,0.0,0,0,0,0,0,0,0,0,1,0,0,0,0,3.9434651896016457,0,0,0,0,0,0,0,1.0,0.6859357646867341,0.4568724183983213,0.31756591796875,1.0,2565.9929733276367,0.038665771484375,0.34332275390625,0.12109375,25.0,330.0,330.0
Q01129__clean,Q01129,0,,lissyara.su,data/qr_images/Q01129.png,none,none,3,1,http://www.lissyara.su/doc/rfc/rfc1459/,opencv,exact,39,15,17,0,2,1,0,4,0.10256410256410256,0,0,0,0,0,0,3,0,0,0,0,0,0,4.1949067057088945,0,0,0,0,0,0,0,1.0,0.674944081025965,0.4600719748643952,0.3271217346191406,1.0,3124.650245666504,0.045398712158203125,0.49591064453125,0.107421875,29.0,370.0,370.0
Q01130__clean,Q01130,0,,wikidot.com,data/qr_images/Q01130.png,none,none,3,1,http://z80-heaven.wikidot.com,opencv,exact,29,22,0,0,2,1,1,2,0.06896551724137931,1,0,0,0,0,0,0,0,0,0,0,0,0,4.28022625367366,0,0,0,0,0,0,0,1.0,0.6932034062404259,0.452577807968022,0.3087730407714844,1.0,3158.7159271240234,0.045711517333984375,0.41961669921875,0.107421875,29.0,370.0,370.0
Q01131__clean,Q01131,0,,quotes-inspirational.com,data/qr_images/Q01131.png,none,none,4,1,http://www.quotes-inspirational.com/quotes/passivity/,opencv,exact,53,28,18,0,2,1,1,0,0.0,1,0,0,0,0,0,2,0,0,0,0,0,0,4.1693665124098445,0,0,0,0,0,0,0,1.0,0.6543670953488817,0.46575450653159983,0.3427238464355469,1.0,3634.1337966918945,0.053142547607421875,0.57220458984375,0.09765625,33.0,410.0,410.0
Q01132__clean,Q01132,1,,bpl.kr,data/qr_images/Q01132.png,none,none,3,1,http://bpl.kr/7rh?id=29c0m2c204,opencv,exact,31,6,4,13,1,0,0,8,0.25806451612903225,2,0,1,1,0,0,1,1,0,0,0,0,0,4.260332600569877,0,0,0,0,0,0,0,1.0,0.6902841156604244,0.45359716126442357,0.3113136291503906,1.0,3188.25830078125,0.046619415283203125,0.5340576171875,0.107421875,29.0,370.0,370.0
Q01133__clean,Q01133,1,,cittainfinite.eu,data/qr_images/Q01133.png,none,none,4,1,http://www.cittainfinite.eu/media/paypal-safe-direct.html,opencv_aruco,exact,57,20,30,0,3,1,2,0,0.0,2,0,0,0,0,0,2,0,0,0,0,0,0,4.137360138478878,0,0,0,0,0,0,0,1.0,0.6555599137848499,0.46536087863942505,0.34136962890625,1.0,3605.2076110839844,0.05309295654296875,0.3814697265625,0.09765625,33.0,410.0,410.0
Q01134__clean,Q01134,0,,altervista.org,data/qr_images/Q01134.png,none,none,3,1,http://parliamoitaliano.altervista.org,opencv,exact,38,31,0,0,2,1,0,0,0.0,0,0,0,0,0,0,0,0,0,0,0,0,0,3.7904517769895287,0,0,0,0,0,0,0,1.0,0.6734835605995327,0.4606535888319397,0.32840728759765625,1.0,3049.063102722168,0.044727325439453125,0.49591064453125,0.107421875,29.0,370.0,370.0
Q01135__clean,Q01135,1,,cam.exposed,data/qr_images/Q01135.png,none,none,2,1,https://fr.cam.exposed/,opencv,exact,23,14,1,0,2,1,0,0,0.0,0,0,0,0,0,0,0,0,1,0,0,0,0,3.8820451081368628,0,0,0,0,0,0,0,1.0,0.6896100362141927,0.45542334960807096,0.3143463134765625,1.0,2556.0162200927734,0.03841400146484375,0.3814697265625,0.12109375,25.0,330.0,330.0
Q01136__clean,Q01136,0,,omnicalculator.com,data/qr_images/Q01136.png,none,none,4,1,https://www.omnicalculator.com/health/cardiac-output,opencv,exact,52,22,22,0,2,1,1,0,0.0,1,0,0,0,0,0,2,0,1,0,0,0,0,4.089889603490045,0,0,0,0,0,0,0,1.0,0.6799509684244792,0.4567735069482129,0.3172874450683594,1.0,3525.3665313720703,0.051639556884765625,0.64849853515625,0.09765625,33.0,410.0,410.0
Q01137__clean,Q01137,0,,umnie-deti.com.ua,data/qr_images/Q01137.png,none,none,2,1,https://umnie-deti.com.ua/,opencv,exact,26,17,1,0,2,0,1,0,0.0,1,0,0,0,0,0,0,0,1,0,0,0,0,3.9500637564362093,0,0,0,0,0,0,0,1.0,0.7226678137685738,0.4402933169302919,0.28124237060546875,1.0,2545.705696105957,0.037982940673828125,0.64849853515625,0.12109375,25.0,330.0,330.0
Q01138__clean,Q01138,0,,breeze.pm,data/qr_images/Q01138.png,none,none,2,1,https://www.breeze.pm/,opencv,exact,22,13,1,0,2,1,0,0,0.0,0,0,0,0,0,0,0,0,1,0,0,0,0,3.538310595615006,0,0,0,0,0,0,0,1.0,0.7043060003542433,0.4491393950357353,0.2991294860839844,1.0,2571.3079376220703,0.03804779052734375,0.6103515625,0.12109375,25.0,330.0,330.0
Q01139__clean,Q01139,0,,routeralley.com,data/qr_images/Q01139.png,none,none,3,1,http://www.routeralley.com/guides/nat.pdf,opencv,exact,41,19,15,0,3,1,0,0,0.0,0,0,0,0,0,0,2,0,0,0,0,0,0,4.277926089825634,0,0,0,0,0,0,0,1.0,0.7092743667901731,0.44566372354142153,0.2923736572265625,1.0,3072.2936248779297,0.04448699951171875,0.49591064453125,0.107421875,29.0,370.0,370.0
Q01140__clean,Q01140,1,,free.fr,data/qr_images/Q01140.png,none,none,5,1,http://cfremaux60.free.fr/lafrogcompagnie/libraries/tcpdf/google.doc.html,opencv,exact,73,18,48,0,4,1,0,2,0.0273972602739726,0,0,0,0,0,0,4,0,0,0,0,0,0,4.326629100409541,0,0,0,0,0,0,0,1.0,0.6444250667796415,0.46744833057086543,0.35248565673828125,1.0,4122.672073364258,0.06035614013671875,0.6103515625,0.08984375,37.0,450.0,450.0
Q01141__clean,Q01141,0,,liveatspencer68.com,data/qr_images/Q01141.png,none,none,3,1,http://www.liveatspencer68.com/,opencv,exact,31,23,1,0,2,1,0,2,0.06451612903225806,0,0,0,0,0,0,0,0,0,0,0,0,0,4.147114052043201,0,0,0,0,0,0,0,1.0,0.6807874791762408,0.4578212406264846,0.3213043212890625,1.0,3057.293243408203,0.044864654541015625,0.41961669921875,0.107421875,29.0,370.0,370.0
Q01142__clean,Q01142,1,,allaboutchris.com,data/qr_images/Q01142.png,none,none,3,1,http://allaboutchris.com/de/red.html,opencv,exact,36,17,12,0,2,0,0,0,0.0,0,0,0,0,0,0,2,0,0,0,0,0,0,4.016875695766563,0,0,0,0,0,0,0,1.0,0.6785964217840457,0.45875222941417443,0.3231201171875,1.0,3164.1562576293945,0.045246124267578125,0.34332275390625,0.107421875,29.0,370.0,370.0
Q01143__clean,Q01143,0,,gadgetreview.com,data/qr_images/Q01143.png,none,none,4,1,http://www.gadgetreview.com/reviews/digital-camera-reviews,opencv,exact,58,20,31,0,2,1,2,0,0.0,2,0,0,0,0,0,2,0,0,0,0,0,0,4.054029435074285,0,0,0,0,0,0,0,1.0,0.6543694589652267,0.4653982504514432,0.3426628112792969,1.0,3812.6427154541016,0.0552520751953125,0.457763671875,0.09765625,33.0,410.0,410.0
Q01144__clean,Q01144,1,,web894.com,data/qr_images/Q01144.png,none,none,10,1,http://secure.web894.com/customer_center/customer-IDPP00C139/myaccount/identity/?cmd=_session=&amp;02df5c40bef38f0b3d11339b7beab5d8&amp;dispatch=ecb2f39f76aef328f62cfcea40da0211815e207f,opencv,exact,185,17,56,104,2,1,1,47,0.25405405405405407,11,0,1,3,2,0,4,3,0,0,0,0,0,5.007408417335098,2,0,0,1,1,0,0,1.0,0.611351177739162,0.4698634466482575,0.386474609375,1.0,6680.119155883789,0.09418869018554688,1.10626220703125,0.0625,57.0,650.0,650.0
Q01145__clean,Q01145,0,,mathwords.com,data/qr_images/Q01145.png,none,none,4,1,http://www.mathwords.com/s/segment_of_a_circle.htm,opencv,exact,50,17,26,0,3,1,0,0,0.0,3,0,0,0,0,0,2,0,0,0,0,0,0,4.185979129983102,0,0,0,0,0,0,0,1.0,0.6656728407915901,0.46217021380442075,0.3316841125488281,1.0,3536.67391204834,0.051799774169921875,0.49591064453125,0.09765625,33.0,410.0,410.0
Q01146__clean,Q01146,1,,laviosaviaggi.com,data/qr_images/Q01146.png,none,none,4,1,http://www.laviosaviaggi.com/ver/webapps/bc045/websrc,opencv,exact,53,21,25,0,2,1,0,3,0.05660377358490566,0,0,0,0,0,0,4,0,0,0,0,0,0,4.248606718829085,0,0,0,0,0,0,0,1.0,0.6579392526663986,0.4647428242741407,0.339385986328125,1.0,3539.452896118164,0.05197906494140625,0.457763671875,0.09765625,33.0,410.0,410.0
Q01147__clean,Q01147,0,,autoobsessed.com,data/qr_images/Q01147.png,none,none,3,1,https://www.autoobsessed.com/,opencv,exact,29,20,1,0,2,1,0,0,0.0,0,0,0,0,0,0,0,0,1,0,0,0,0,3.788341339656749,0,0,0,0,0,0,0,1.0,0.6975888719745711,0.4506746218429483,0.3040351867675781,1.0,3151.800033569336,0.045745849609375,0.57220458984375,0.107421875,29.0,370.0,370.0
Q01148__clean,Q01148,0,,itv.com,data/qr_images/Q01148.png,none,none,4,1,http://www.itv.com/help/mobile-tablet/itv-hub-app,opencv,exact,49,11,31,0,2,1,3,0,0.0,3,0,0,0,0,0,3,0,0,0,0,0,0,4.014635803423207,0,0,0,0,0,0,0,1.0,0.6644816978304994,0.4625615130258944,0.3324928283691406,1.0,3550.191566467285,0.05184173583984375,0.57220458984375,0.09765625,33.0,410.0,410.0
Q01149__clean,Q01149,0,,pun.pl,data/qr_images/Q01149.png,none,none,2,1,http://www.pun.pl,opencv,exact,17,10,0,0,2,1,0,0,0.0,0,0,0,0,0,0,0,0,0,0,0,0,0,3.175123135113461,0,0,0,0,0,0,0,1.0,0.7006294549680223,0.4508006015510622,0.3032951354980469,1.0,2603.836814880371,0.038318634033203125,0.457763671875,0.12109375,25.0,330.0,330.0
Q01150__clean,Q01150,1,,instohelp.com,data/qr_images/Q01150.png,none,none,5,1,http://www.instohelp.com/assets_flight/libs/bootstrap/cmcst-wl.html,opencv_aruco,exact,67,17,43,0,3,1,1,0,0.0,2,0,0,0,0,0,4,0,0,0,0,0,0,4.139601691100084,0,0,0,0,0,0,0,1.0,0.6434368058746937,0.46762713387516325,0.3533172607421875,1.0,4128.208564758301,0.060878753662109375,0.57220458984375,0.08984375,37.0,450.0,450.0
Q01151__clean,Q01151,1,,pfsoftware.in,data/qr_images/Q01151.png,none,none,4,1,http://www.pfsoftware.in/uejd832heokjn/update.html,opencv,exact,50,17,26,0,3,1,0,3,0.06,0,0,0,0,0,0,2,0,0,0,0,0,0,4.36637013015618,1,0,0,0,0,1,0,1.0,0.6680502498851103,0.4614524865328576,0.32855987548828125,1.0,3579.0134658813477,0.05149078369140625,0.5340576171875,0.09765625,33.0,410.0,410.0
Q01152__clean,Q01152,0,,calculator.net,data/qr_images/Q01152.png,none,none,4,1,http://www.calculator.net/ip-subnet-calculator.html,opencv,exact,51,18,26,0,3,1,2,0,0.0,2,0,0,0,0,0,1,0,0,0,0,0,0,4.098294460844165,0,0,0,0,0,0,0,1.0,0.6555568769866345,0.4651677915898314,0.34127044677734375,1.0,3746.9608840942383,0.054378509521484375,0.5340576171875,0.09765625,33.0,410.0,410.0
Q01153__clean,Q01153,1,,serenadeofsouls.com,data/qr_images/Q01153.png,none,none,6,1,http://serenadeofsouls.com/wp-content/plugins/contact-form-7/includes/Skin/PDF/index.php,opencv,exact,88,19,62,0,2,0,3,1,0.011363636363636364,3,0,0,0,0,0,7,0,0,0,0,0,0,4.4945779657063225,0,0,0,0,0,0,0,1.0,0.6467977336808747,0.4658321362098758,0.3527412414550781,1.0,4811.956604003906,0.06711578369140625,0.8392333984375,0.08203125,41.0,490.0,490.0
Q01154__clean,Q01154,1,,interestingfurniture.com,data/qr_images/Q01154.png,none,none,4,1,http://interestingfurniture.com/img/create/mail.htm,opencv,exact,51,24,20,0,2,0,0,0,0.0,0,0,0,0,0,0,3,0,0,0,0,0,0,3.961929393346454,0,0,0,0,0,0,0,1.0,0.6668627271465227,0.4616261304287629,0.3302116394042969,1.0,3595.295623779297,0.052410125732421875,0.6103515625,0.09765625,33.0,410.0,410.0
Q01155__clean,Q01155,1,,midyatmimaritas.com,data/qr_images/Q01155.png,none,none,5,1,http://mail.midyatmimaritas.com/wp-includes/images/media/document/3253/,opencv,exact,71,24,40,0,2,1,1,4,0.056338028169014086,1,0,0,0,0,0,5,0,0,0,0,0,0,4.2584700077089925,0,0,0,0,0,0,0,1.0,0.6552914638145297,0.46450938398925534,0.34283447265625,1.0,4108.751876831055,0.05879974365234375,0.80108642578125,0.08984375,37.0,450.0,450.0
Q01156__clean,Q01156,0,,umcutrecht.nl,data/qr_images/Q01156.png,none,none,2,1,https://umcutrecht.nl/nl/,opencv,exact,25,13,4,0,1,0,0,0,0.0,0,0,0,0,0,0,1,0,1,0,0,0,0,3.6038561897747243,0,0,0,0,0,0,0,1.0,0.7006289014629289,0.45070919992360364,0.303436279296875,1.0,2601.2951126098633,0.03857421875,0.57220458984375,0.12109375,25.0,330.0,330.0
Q01157__clean,Q01157,0,,autoeurope.com,data/qr_images/Q01157.png,none,none,4,1,http://www.autoeurope.com/go/car-rental-nice/,opencv,exact,45,18,20,0,2,1,2,0,0.0,2,0,0,0,0,0,2,0,0,0,0,0,0,4.055648863372104,0,0,0,0,0,0,0,1.0,0.6620988434436275,0.4634735873562134,0.3353004455566406,1.0,3539.8180923461914,0.051502227783203125,0.57220458984375,0.09765625,33.0,410.0,410.0
Q01158__clean,Q01158,0,,wipaire.com,data/qr_images/Q01158.png,none,none,2,1,https://www.wipaire.com/,opencv,exact,24,15,1,0,2,1,0,0,0.0,0,0,0,0,0,0,0,0,1,0,0,0,0,3.7201755214643453,0,0,0,0,0,0,0,1.0,0.7116474675197227,0.44575826142933794,0.29172515869140625,1.0,2517.03702545166,0.03775787353515625,0.72479248046875,0.12109375,25.0,330.0,330.0
Q01159__clean,Q01159,0,,automotivetouchup.com,data/qr_images/Q01159.png,none,none,5,1,http://www.automotivetouchup.com/touch-up-paint/an-automobile-racing-guide,opencv,exact,74,25,42,0,2,1,5,0,0.0,5,0,0,0,0,0,2,0,0,0,0,0,0,4.1836921785622705,0,0,0,0,0,0,0,1.0,0.661216137455959,0.46210190226990516,0.3353919982910156,1.0,4192.082122802734,0.060333251953125,0.64849853515625,0.08984375,37.0,450.0,450.0
Q01160__clean,Q01160,1,,67.199.68.195,data/qr_images/Q01160.png,none,none,3,1,http://67.199.68.195/electrophys.htm,opencv,exact,36,13,16,0,4,0,0,10,0.2777777777777778,0,0,0,0,0,0,1,0,0,1,0,0,0,4.107017709595356,0,0,0,0,0,0,0,1.0,0.6764044219372319,0.45961753642084163,0.32486724853515625,1.0,3090.625045776367,0.044830322265625,0.41961669921875,0.107421875,29.0,370.0,370.0
Q01161__clean,Q01161,0,,ecswire.com,data/qr_images/Q01161.png,none,none,5,1,http://www.ecswire.com/mmspecs/Specsheets/General/p_2425_GenSPEED_Cat6_Cables.pdf,opencv,exact,81,15,59,0,3,1,0,5,0.06172839506172839,4,0,0,0,0,0,4,0,0,0,0,0,0,4.610058225866664,0,0,0,0,0,0,0,1.0,0.6444240944058287,0.4675461218774504,0.3521919250488281,1.0,4085.076286315918,0.059871673583984375,0.6103515625,0.08984375,37.0,450.0,450.0
Q01162__clean,Q01162,1,,poorlydrawnlines.com,data/qr_images/Q01162.png,none,none,4,1,http://www.poorlydrawnlines.com/comic/fashionable/,opencv,exact,50,24,19,0,2,1,0,0,0.0,0,0,0,0,0,0,2,0,0,0,0,0,0,4.223981820580905,0,0,0,0,0,0,0,1.0,0.6674562342026654,0.46168869466410245,0.32917022705078125,1.0,3530.659767150879,0.05123138427734375,0.57220458984375,0.09765625,33.0,410.0,410.0
Q01163__clean,Q01163,0,,imdb.com,data/qr_images/Q01163.png,none,none,3,1,http://www.imdb.com/title/tt3294732/,opencv,exact,36,12,17,0,2,1,0,7,0.19444444444444445,0,0,0,0,0,0,2,0,0,0,0,0,0,4.006749918638778,0,0,0,0,0,0,0,1.0,0.6859000262092142,0.4558095883195421,0.3156852722167969,1.0,3117.068519592285,0.045135498046875,0.5340576171875,0.107421875,29.0,370.0,370.0
Q01164__clean,Q01164,1,,spelectric.co.in,data/qr_images/Q01164.png,none,none,4,1,http://spelectric.co.in/redirect/redirect.html,opencv,exact,46,16,23,0,3,0,0,0,0.0,0,0,0,0,0,0,2,0,0,0,0,0,0,3.7193506851941662,0,0,0,0,0,0,0,1.0,0.6591259376675475,0.4639941431715733,0.3380165100097656,1.0,3718.7946548461914,0.054080963134765625,0.6103515625,0.09765625,33.0,410.0,410.0
Q01165__clean,Q01165,0,,dspro.de,data/qr_images/Q01165.png,none,none,2,1,https://www.dspro.de/,opencv,exact,21,12,1,0,2,1,0,0,0.0,0,0,0,0,0,0,0,0,1,0,0,0,0,3.463280517810811,0,0,0,0,0,0,0,1.0,0.7070587158203125,0.4481340701373859,0.2962837219238281,1.0,2503.4232482910156,0.03701019287109375,0.6103515625,0.12109375,25.0,330.0,330.0
Q01166__clean,Q01166,0,,internetslang.com,data/qr_images/Q01166.png,none,none,4,1,https://www.internetslang.com/DNA-meaning-definition.asp,opencv,exact,56,21,27,0,3,1,2,0,0.0,2,0,0,0,0,0,1,0,1,0,0,0,0,4.29583344144878,0,0,0,0,0,0,0,1.0,0.6722151214001225,0.4597987042174932,0.3245506286621094,1.0,3506.801986694336,0.051357269287109375,0.6866455078125,0.09765625,33.0,410.0,410.0
Q01167__clean,Q01167,1,,intnet.mu,data/qr_images/Q01167.png,none,none,8,1,http://albel.intnet.mu/File/file_doc.php?l=_JeHFUq_VJOXJoGYDw_OXK0K0QWHtoGYDw_Product-UserID&userid_JeHJOXK0IDw_JOXK0IDD&userid=,opencv,exact,128,15,18,87,3,1,1,4,0.03125,13,0,1,2,2,0,2,3,0,0,0,0,0,5.152666090295162,0,0,0,0,0,0,0,1.0,0.6232616499358532,0.46852511796999546,0.376373291015625,1.0,5075.183151245117,0.08034515380859375,1.02996826171875,0.0703125,49.0,570.0,570.0
Q01168__clean,Q01168,1,,acess24hrsportal.com,data/qr_images/Q01168.png,none,none,3,1,http://app.acess24hrsportal.com/,opencv,exact,32,24,1,0,2,1,0,2,0.0625,0,0,0,0,0,0,0,0,0,0,0,0,0,3.8431390622295662,0,0,0,0,0,0,0,1.0,0.6866330315085019,0.4553055409610701,0.31487274169921875,1.0,3077.6124267578125,0.045490264892578125,0.6103515625,0.107421875,29.0,370.0,370.0
Q01169__clean,Q01169,0,,techtarget.com,data/qr_images/Q01169.png,none,none,6,1,http://searchmanufacturingerp.techtarget.com/definition/computer-numerical-control-CNC,opencv,exact,86,37,42,0,2,1,3,0,0.0,3,0,0,0,0,0,2,0,0,0,0,0,0,4.2624608324890945,0,0,0,0,0,0,0,1.0,0.6463812136182598,0.46562018854224085,0.35366058349609375,1.0,4977.658760070801,0.06914138793945312,0.64849853515625,0.08203125,41.0,490.0,490.0
Q01170__clean,Q01170,0,,babylon-software.com,data/qr_images/Q01170.png,none,none,4,1,http://dictionary.babylon-software.com/black%20letter/,opencv,exact,54,31,16,0,2,1,1,2,0.037037037037037035,2,0,0,0,0,1,1,0,0,0,0,0,0,4.434809492623759,0,0,0,0,0,0,0,1.0,0.666267739090265,0.4619123117425157,0.3306999206542969,1.0,3568.5280227661133,0.05200958251953125,0.3814697265625,0.09765625,33.0,410.0,410.0
Q01171__clean,Q01171,1,,trafftraff.com,data/qr_images/Q01171.png,none,none,9,1,https://trafftraff.com/l/23821365c9dc52d4bdd0?sub=MF_OTAS_116344331_8260d6f898054bf58d6c3c5af2791da21568784356979_2411_ms&source=&sub2=&commission={payout},opencv,exact,155,14,23,109,1,0,0,61,0.3935483870967742,15,0,1,4,3,0,2,4,1,0,0,0,0,5.0710314825620415,0,0,0,0,0,0,0,1.0,0.61057788624483,0.4715799441810151,0.3876457214355469,1.0,6318.718521118164,0.08795166015625,1.1444091796875,0.06640625,53.0,610.0,610.0
Q01172__clean,Q01172,1,,wikaba.com,data/qr_images/Q01172.png,none,none,3,1,http://whatsappporn.wikaba.com/,opencv,exact,31,23,1,0,2,1,0,0,0.0,0,0,0,0,0,0,0,0,0,0,0,0,0,3.8732358263763285,0,0,0,0,0,0,0,1.0,0.6793274972953048,0.45834864136667314,0.32239532470703125,1.0,3036.7120513916016,0.044895172119140625,0.457763671875,0.107421875,29.0,370.0,370.0
Q01173__clean,Q01173,0,,dnalc.org,data/qr_images/Q01173.png,none,none,5,1,https://www.dnalc.org/resources/3d/04-mechanism-of-replication-advanced.html,opencv,exact,76,13,55,0,3,1,4,3,0.039473684210526314,4,0,0,0,0,0,3,0,1,0,0,0,0,4.498350054091901,0,0,0,0,0,0,0,1.0,0.6473881740196078,0.4663193140201005,0.3492546081542969,1.0,4272.065444946289,0.0618896484375,0.762939453125,0.08984375,37.0,450.0,450.0
Q01174__clean,Q01174,0,,bodytechclub.com,data/qr_images/Q01174.png,none,none,3,1,http://www.bodytechclub.com/,opencv,exact,28,20,1,0,2,1,0,0,0.0,0,0,0,0,0,0,0,0,0,0,0,0,0,3.8423709931771084,0,0,0,0,0,0,0,1.0,0.68297680125517,0.457005355132133,0.319122314453125,1.0,3172.2494049072266,0.045360565185546875,0.5340576171875,0.107421875,29.0,370.0,370.0
Q01175__clean,Q01175,1,,dothome.co.kr,data/qr_images/Q01175.png,none,none,4,1,http://eve292929.dothome.co.kr/1122/?sec=OberHinrich,opencv,exact,52,23,6,15,3,1,0,10,0.19230769230769232,2,0,1,1,0,0,1,1,0,0,0,0,0,4.383064843833055,0,0,0,0,0,0,0,1.0,0.6710281671262255,0.45981641402984413,0.3268165588378906,1.0,3713.031036376953,0.05387115478515625,0.457763671875,0.09765625,33.0,410.0,410.0
Q01176__clean,Q01176,1,,justns.ru,data/qr_images/Q01176.png,none,none,4,1,http://services.u7497943u9.ha004.t.justns.ru/,opencv,exact,45,37,1,0,5,4,0,11,0.24444444444444444,0,0,0,0,0,0,0,0,0,0,0,0,0,4.1613130300868475,0,0,0,0,0,0,0,1.0,0.6710267459644991,0.460013433053639,0.3257789611816406,1.0,3600.2784881591797,0.05252838134765625,0.72479248046875,0.09765625,33.0,410.0,410.0
Q01177__clean,Q01177,0,,101domain.com,data/qr_images/Q01177.png,none,none,2,1,https://www.101domain.com/,opencv,exact,26,17,1,0,2,1,0,3,0.11538461538461539,0,0,0,0,0,0,0,0,1,0,0,0,0,3.9500637564362093,0,0,0,0,0,0,0,1.0,0.7006318036247702,0.4507569906686564,0.3026771545410156,1.0,2525.246307373047,0.037830352783203125,0.5340576171875,0.12109375,25.0,330.0,330.0
Q01178__clean,Q01178,1,,mcsquareintl.com,data/qr_images/Q01178.png,none,none,4,1,http://mcsquareintl.com:32000/mail/expiredpass.html,opencv,exact,51,16,22,0,2,0,0,5,0.09803921568627451,0,0,0,0,0,0,2,0,0,0,0,1,0,4.353127057360825,0,0,0,0,0,0,0,1.0,0.6674572963340609,0.46119755475778296,0.32933807373046875,1.0,3666.5467529296875,0.053539276123046875,0.5340576171875,0.09765625,33.0,410.0,410.0
Q01179__clean,Q01179,1,,santarms.com,data/qr_images/Q01179.png,none,none,8,1,https://www.santarms.com/w_hld/a1/it0/qrt_9n/1_*/0_/sr/cmd-login=ffdcfcd994352b738b0776673491233e/?reff=MzY1NTkwYzRhNDkzNTM0NGQ0MWY0YWU4ZDcwODRhMjI=,opencv,exact,148,16,74,49,2,1,1,32,0.21621621621621623,10,0,1,3,0,0,8,1,1,0,0,0,0,5.447317742476549,1,1,0,0,0,0,0,1.0,0.6177235472436045,0.4695477472008253,0.38211822509765625,1.0,5247.439529418945,0.08248138427734375,0.95367431640625,0.0703125,49.0,570.0,570.0
Q01180__clean,Q01180,1,,mxmsolucoesambientais.com.br,data/qr_images/Q01180.png,none,none,7,1,http://mxmsolucoesambientais.com.br/wp-admin/daum/Exitkorea/upload/en.php?rand=13InboxLightaspxn.1774256418,opencv,exact,107,28,38,33,4,0,1,12,0.11214953271028037,3,0,1,1,0,0,5,1,0,0,0,0,0,4.865912753397389,0,0,0,0,0,0,0,1.0,0.6219346289541207,0.4714192397429064,0.3763847351074219,1.0,5041.064781188965,0.07294082641601562,0.9918212890625,0.076171875,45.0,530.0,530.0
Q01181__clean,Q01181,1,,cloudfront.net,data/qr_images/Q01181.png,none,none,5,1,http://di448620c5wng.cloudfront.net/celulares-e-smartphones/l/te,opencv,exact,64,28,29,0,2,1,2,7,0.109375,2,0,0,0,0,0,3,0,0,0,0,0,0,4.5367384298164914,0,0,0,0,0,0,0,1.0,0.6562764336081112,0.46398436548157945,0.34079742431640625,1.0,4137.947547912598,0.059383392333984375,0.5340576171875,0.08984375,37.0,450.0,450.0
Q01182__clean,Q01182,0,,businessdictionary.com,data/qr_images/Q01182.png,none,none,4,1,http://www.businessdictionary.com/definition/typeface.html,opencv,exact,58,26,25,0,3,1,0,0,0.0,0,0,0,0,0,0,2,0,0,0,0,0,0,4.2580846585849645,0,0,0,0,0,0,0,1.0,0.6555588666130515,0.465507959529959,0.3410072326660156,1.0,3694.4931411743164,0.053157806396484375,0.64849853515625,0.09765625,33.0,410.0,410.0
Q01183__clean,Q01183,1,,elisashopping.gq,data/qr_images/Q01183.png,none,none,3,1,http://elisashopping.gq/pay/error,opencv,exact,33,16,10,0,1,0,0,0,0.0,0,0,0,0,0,0,2,0,0,0,0,0,0,3.930609649595924,0,0,0,0,0,0,0,1.0,0.688092160692402,0.45502801666339293,0.3137359619140625,1.0,3028.882339477539,0.044281005859375,0.6103515625,0.107421875,29.0,370.0,370.0
Q01184__clean,Q01184,0,,allproducts.com,data/qr_images/Q01184.png,none,none,4,1,http://www.allproducts.com/ee/honber/fingerprint-safe.html,opencv,exact,58,19,32,0,3,1,1,0,0.0,1,0,0,0,0,0,3,0,0,0,0,0,0,4.338789030671456,0,0,0,0,0,0,0,1.0,0.6567481994628906,0.4645875514136201,0.3402595520019531,1.0,3768.2664337158203,0.0550079345703125,0.41961669921875,0.09765625,33.0,410.0,410.0
Q01185__clean,Q01185,1,,mailcontrol.com,data/qr_images/Q01185.png,none,none,8,1,https://www.mailcontrol.com/sr/HJ8_zdFIAPjGX2PQPOmvUhBG2SIKse0T-rN_Za7l9N441hZoGuj2mY-sX8cLkVl7nK6LOCKk6cacrfMeL1fPjw=x-scanned-by:,opencv,exact,131,19,104,0,2,1,4,15,0.11450381679389313,7,0,0,1,0,0,2,0,1,0,0,0,0,5.681067921414769,0,0,0,0,0,0,0,1.0,0.6164900536630668,0.46983238998952886,0.38321685791015625,1.0,5183.452369689941,0.08246612548828125,0.91552734375,0.0703125,49.0,570.0,570.0
Q01186__clean,Q01186,1,,zohard.com,data/qr_images/Q01186.png,none,none,8,1,http://www.zohard.com/.well-known/pki-validation/mod/unblockverification/customer_center/customer-IDPP00C963/signin/signin.php,opencv,exact,126,14,105,0,4,1,3,5,0.03968253968253968,4,0,0,0,0,0,8,0,0,0,0,0,0,4.740359917290792,2,0,0,0,0,0,0,1.0,0.6152578017290901,0.4698434539997395,0.3845634460449219,1.0,5143.680480957031,0.082977294921875,0.9918212890625,0.0703125,49.0,570.0,570.0
Q01187__clean,Q01187,0,,nasa.gov,data/qr_images/Q01187.png,none,none,3,1,https://c3.nasa.gov/dashlink/projects/88/,opencv,exact,41,11,22,0,2,1,0,3,0.07317073170731707,0,0,0,0,0,0,3,0,1,0,0,0,0,4.210733711724087,0,0,0,0,0,0,0,1.0,0.6785956738041896,0.45896550131184155,0.3231544494628906,1.0,3028.733497619629,0.04407501220703125,0.49591064453125,0.107421875,29.0,370.0,370.0
Q01188__clean,Q01188,1,,evostore.com.np,data/qr_images/Q01188.png,none,none,9,1,http://evostore.com.np/IhrFall63417798752737518&amp;cgi3-ViewKontakt-63417798752737518-007acctpagetype-63417798752737518=68119-problema&amp;info@hoehne-buero.de.html,opencv,exact,165,15,143,0,4,0,6,60,0.36363636363636365,12,1,0,1,2,0,1,0,0,0,0,0,0,5.020361003744797,0,0,0,0,0,0,0,1.0,0.6258953019684437,0.4672564570244374,0.3712348937988281,1.0,6614.513496398926,0.09095382690429688,1.068115234375,0.06640625,53.0,610.0,610.0
Q01189__clean,Q01189,1,,phoneidtw.com,data/qr_images/Q01189.png,none,none,3,1,http://apple.phoneidtw.com/,opencv,exact,27,19,1,0,2,1,0,0,0.0,0,0,0,0,0,0,0,0,0,0,0,0,0,3.810081020521731,0,0,0,0,0,0,0,1.0,0.6873612497367111,0.45511120875275773,0.31450653076171875,1.0,3109.1509017944336,0.045379638671875,0.6103515625,0.107421875,29.0,370.0,370.0
Q01190__clean,Q01190,1,,wsodqa.com,data/qr_images/Q01190.png,none,none,4,1,http://research-db-a2.wsodqa.com/research/register,opencv,exact,50,25,18,0,2,1,2,1,0.02,2,0,0,0,0,0,2,0,0,0,0,0,0,4.098171939471838,0,0,0,0,0,0,0,1.0,0.6775687872194777,0.45743544977687106,0.3195533752441406,1.0,3594.35831451416,0.0528717041015625,0.57220458984375,0.09765625,33.0,410.0,410.0
Q01191__clean,Q01191,1,,ezoomeranggrow.com,data/qr_images/Q01191.png,none,none,5,1,https://ezoomeranggrow.com/web/english/index.php?email=honeypot@domain.com%5d,opencv,exact,77,18,22,28,3,0,0,1,0.012987012987012988,4,1,1,1,0,1,3,1,1,0,0,0,0,4.4972431200646295,0,0,0,0,0,0,0,1.0,0.6562783484365425,0.46368051892815204,0.34003448486328125,1.0,4140.915153503418,0.06046295166015625,0.457763671875,0.08984375,37.0,450.0,450.0
Q01192__clean,Q01192,0,,listia.com,data/qr_images/Q01192.png,none,none,3,1,https://www.listia.com/list,opencv,exact,27,14,5,0,2,1,0,0,0.0,0,0,0,0,0,0,1,0,1,0,0,0,0,3.606015279620733,0,0,0,0,0,0,0,1.0,0.6851704765768613,0.45604263733470723,0.3170738220214844,1.0,3102.0401611328125,0.045330047607421875,0.5340576171875,0.107421875,29.0,370.0,370.0
Q01193__clean,Q01193,1,,typeform.com,data/qr_images/Q01193.png,none,none,3,1,http://toadhat.typeform.com/to/Me9wVa,opencv,exact,37,20,10,0,2,1,0,1,0.02702702702702703,0,0,0,0,0,0,2,0,0,0,0,0,0,3.9590570816697497,0,0,0,0,0,0,0,1.0,0.6902842652563955,0.4539661848344997,0.311279296875,1.0,3126.654960632324,0.045154571533203125,0.57220458984375,0.107421875,29.0,370.0,370.0
Q01194__clean,Q01194,1,,vipshop.ru,data/qr_images/Q01194.png,none,none,2,1,http://nsp.vipshop.ru,opencv,exact,21,14,0,0,2,1,0,0,0.0,0,0,0,0,0,0,0,0,0,0,0,0,0,3.5351745656359026,0,0,0,0,0,0,0,1.0,0.7061413634057139,0.4483316863739035,0.29741668701171875,1.0,2585.9617309570312,0.038097381591796875,0.49591064453125,0.12109375,25.0,330.0,330.0
Q01195__clean,Q01195,1,,gbw3d.pl,data/qr_images/Q01195.png,none,none,4,1,http://gbw3d.pl/wp-admin/css/trustpass.html,opencv,exact,43,8,28,0,2,0,1,1,0.023255813953488372,1,0,0,0,0,0,3,0,0,0,0,0,0,4.1046619309041805,0,0,0,0,0,0,0,1.0,0.6579396416159237,0.464489416163247,0.3383216857910156,1.0,3687.356269836426,0.05370330810546875,0.72479248046875,0.09765625,33.0,410.0,410.0
Q01196__clean,Q01196,0,,tntsuperfantastic.com,data/qr_images/Q01196.png,none,none,3,1,http://www.tntsuperfantastic.com/,opencv,exact,33,25,1,0,2,1,0,0,0.0,0,0,0,0,0,0,0,0,0,0,0,0,0,3.9225895736416696,0,0,0,0,0,0,0,1.0,0.6932050218769148,0.4529599416801951,0.3089179992675781,1.0,3175.874740600586,0.0450439453125,0.49591064453125,0.107421875,29.0,370.0,370.0
Q01197__clean,Q01197,0,,maxxim.de,data/qr_images/Q01197.png,none,none,2,1,https://www.maxxim.de/,opencv,exact,22,13,1,0,2,1,0,0,0.0,0,0,0,0,0,0,0,0,1,0,0,0,0,3.663532754804254,0,0,0,0,0,0,0,1.0,0.7015499937768076,0.4510423813464451,0.301849365234375,1.0,2365.975486755371,0.034992218017578125,0.457763671875,0.12109375,25.0,330.0,330.0
Q01198__clean,Q01198,1,,stolizaparketa.ru,data/qr_images/Q01198.png,none,none,6,1,http://stolizaparketa.ru/wp-content/themes/twentyfifteen/css/read/chinavali/index.php?email=info/,opencv,exact,97,17,61,11,2,0,1,0,0.0,3,0,1,1,0,0,7,1,0,0,0,0,0,4.352527541206873,0,0,0,0,0,0,0,1.0,0.6455468869676777,0.4659668462570357,0.3550300598144531,1.0,4769.435447692871,0.06769561767578125,0.64849853515625,0.08203125,41.0,490.0,490.0
Q01199__clean,Q01199,0,,piromarket.com.ua,data/qr_images/Q01199.png,none,none,2,1,https://piromarket.com.ua/,opencv,exact,26,17,1,0,2,0,0,0,0.0,0,0,0,0,0,0,0,0,1,0,0,0,0,3.8731406795131327,0,0,0,0,0,0,0,1.0,0.7116515664493337,0.4458869823955925,0.2916831970214844,1.0,2518.2289657592773,0.037334442138671875,0.6103515625,0.12109375,25.0,330.0,330.0
Q01200__clean,Q01200,0,,philbride.com,data/qr_images/Q01200.png,none,none,2,1,https://www.philbride.com/,opencv,exact,26,17,1,0,2,1,0,0,0.0,0,0,0,0,0,0,0,0,1,0,0,0,0,3.950063756436209,0,0,0,0,0,0,0,1.0,0.6877754510617724,0.45652554572243303,0.31566619873046875,1.0,2432.8386764526367,0.036571502685546875,0.34332275390625,0.12109375,25.0,330.0,330.0
Q01201__clean,Q01201,0,,digikey.com,data/qr_images/Q01201.png,none,none,5,1,http://media.digikey.com/pdf/Data%20Sheets/Omron%20PDFs/E3S-X3.pdf,opencv,exact,66,17,42,0,3,1,1,6,0.09090909090909091,3,0,0,0,0,2,4,0,0,0,0,0,0,4.782512111553239,0,0,0,0,0,0,0,1.0,0.6562762989717371,0.4638339350115397,0.34053802490234375,1.0,4027.720962524414,0.0592193603515625,0.6103515625,0.08984375,37.0,450.0,450.0
Q01202__clean,Q01202,1,,123formbuilder.com,data/qr_images/Q01202.png,none,none,4,1,https://www.123formbuilder.com/form-4850478/,opencv,exact,44,22,14,0,2,1,1,10,0.22727272727272727,1,0,0,0,0,0,1,0,1,0,0,0,0,4.618078209349709,0,0,0,0,0,0,0,1.0,0.6632912579704734,0.46323378557757616,0.3337211608886719,1.0,3383.884651184082,0.050098419189453125,0.5340576171875,0.09765625,33.0,410.0,410.0
Q01203__clean,Q01203,0,,streeflandhoa.com,data/qr_images/Q01203.png,none,none,3,1,http://www.streeflandhoa.com/,opencv,exact,29,21,1,0,2,1,0,0,0.0,0,0,0,0,0,0,0,0,0,0,0,0,0,4.021268494903765,0,0,0,0,0,0,0,1.0,0.6902833676805683,0.45395793735142653,0.3111419677734375,1.0,3108.1248321533203,0.045070648193359375,0.457763671875,0.107421875,29.0,370.0,370.0
Q01204__clean,Q01204,0,,opentable.ae,data/qr_images/Q01204.png,none,none,2,1,https://www.opentable.ae/,opencv,exact,25,16,1,0,2,1,0,0,0.0,0,0,0,0,0,0,0,0,1,0,0,0,0,3.643074189428569,0,0,0,0,0,0,0,1.0,0.7144063912185968,0.4448359917911115,0.2891807556152344,1.0,2391.7871322631836,0.035762786865234375,0.6103515625,0.12109375,25.0,330.0,330.0
Q01205__clean,Q01205,1,,skyfencenet.com,data/qr_images/Q01205.png,none,none,4,1,http://dropbox-com.dropbox.lilyskitchen.skyfencenet.com/,opencv,exact,56,48,1,0,4,3,1,0,0.0,1,0,0,0,0,0,0,0,0,0,0,0,0,4.311382823650151,0,0,0,0,0,0,0,1.0,0.6662665273628983,0.4616149202524425,0.3316612243652344,1.0,3632.7771530151367,0.0530548095703125,0.72479248046875,0.09765625,33.0,410.0,410.0
Q01206__clean,Q01206,0,,bodyguardcareers.com,data/qr_images/Q01206.png,none,none,4,1,http://www.bodyguardcareers.com/category/bodyguardjobs/,opencv,exact,55,24,24,0,2,1,0,0,0.0,0,0,0,0,0,0,2,0,0,0,0,0,0,4.142939096461847,0,0,0,0,0,0,0,1.0,0.6716236638087852,0.46005506295004606,0.3259735107421875,1.0,3441.773941040039,0.0509033203125,0.64849853515625,0.09765625,33.0,410.0,410.0
Q01207__clean,Q01207,1,,bpl.kr,data/qr_images/Q01207.png,none,none,3,1,http://bpl.kr/6ay?sidonela.co?aldk,opencv,exact,34,6,4,16,2,0,0,1,0.029411764705882353,2,0,2,0,0,0,1,1,0,0,0,0,0,4.256149238118269,0,0,0,0,0,0,0,1.0,0.6859013426537607,0.4556843610376926,0.3164634704589844,1.0,3185.9076538085938,0.04590606689453125,0.5340576171875,0.107421875,29.0,370.0,370.0
Q01208__clean,Q01208,1,,vivendodeapostas.com,data/qr_images/Q01208.png,none,none,5,1,http://vivendodeapostas.com/user3/main.jsp/linkedin/linkedin.com/serro.php,opencv,exact,74,20,47,0,4,0,0,1,0.013513513513513514,0,0,0,0,0,0,5,0,0,0,0,0,0,4.236084704826945,0,0,0,0,0,0,0,1.0,0.6463990155388327,0.4669944330652234,0.3508644104003906,1.0,4146.158843994141,0.060115814208984375,0.41961669921875,0.08984375,37.0,450.0,450.0
Q01209__clean,Q01209,1,,office.com,data/qr_images/Q01209.png,none,none,8,1,https://forms.office.com/Pages/ResponsePage.aspx?id=DQSIkWdsW0yxEjajBLZtrQAAAAAAAAAAAAO__ST2w_BUNDEwNVFFVUdVUU1BNjQ2SFBZTUsxWE1RNC4u,opencv,exact,132,16,24,83,3,1,0,6,0.045454545454545456,5,0,1,1,0,0,2,1,1,0,0,0,0,5.356460361874999,0,0,0,0,0,0,0,1.0,0.6158776675953584,0.4703129033715023,0.3839378356933594,1.0,5094.120758056641,0.08081436157226562,0.72479248046875,0.0703125,49.0,570.0,570.0
Q01210__clean,Q01210,1,,luckyelephantthai.com,data/qr_images/Q01210.png,none,none,4,1,http://luckyelephantthai.com/admin/uploads/gallery/go/tv,opencv_aruco,exact,56,21,28,0,1,0,0,0,0.0,0,0,0,0,0,0,5,0,0,0,0,0,0,4.209141424086756,0,0,0,0,0,0,0,1.0,0.6710277931362975,0.4599596613789743,0.3259010314941406,1.0,3685.8199768066406,0.053340911865234375,0.57220458984375,0.09765625,33.0,410.0,410.0
Q01211__clean,Q01211,1,,condos-at-the-beach.com,data/qr_images/Q01211.png,none,none,4,1,http://www.condos-at-the-beach.com/home/cad.html,opencv,exact,48,27,14,0,3,1,3,0,0.0,3,0,0,0,0,0,2,0,0,0,0,0,0,3.965199876515855,0,0,0,0,0,0,0,1.0,0.6674571317784926,0.46151500615056223,0.3292121887207031,1.0,3556.554862976074,0.051891326904296875,0.49591064453125,0.09765625,33.0,410.0,410.0
Q01212__clean,Q01212,1,,199.192.18.162,data/qr_images/Q01212.png,none,none,4,1,http://199.192.18.162/~alertchasebnknot/amazon/Amazon/,opencv,exact,54,14,33,0,3,0,0,11,0.2037037037037037,1,0,0,0,0,0,3,0,0,1,0,0,0,4.3588860579920965,0,0,0,0,0,0,0,1.0,0.6805422764198453,0.456244599684813,0.31664276123046875,1.0,3664.2238693237305,0.053272247314453125,0.5340576171875,0.09765625,33.0,410.0,410.0
Q01213__clean,Q01213,0,,mobilexpose.com,data/qr_images/Q01213.png,none,none,3,1,http://www.mobilexpose.com/,opencv,exact,27,19,1,0,2,1,0,0,0.0,0,0,0,0,0,0,0,0,0,0,0,0,0,3.8561962982193805,0,0,0,0,0,0,0,1.0,0.6961254344267004,0.45136676080768345,0.305572509765625,1.0,3131.5434036254883,0.04543304443359375,0.57220458984375,0.107421875,29.0,370.0,370.0
Q01214__clean,Q01214,0,,lanzaroteinformation.co.uk,data/qr_images/Q01214.png,none,none,3,1,http://lanzaroteinformation.co.uk,opencv,exact,33,26,0,0,2,0,0,0,0.0,0,0,0,0,0,0,0,0,0,0,0,0,0,4.028946391954607,0,0,0,0,0,0,0,1.0,0.6705606797162225,0.4620932437373785,0.33135223388671875,1.0,2980.382209777832,0.043315887451171875,0.57220458984375,0.107421875,29.0,370.0,370.0
Q01215__clean,Q01215,0,,simon.com,data/qr_images/Q01215.png,none,none,5,1,http://www.simon.com/mall/the-florida-mall/stores/traffic-shoes,opencv,exact,63,13,43,0,2,1,3,0,0.0,3,0,0,0,0,0,4,0,0,0,0,0,0,4.1481918375123215,0,0,0,0,0,0,0,1.0,0.6508463691262638,0.4658774440430422,0.3461265563964844,1.0,4110.709014892578,0.059051513671875,0.5340576171875,0.08984375,37.0,450.0,450.0
Q01216__clean,Q01216,0,,solvedassignmentaiou.com,data/qr_images/Q01216.png,none,none,3,1,https://www.solvedassignmentaiou.com/,opencv,exact,37,28,1,0,2,1,0,0,0.0,0,0,0,0,0,0,0,0,1,0,0,0,0,4.1548709329626305,0,0,0,0,0,0,0,1.0,0.6778652714748009,0.4587779486620313,0.32382965087890625,1.0,3144.550262451172,0.04590606689453125,0.457763671875,0.107421875,29.0,370.0,370.0
Q01217__clean,Q01217,0,,mamapics.com,data/qr_images/Q01217.png,none,none,3,1,http://www.mamapics.com/pt/,opencv,exact,27,16,4,0,2,1,0,0,0.0,0,0,0,0,0,0,1,0,0,0,0,0,0,3.531941205546659,0,0,0,0,0,0,0,1.0,0.6844390420352712,0.4562026670225359,0.31695556640625,1.0,3179.964912414551,0.0460052490234375,0.457763671875,0.107421875,29.0,370.0,370.0
Q01218__clean,Q01218,0,,optique27.com,data/qr_images/Q01218.png,none,none,2,1,http://www.optique27.com/,opencv,exact,25,17,1,0,2,1,0,2,0.08,0,0,0,0,0,0,0,0,0,0,0,0,0,3.833269689515107,0,0,0,0,0,0,0,1.0,0.6951209872376685,0.45314350406475057,0.308502197265625,1.0,2529.879837036133,0.0380859375,0.49591064453125,0.12109375,25.0,330.0,330.0
Q01219__clean,Q01219,0,,faa.gov,data/qr_images/Q01219.png,none,none,6,1,https://www.faa.gov/documentlibrary/media/advisory_circular/tcas%20ii%20v7.1%20intro%20booklet.pdf,opencv,exact,98,11,79,0,4,1,0,10,0.10204081632653061,5,0,0,0,0,4,4,0,1,0,0,0,0,4.705357737615909,0,0,0,0,0,0,0,1.0,0.6438813003839231,0.46617189178508556,0.3554039001464844,1.0,4864.20516204834,0.06903839111328125,0.6103515625,0.08203125,41.0,490.0,490.0
Q01220__clean,Q01220,0,,roma-antiqua.de,data/qr_images/Q01220.png,none,none,3,1,http://www.roma-antiqua.de/,opencv,exact,27,19,1,0,2,1,1,0,0.0,1,0,0,0,0,0,0,0,0,0,0,0,0,3.9763856499911046,0,0,0,0,0,0,0,1.0,0.6946655871821384,0.4522268657237972,0.3070640563964844,1.0,3051.4576110839844,0.044506072998046875,0.72479248046875,0.107421875,29.0,370.0,370.0
Q01221__clean,Q01221,1,,intercambios.org.ar,data/qr_images/Q01221.png,none,none,4,1,http://intercambios.org.ar/sitioanterior/MADE/Login.htm,opencv,exact,55,19,29,0,3,0,0,0,0.0,0,0,0,0,0,0,3,0,0,0,0,0,0,4.142939096461846,1,1,0,0,0,0,0,1.0,0.6603166767195159,0.464050570082811,0.337493896484375,1.0,3507.351760864258,0.051471710205078125,0.6866455078125,0.09765625,33.0,410.0,410.0
Q01222__clean,Q01222,1,,bit.do,data/qr_images/Q01222.png,none,none,2,1,http://bit.do/fHaNH,opencv,exact,19,6,6,0,1,0,0,0,0.0,0,0,0,0,0,0,1,0,0,0,0,0,0,3.6421498816369033,0,0,0,0,0,0,0,1.0,0.6932830660950904,0.45374843013433197,0.310943603515625,1.0,2573.3380584716797,0.0388641357421875,0.6103515625,0.12109375,25.0,330.0,330.0
Q01223__clean,Q01223,0,,ipadable.com,data/qr_images/Q01223.png,none,none,5,1,http://www.ipadable.com/20-best-ipad-apps-for-downloading-free-music/,opencv,exact,69,16,46,0,2,1,7,2,0.028985507246376812,7,0,0,0,0,0,1,0,0,0,0,0,0,4.421849958117244,0,0,0,0,0,0,0,1.0,0.6543020809397978,0.4642454610741557,0.34250640869140625,1.0,4068.6628036499023,0.06023406982421875,0.5340576171875,0.08984375,37.0,450.0,450.0
Q01224__clean,Q01224,1,,aggiornareprofilonline.com,data/qr_images/Q01224.png,none,none,4,1,https://aggiornareprofilonline.com/home.html,opencv,exact,44,26,10,0,2,0,0,0,0.0,0,0,0,0,0,0,1,0,1,0,0,0,0,4.0411673460484785,0,0,0,0,0,0,0,1.0,0.6626966887829351,0.4625617469421545,0.3345451354980469,1.0,3750.8703384399414,0.05478668212890625,0.3814697265625,0.09765625,33.0,410.0,410.0
Q01225__clean,Q01225,1,,vot.pl,data/qr_images/Q01225.png,none,none,2,1,http://fience.vot.pl/ry,opencv,exact,23,13,3,0,2,1,0,0,0.0,0,0,0,0,0,0,1,0,0,0,0,0,0,3.849223912390625,0,0,0,0,0,0,0,1.0,0.6877742094152114,0.4561224062679302,0.3162879943847656,1.0,2599.1271743774414,0.038818359375,0.34332275390625,0.12109375,25.0,330.0,330.0
Q01226__clean,Q01226,1,,tcorner.fr,data/qr_images/Q01226.png,none,none,4,1,http://ch.tcorner.fr/https//admin.hostpoint.ch/,opencv,exact,47,13,27,0,4,1,0,0,0.0,0,0,0,0,0,0,2,0,0,0,0,0,1,3.798305076273715,0,0,0,0,0,0,0,1.0,0.6710251452876073,0.4600261538317568,0.3257865905761719,1.0,3609.656463623047,0.052581787109375,0.3814697265625,0.09765625,33.0,410.0,410.0
Q01227__clean,Q01227,0,,academlib.com,data/qr_images/Q01227.png,none,none,4,1,http://academlib.com/26715/computer_science/firewall,opencv,exact,52,13,32,0,1,0,0,5,0.09615384615384616,1,0,0,0,0,0,3,0,0,0,0,0,0,4.458067430946327,0,0,0,0,0,0,0,1.0,0.6615098990646063,0.4632841960119649,0.3353691101074219,1.0,3609.3247299194336,0.052959442138671875,0.457763671875,0.09765625,33.0,410.0,410.0
Q01228__clean,Q01228,0,,consumerreports.org,data/qr_images/Q01228.png,none,none,5,1,http://www.consumerreports.org/cro/wireless-routers/buying-guide,opencv,exact,64,23,34,0,2,1,2,0,0.0,2,0,0,0,0,0,3,0,0,0,0,0,0,4.158617633875558,0,0,0,0,0,0,0,1.0,0.6710934657676547,0.45840045991520084,0.325469970703125,1.0,4106.836669921875,0.060253143310546875,0.6103515625,0.08984375,37.0,450.0,450.0
Q01229__clean,Q01229,0,,autonomic-controls.com,data/qr_images/Q01229.png,none,none,7,1,http://www.autonomic-controls.com/documents/Amplifiers/Mirage_Digital_Amplifiers_Protocol_Document_(RS-232)(IP).pdf,opencv,exact,115,26,82,0,3,1,2,3,0.02608695652173913,11,0,0,0,0,0,3,0,0,0,0,0,0,4.79278160885282,0,0,0,0,0,0,0,1.0,0.6183740503647748,0.4724161102190341,0.3794212341308594,1.0,4954.252769470215,0.0722808837890625,0.95367431640625,0.076171875,45.0,530.0,530.0
Q01230__clean,Q01230,1,,designfitters.com,data/qr_images/Q01230.png,none,none,3,1,http://designfitters.com/poster/adobe/,opencv,exact,38,17,14,0,1,0,0,0,0.0,0,0,0,0,0,0,2,0,0,0,0,0,0,3.9655839357277807,0,0,0,0,0,0,0,1.0,0.679327153224571,0.45838948415534764,0.322357177734375,1.0,3112.091697692871,0.045291900634765625,0.57220458984375,0.107421875,29.0,370.0,370.0
Q01231__clean,Q01231,0,,matchy.net,data/qr_images/Q01231.png,none,none,2,1,https://www.matchy.net/,opencv,exact,23,14,1,0,2,1,0,0,0.0,0,0,0,0,0,0,0,0,1,0,0,0,0,3.5883543471732335,0,0,0,0,0,0,0,1.0,0.7043037564146752,0.4494057128884344,0.29952239990234375,1.0,2491.213050842285,0.0368804931640625,0.64849853515625,0.12109375,25.0,330.0,330.0
Q01232__clean,Q01232,0,,dickssportinggoods.com,data/qr_images/Q01232.png,none,none,4,1,http://www.dickssportinggoods.com/?kw=2632157,opencv,exact,45,26,1,10,2,1,0,7,0.15555555555555556,2,0,1,1,0,0,0,1,0,0,0,0,0,4.463749485074332,0,0,0,0,0,0,0,1.0,0.6710258334290747,0.45998213818003514,0.32561492919921875,1.0,3587.180305480957,0.052616119384765625,0.762939453125,0.09765625,33.0,410.0,410.0
Q01233__clean,Q01233,0,,baynhe.vn,data/qr_images/Q01233.png,none,none,2,1,https://baynhe.vn/,opencv,exact,18,9,1,0,1,0,0,0,0.0,0,0,0,0,0,0,0,0,1,0,0,0,0,3.572431251322119,0,0,0,0,0,0,0,1.0,0.6987910401587393,0.4516711037910787,0.3054008483886719,1.0,2528.681022644043,0.037738800048828125,0.64849853515625,0.12109375,25.0,330.0,330.0
Q01234__clean,Q01234,1,,alertasexito.com,data/qr_images/Q01234.png,none,none,3,1,http://www.alertasexito.com,opencv,exact,27,20,0,0,2,1,0,0,0.0,0,0,0,0,0,0,0,0,0,0,0,0,0,3.91211389097223,0,0,0,0,0,0,0,1.0,0.6932050368365119,0.4526740529744727,0.3085594177246094,1.0,3104.728630065918,0.04510498046875,0.49591064453125,0.107421875,29.0,370.0,370.0
Q01235__clean,Q01235,0,,dezeen.com,data/qr_images/Q01235.png,none,none,3,1,https://www.dezeen.com/tag/stations/,opencv,exact,36,14,14,0,2,1,0,0,0.0,0,0,0,0,0,0,2,0,1,0,0,0,0,3.9064821276822,0,0,0,0,0,0,0,1.0,0.6866326425589767,0.45550735893157523,0.3146247863769531,1.0,3193.346366882324,0.045604705810546875,0.57220458984375,0.107421875,29.0,370.0,370.0
Q01236__clean,Q01236,1,,navettetrans.com,data/qr_images/Q01236.png,none,none,4,1,https://amazonclientenquete.navettetrans.com/,opencv,exact,45,36,1,0,2,1,0,0,0.0,0,0,0,0,0,0,0,0,1,0,0,0,0,3.9468355977667766,0,0,0,0,0,0,0,1.0,0.6626965990253523,0.4630137135773676,0.33453369140625,1.0,3626.660026550293,0.052700042724609375,0.49591064453125,0.09765625,33.0,410.0,410.0
Q01237__clean,Q01237,1,,watsonspestcontrol.com.au,data/qr_images/Q01237.png,none,none,4,1,http://www.watsonspestcontrol.com.au/loss/drpbxx/drpbxx/,opencv,exact,56,29,20,0,3,1,0,0,0.0,0,0,0,0,0,0,3,0,0,0,0,0,0,4.095775075058242,0,0,0,0,0,0,0,1.0,0.6555574454513251,0.4652522611448289,0.3412628173828125,1.0,3709.5117111206055,0.054042816162109375,0.3814697265625,0.09765625,33.0,410.0,410.0
Q01238__clean,Q01238,1,,45.40.130.40,data/qr_images/Q01238.png,none,none,4,1,http://45.40.130.40/IlOysTgNjFrGtHtEAwVo/indexx.php,opencv,exact,51,12,32,0,4,0,0,9,0.17647058823529413,0,0,0,0,0,0,2,0,0,1,0,0,0,4.843706469295217,0,0,0,0,0,0,0,1.0,0.6680496814204198,0.4610037887556308,0.32880401611328125,1.0,3630.2499618530273,0.05304718017578125,0.49591064453125,0.09765625,33.0,410.0,410.0
Q01239__clean,Q01239,1,,rebrand.ly,data/qr_images/Q01239.png,none,none,2,1,https://rebrand.ly/s7qjoks,opencv,exact,26,10,8,0,1,0,0,1,0.038461538461538464,0,0,0,0,0,0,1,0,1,0,0,0,0,4.18083298720544,0,0,0,0,0,0,0,1.0,0.7079779531441482,0.4476738081917239,0.2955970764160156,1.0,2479.90438079834,0.036808013916015625,0.49591064453125,0.12109375,25.0,330.0,330.0
Q01240__clean,Q01240,0,,australianfavors.com.au,data/qr_images/Q01240.png,none,none,3,1,https://australianfavors.com.au/,opencv,exact,32,23,1,0,2,0,0,0,0.0,0,0,0,0,0,0,0,0,1,0,0,0,0,3.9414280318460246,0,0,0,0,0,0,0,1.0,0.6961259580125996,0.45136815145220677,0.30545806884765625,1.0,3111.9135360717773,0.045360565185546875,0.5340576171875,0.107421875,29.0,370.0,370.0
Q01241__clean,Q01241,0,,lurkmore.to,data/qr_images/Q01241.png,none,none,3,1,https://lurkmore.to/Keyboard_Cat,opencv,exact,32,11,13,0,1,0,0,0,0.0,1,0,0,0,0,0,1,0,1,0,0,0,0,4.179229296672174,0,0,0,0,0,0,0,1.0,0.6720229204963235,0.46099361817691736,0.32968902587890625,1.0,3083.030372619629,0.045612335205078125,0.457763671875,0.107421875,29.0,370.0,370.0
Q01242__clean,Q01242,1,,yolasite.com,data/qr_images/Q01242.png,none,none,3,1,https://my-site262.yolasite.com/,opencv,exact,32,23,1,0,2,1,1,3,0.09375,1,0,0,0,0,0,0,0,1,0,0,0,0,4.015319531114783,0,0,0,0,0,0,0,1.0,0.677866273767808,0.4587502667745514,0.3239173889160156,1.0,3069.7760467529297,0.04567718505859375,0.49591064453125,0.107421875,29.0,370.0,370.0
Q01243__clean,Q01243,0,,amsoil.com,data/qr_images/Q01243.png,none,none,5,1,http://www.amsoil.com/shop/by-product/transmission-fluid/manual/,opencv,exact,64,14,43,0,2,1,2,0,0.0,2,0,0,0,0,0,4,0,0,0,0,0,0,4.271168704467279,0,0,0,0,0,0,0,1.0,0.6464007508520987,0.467420735923959,0.3503532409667969,1.0,4104.15104675293,0.058628082275390625,0.49591064453125,0.08984375,37.0,450.0,450.0
Q01244__clean,Q01244,0,,womenshealthmag.co.uk,data/qr_images/Q01244.png,none,none,3,1,http://www.womenshealthmag.co.uk/,opencv,exact,33,25,1,0,3,1,0,0,0.0,0,0,0,0,0,0,0,0,0,0,0,0,0,3.9831956342477297,0,0,0,0,0,0,0,1.0,0.6844413458132277,0.45640438478394313,0.3172035217285156,1.0,3113.279571533203,0.04520416259765625,0.3814697265625,0.107421875,29.0,370.0,370.0
Q01245__clean,Q01245,0,,online-tech-tips.com,data/qr_images/Q01245.png,none,none,5,1,http://www.online-tech-tips.com/computer-tips/check-for-bad-memory/,opencv,exact,67,24,36,0,2,1,6,0,0.0,6,0,0,0,0,0,2,0,0,0,0,0,0,4.297765878292771,0,0,0,0,0,0,0,1.0,0.6523258583218443,0.4653666564374329,0.3449058532714844,1.0,4053.312858581543,0.058635711669921875,0.41961669921875,0.08984375,37.0,450.0,450.0
Q01246__clean,Q01246,0,,oodesign.com,data/qr_images/Q01246.png,none,none,4,1,http://www.oodesign.com/adapter-pattern.html,opencv,exact,44,16,21,0,3,1,1,0,0.0,1,0,0,0,0,0,1,0,0,0,0,0,0,4.123204629558406,0,0,0,0,0,0,0,1.0,0.6591285705566406,0.46426934455152696,0.338226318359375,1.0,3628.6112899780273,0.05279541015625,0.6103515625,0.09765625,33.0,410.0,410.0
Q01247__clean,Q01247,1,,masterhealthcaregroup.com,data/qr_images/Q01247.png,none,none,9,1,http://masterhealthcaregroup.com/wp-content/uploads/Office369/cfb7a0824144625b1067e3859bb85ffc/Login.php?websrc=59c275dc2e97dd3b896ed4ff2b82a8fd&dispatched=29&id=878485762,opencv,exact,171,25,72,66,2,0,1,52,0.30409356725146197,7,0,1,3,2,0,5,3,0,0,0,0,0,4.967635066856988,1,1,0,0,0,0,0,1.0,0.6124603570676317,0.470413675592069,0.3859519958496094,1.0,6679.221992492676,0.0920867919921875,0.95367431640625,0.06640625,53.0,610.0,610.0
Q01248__clean,Q01248,0,,kia.com,data/qr_images/Q01248.png,none,none,3,1,https://www.kia.com/cz/dealer/pemmbrno/,opencv,exact,39,11,20,0,2,1,0,0,0.0,0,0,0,0,0,0,3,0,1,0,0,0,0,4.162980744225907,0,0,0,0,0,0,0,1.0,0.6844397600959329,0.4562915985118856,0.3172607421875,1.0,3183.5329666137695,0.045948028564453125,0.41961669921875,0.107421875,29.0,370.0,370.0
Q01249__clean,Q01249,1,,illmickelsonbeats.com,data/qr_images/Q01249.png,none,none,4,1,http://usbank-link-mupyndtfft---com.illmickelsonbeats.com/,opencv,exact,58,50,1,0,2,1,5,0,0.0,5,0,0,0,0,0,0,0,0,0,0,0,0,4.310591237164564,1,0,0,0,0,0,1,1.0,0.6597222870471431,0.4639735819723087,0.3373565673828125,1.0,3645.3812255859375,0.05316925048828125,0.5340576171875,0.09765625,33.0,410.0,410.0
Q01250__clean,Q01250,1,,naturealtree.com,data/qr_images/Q01250.png,none,none,6,1,http://sma.naturealtree.com/mot?jk=Z4NwlHBmcGKEmLqxy5qmnnx0YpGGjIx0fGBkaXy0j2lj/linda.todd7@nhs.net,opencv,exact,99,20,4,67,4,1,0,7,0.0707070707070707,3,1,1,1,0,0,1,1,0,0,0,0,0,5.141475560017514,0,0,0,0,0,0,0,1.0,0.6359684364468443,0.46919773769562967,0.3640022277832031,1.0,4753.195350646973,0.0666046142578125,0.64849853515625,0.08203125,41.0,490.0,490.0
Q01251__clean,Q01251,1,,goldcoastships.com,data/qr_images/Q01251.png,none,none,4,1,http://goldcoastships.com/daum/daum/daaum/login.php,opencv,exact,51,18,26,0,2,0,0,0,0.0,0,0,0,0,0,0,4,0,0,0,0,0,0,3.944210332414287,1,1,0,0,0,0,0,1.0,0.6805446849149817,0.45662932611859824,0.3170127868652344,1.0,3535.8770904541016,0.0513916015625,0.64849853515625,0.09765625,33.0,410.0,410.0
Q01252__clean,Q01252,1,,zxc301.com,data/qr_images/Q01252.png,none,none,4,1,http://pay-pal-deutschland.zxc301.com/029188,opencv,exact,44,30,7,0,2,1,2,9,0.20454545454545456,2,0,0,0,0,0,1,0,0,0,0,0,0,4.555467129755084,0,0,0,0,0,0,0,1.0,0.6710260877422258,0.4599372157374287,0.3255424499511719,1.0,3615.6150512695312,0.05286407470703125,0.57220458984375,0.09765625,33.0,410.0,410.0
Q01253__clean,Q01253,1,,puertolibreecuador.com,data/qr_images/Q01253.png,none,none,5,1,https://puertolibreecuador.com/index/html/?logon=set&amp;46023a21a900f2fa392f,opencv,exact,77,22,12,34,1,0,0,14,0.18181818181818182,4,0,1,1,1,0,2,2,1,0,0,0,0,4.8047407304979535,0,0,0,0,0,0,0,1.0,0.6715853821997549,0.4587765608548781,0.3251075744628906,1.0,3991.1608352661133,0.0579376220703125,0.8392333984375,0.08984375,37.0,450.0,450.0
Q01254__clean,Q01254,1,,holopokor.com,data/qr_images/Q01254.png,none,none,6,1,http://www.dfshkqbzt.holopokor.com/admine/voscomptes/banqueposataleservice/postale.activation/,opencv,exact,94,27,60,0,4,2,0,0,0.0,0,0,0,0,0,0,4,0,0,0,0,0,0,4.364988055892235,0,0,0,0,0,0,0,1.0,0.6430487090466069,0.4666571054598768,0.356964111328125,1.0,4871.625350952148,0.06859970092773438,0.6103515625,0.08203125,41.0,490.0,490.0
Q01255__clean,Q01255,1,,deref-gmx.net,data/qr_images/Q01255.png,none,none,7,1,https://deref-gmx.net/mail/client/cDzxm8yeMDU/dereferrer/?redirectUrl=https%3A%2F%2Fsupport.apple.com%2Fde-de%2Fitunes,opencv,exact,118,13,36,60,3,0,2,6,0.05084745762711865,9,0,1,1,0,5,4,1,1,0,0,0,0,4.699996232649803,0,0,0,0,0,0,0,1.0,0.6233575559129902,0.47068251099032365,0.3745307922363281,1.0,5213.466094970703,0.07477951049804688,0.6866455078125,0.076171875,45.0,530.0,530.0
Q01256__clean,Q01256,1,,navettetrans.com,data/qr_images/Q01256.png,none,none,4,1,http://orangeclientenquete.navettetrans.com/,opencv,exact,44,36,1,0,2,1,0,0,0.0,0,0,0,0,0,0,0,0,0,0,0,0,0,3.904377428010702,0,0,0,0,0,0,0,1.0,0.6745947445140166,0.4590601015685296,0.322021484375,1.0,3503.2494201660156,0.050968170166015625,0.6103515625,0.09765625,33.0,410.0,410.0
Q01257__clean,Q01257,1,,anjoe.com,data/qr_images/Q01257.png,none,none,4,1,http://anjoe.com/js/www.loginalibaba.com/alibaba/,opencv,exact,49,9,33,0,3,0,0,0,0.0,0,0,0,0,0,0,3,0,0,0,0,0,0,3.9783667937604315,1,1,0,0,0,0,0,1.0,0.657937188241996,0.46438271222537014,0.33892059326171875,1.0,3713.9006118774414,0.054080963134765625,0.34332275390625,0.09765625,33.0,410.0,410.0
Q01258__clean,Q01258,0,,alternativeairlines.com,data/qr_images/Q01258.png,none,none,4,1,https://www.alternativeairlines.com/LATAM-airlines,opencv,exact,50,27,15,0,2,1,1,0,0.0,1,0,0,0,0,0,1,0,1,0,0,0,0,4.281076880026372,0,0,0,0,0,0,0,1.0,0.6686441159715839,0.46060527566715376,0.3292503356933594,1.0,3717.4297256469727,0.054058074951171875,0.6866455078125,0.09765625,33.0,410.0,410.0
Q01259__clean,Q01259,0,,foursquare.com,data/qr_images/Q01259.png,none,none,5,1,https://tr.foursquare.com/v/the-hardware-store/4a2ff541f964a520fa981fe3,opencv,exact,71,17,46,0,2,1,2,15,0.2112676056338028,2,0,0,0,0,0,3,0,1,0,0,0,0,4.538792239998412,0,0,0,0,0,0,0,1.0,0.6483761357326133,0.46589103475761295,0.3480720520019531,1.0,4266.340927124023,0.062107086181640625,0.57220458984375,0.08984375,37.0,450.0,450.0
Q01260__clean,Q01260,1,,enex-ref.com,data/qr_images/Q01260.png,none,none,4,1,http://www.enex-ref.com/engine/redovh.php?20181017121404,opencv,exact,56,16,18,14,3,1,1,14,0.25,2,0,1,0,0,0,2,1,0,0,0,0,0,4.492198841847881,0,0,0,0,0,0,0,1.0,0.6662673202215457,0.4616335433940168,0.3311195373535156,1.0,3621.301986694336,0.05309295654296875,0.457763671875,0.09765625,33.0,410.0,410.0
Q01261__clean,Q01261,0,,medicalnewstoday.com,data/qr_images/Q01261.png,none,none,4,1,http://www.medicalnewstoday.com/articles/188939.php,opencv,exact,51,24,20,0,3,1,0,6,0.11764705882352941,0,0,0,0,0,0,2,0,0,0,0,0,0,4.382730488818215,0,0,0,0,0,0,0,1.0,0.6662641487869562,0.4617813239621982,0.3305931091308594,1.0,3613.091957092285,0.052661895751953125,0.6103515625,0.09765625,33.0,410.0,410.0
Q01262__clean,Q01262,1,,limitlessearn.com,data/qr_images/Q01262.png,none,none,3,1,http://limitlessearn.com/log_in/,opencv,exact,32,17,8,0,1,0,0,0,0.0,1,0,0,0,0,0,1,0,0,0,0,0,0,3.9917292966721747,0,0,0,0,0,0,0,1.0,0.6749437219956342,0.4605080446913931,0.32669830322265625,1.0,2910.521499633789,0.042873382568359375,0.57220458984375,0.107421875,29.0,370.0,370.0
Q01263__clean,Q01263,0,,biocreative.org,data/qr_images/Q01263.png,none,none,5,1,http://www.biocreative.org/media/store/files/2013/cc_review.pdf,opencv,exact,63,19,37,0,3,1,0,4,0.06349206349206349,1,0,0,0,0,0,5,0,0,0,0,0,0,4.371291480805731,0,0,0,0,0,0,0,1.0,0.640474282059015,0.46826858977413904,0.3565025329589844,1.0,4242.038589477539,0.062191009521484375,0.457763671875,0.08984375,37.0,450.0,450.0
Q01264__clean,Q01264,1,,presentes-promocoes-premier.com,data/qr_images/Q01264.png,none,none,11,1,https://www40.presentes-promocoes-premier.com/prod0fe1e8e0c3338d8757ace102596adfcelnk/smart-tv-4k-led-55-samsung-un55ru7100gxzd-wi-fi-bluetooth-3-hdmi-2-usb/p/1934272/et/tv4k?fbclid=IwAR3h8slQ97wVoor4y1s06osRC8gd9DoatOhBU8xyZl_yMcbFE0J946FEobQ,opencv,exact,243,37,129,68,2,1,15,54,0.2222222222222222,18,0,1,1,0,0,6,1,1,0,0,0,0,5.390552154228662,0,0,0,0,0,0,0,1.0,0.6009290657791437,0.47051558323906834,0.3991889953613281,1.0,7828.286071777344,0.10589218139648438,1.02996826171875,0.05859375,61.0,690.0,690.0
Q01265__clean,Q01265,0,,slate.com,data/qr_images/Q01265.png,none,none,6,1,http://www.slate.com/blogs/the_slatest/2017/01/12/cnn_trump_russia_and_christopher_steele_s_dossier.html,opencv,exact,104,13,84,0,3,1,0,8,0.07692307692307693,8,0,0,0,0,0,6,0,0,0,0,0,0,4.391391158578574,0,0,0,0,0,0,0,1.0,0.6418013927983303,0.4672982604359615,0.3593635559082031,1.0,4708.498336791992,0.06685638427734375,0.5340576171875,0.08203125,41.0,490.0,490.0
Q01266__clean,Q01266,0,,sv-centre.ru,data/qr_images/Q01266.png,none,none,2,1,http://www.sv-centre.ru/,opencv,exact,24,16,1,0,2,1,1,0,0.0,1,0,0,0,0,0,0,0,0,0,0,0,0,3.7406015629507228,0,0,0,0,0,0,0,1.0,0.696957950966031,0.45242033795392406,0.3064308166503906,1.0,2495.706756591797,0.03755950927734375,0.41961669921875,0.12109375,25.0,330.0,330.0
Q01267__clean,Q01267,1,,vakantieverhuur.be,data/qr_images/Q01267.png,none,none,11,1,http://vakantieverhuur.be/fonts/fonts/chaseind.php?cmd=login_submit&amp;id=ee4218840dfd24afb0a7f7049764dfeaee4218840dfd24afb0a7f7049764dfea&amp;session=ee4218840dfd24afb0a7f7049764dfeaee4218840dfd24afb0a7f7049764dfea,opencv,exact,216,18,25,165,2,0,0,72,0.3333333333333333,9,0,1,3,2,0,3,3,0,0,0,0,0,4.664456724836767,1,1,0,0,0,0,0,1.0,0.6118494520000383,0.4684292264786155,0.3883705139160156,1.0,7807.8713302612305,0.10469436645507812,1.4495849609375,0.05859375,61.0,690.0,690.0
Q01268__clean,Q01268,0,,alterego.gr,data/qr_images/Q01268.png,none,none,2,1,https://www.alterego.gr/,opencv,exact,24,15,1,0,2,1,0,0,0.0,0,0,0,0,0,0,0,0,1,0,0,0,0,3.6572682296173893,0,0,0,0,0,0,0,1.0,0.7088959787406174,0.44721966938181273,0.2949028015136719,1.0,2500.779342651367,0.037059783935546875,0.457763671875,0.12109375,25.0,330.0,330.0
Q01269__clean,Q01269,1,,z73sx3kfvu12ol97jastd32ksdyu2mu2ds.ga,data/qr_images/Q01269.png,none,none,4,1,http://rakuten.co.jp.z73sx3kfvu12ol97jastd32ksdyu2mu2ds.ga/,opencv,exact,59,51,1,0,4,3,0,11,0.1864406779661017,0,0,0,0,0,0,0,0,0,0,0,0,0,4.666127159347987,0,0,0,0,0,0,0,1.0,0.6805424559350107,0.45643595922621294,0.3166618347167969,1.0,3542.8168182373047,0.051891326904296875,0.8392333984375,0.09765625,33.0,410.0,410.0
Q01270__clean,Q01270,0,,byggmakkerpluss.no,data/qr_images/Q01270.png,none,none,3,1,http://www.byggmakkerpluss.no/,opencv,exact,30,22,1,0,2,1,0,0,0.0,0,0,0,0,0,0,0,0,0,0,0,0,0,4.1898980954642875,0,0,0,0,0,0,0,1.0,0.6844415702071844,0.45646844178233265,0.3177146911621094,1.0,3144.7998657226562,0.04505157470703125,0.41961669921875,0.107421875,29.0,370.0,370.0
Q01271__clean,Q01271,1,,digitalmillionaires.com,data/qr_images/Q01271.png,none,none,4,1,http://www.digitalmillionaires.com/loading..php,opencv,exact,47,27,13,0,4,1,0,0,0.0,0,0,0,0,0,0,1,0,0,0,0,0,0,4.06439523428811,0,0,0,0,0,0,0,1.0,0.6579369189692479,0.46443233798300476,0.3383941650390625,1.0,3692.027030944824,0.0538482666015625,0.5340576171875,0.09765625,33.0,410.0,410.0
Q01272__clean,Q01272,0,,doctoranytime.gr,data/qr_images/Q01272.png,none,none,3,1,https://www.doctoranytime.gr/,opencv,exact,29,20,1,0,2,1,0,0,0.0,0,0,0,0,0,0,0,0,1,0,0,0,0,4.0472990984266435,0,0,0,0,0,0,0,1.0,0.688821844961129,0.454445121510649,0.3128929138183594,1.0,3119.01473236084,0.045536041259765625,0.6866455078125,0.107421875,29.0,370.0,370.0
Q01273__clean,Q01273,1,,office.com,data/qr_images/Q01273.png,none,none,8,1,https://forms.office.com/Pages/ResponsePage.aspx?id=DQSIkWdsW0yxEjajBLZtrQAAAAAAAAAAAAYAAAyCQTVURjExWUxNSU4zNUVCTzRYWlY4QVIwT1FRSi4u,opencv,exact,132,16,24,83,3,1,0,5,0.03787878787878788,2,0,1,1,0,0,2,1,1,0,0,0,0,5.300695283095074,0,0,0,0,0,0,0,1.0,0.6011010113884421,0.47345209955167694,0.3987922668457031,1.0,5143.591857910156,0.08172607421875,0.80108642578125,0.0703125,49.0,570.0,570.0
Q01274__clean,Q01274,0,,techzoom.net,data/qr_images/Q01274.png,none,none,4,1,http://www.techzoom.net/Tools/IPAddressCalculator,opencv,exact,49,16,26,0,2,1,0,0,0.0,0,0,0,0,0,0,2,0,0,0,0,0,0,4.344529620492198,0,0,0,0,0,0,0,1.0,0.6817327013202742,0.455804636291515,0.3153190612792969,1.0,3520.3098373413086,0.052196502685546875,0.762939453125,0.09765625,33.0,410.0,410.0
Q01275__clean,Q01275,0,,simplypsychology.org,data/qr_images/Q01275.png,none,none,4,1,https://www.simplypsychology.org/psychosexual.html,opencv,exact,50,24,18,0,3,1,0,0,0.0,0,0,0,0,0,0,1,0,1,0,0,0,0,4.11127238011291,0,0,0,0,0,0,0,1.0,0.6662666919184667,0.46159665139335404,0.3307228088378906,1.0,3633.810317993164,0.0532684326171875,0.6103515625,0.09765625,33.0,410.0,410.0
Q01276__clean,Q01276,1,,johannareserve.com.au,data/qr_images/Q01276.png,none,none,6,1,http://johannareserve.com.au/wp-admin/user/about/_console?i=i&amp;0=customerservice@pplsi.com,opencv,exact,93,21,29,35,3,0,1,1,0.010752688172043012,8,1,1,2,1,0,4,2,0,0,0,0,0,4.5500846246378,0,0,0,0,0,0,0,1.0,0.6388850642185585,0.4678787932266574,0.3603057861328125,1.0,4840.279716491699,0.06839370727539062,0.49591064453125,0.08203125,41.0,490.0,490.0
Q01277__clean,Q01277,0,,open-electronics.org,data/qr_images/Q01277.png,none,none,6,1,https://www.open-electronics.org/10-of-the-most-incredible-open-source-hardware-projects-born-in-2013/,opencv,exact,102,24,70,0,2,1,12,6,0.058823529411764705,12,0,0,0,0,0,1,0,1,0,0,0,0,4.380642259322484,0,0,0,0,0,0,0,1.0,0.6547085930319393,0.4631445177100829,0.3446159362792969,1.0,4765.7464599609375,0.06727218627929688,0.91552734375,0.08203125,41.0,490.0,490.0
Q01278__clean,Q01278,0,,wikihow.com,data/qr_images/Q01278.png,none,none,4,1,http://www.wikihow.com/Build-a-Bridge-with-Popsicle-Sticks,opencv,exact,58,15,36,0,2,1,5,0,0.0,5,0,0,0,0,0,1,0,0,0,0,0,0,4.309869789234109,0,0,0,0,0,0,0,1.0,0.6674546634449678,0.46144792411912866,0.32962799072265625,1.0,3555.447967529297,0.0520172119140625,0.64849853515625,0.09765625,33.0,410.0,410.0
Q01279__clean,Q01279,1,,samcool.org,data/qr_images/Q01279.png,none,none,5,1,http://www.samcool.org/90AB705610D8E3CD93C3E28B0C6BEFD0/?sec=ThomasHamann,opencv,exact,73,15,34,16,2,1,0,18,0.2465753424657534,2,0,1,1,0,0,1,1,0,0,0,0,0,4.961759620636943,0,0,0,0,0,0,0,1.0,0.6701052497414982,0.4593329600712555,0.3263435363769531,1.0,3972.555130004883,0.057727813720703125,0.762939453125,0.08984375,37.0,450.0,450.0
Q01280__clean,Q01280,0,,telstra.com.au,data/qr_images/Q01280.png,none,none,4,1,https://www.telstra.com.au/broadband/mobile-broadband/plans,opencv,exact,59,18,33,0,3,1,1,0,0.0,1,0,0,0,0,0,3,0,1,0,0,0,0,4.1639974490862866,0,0,0,0,0,0,0,1.0,0.666267484777114,0.4612085579578095,0.3309440612792969,1.0,3785.4828872680664,0.055271148681640625,0.49591064453125,0.09765625,33.0,410.0,410.0
Q01281__clean,Q01281,1,,pranfoods.asia,data/qr_images/Q01281.png,none,none,3,1,http://pranfoods.asia/delleller,opencv,exact,31,14,10,0,1,0,0,0,0.0,0,0,0,0,0,0,1,0,0,0,0,0,0,3.8488846166291197,0,0,0,0,0,0,0,1.0,0.6961295632755056,0.45172786505253704,0.3053779602050781,1.0,2997.2462768554688,0.04386138916015625,0.6103515625,0.107421875,29.0,370.0,370.0
Q01282__clean,Q01282,1,,kinghost.net,data/qr_images/Q01282.png,none,none,4,1,http://atualizarcartao.kinghost.net/promocao.php,opencv,exact,48,28,13,0,3,1,0,0,0.0,0,0,0,0,0,0,1,0,0,0,0,0,0,4.008947073809812,0,0,0,0,0,0,0,1.0,0.6626991421568628,0.46306517571226974,0.3345298767089844,1.0,3683.0143432617188,0.0531005859375,0.49591064453125,0.09765625,33.0,410.0,410.0
Q01283__clean,Q01283,1,,strykertoyhaulers.com,data/qr_images/Q01283.png,none,none,12,1,http://www.strykertoyhaulers.com/wp-admin/js/online/order.php?.rand=13InboxLight.aspx?n=1774256418&amp;email=&amp;fav.1=&amp;fid=1&amp;fid=4&amp;fid.1=&amp;fid.1252899642=&amp;fid.4.1252899642=&amp;rand=13InboxLightaspxn.1774256418&amp;rand.13InboxLight.aspxn.1774256418=,opencv,exact,271,25,29,209,14,1,1,61,0.22509225092250923,32,0,2,11,9,0,4,10,0,0,0,0,0,5.068056056178391,0,0,0,0,0,0,0,1.0,0.5918628169041054,0.4699512037121848,0.4085350036621094,1.0,7321.175567626953,0.10951614379882812,1.068115234375,0.0546875,65.0,730.0,730.0
Q01284__clean,Q01284,0,,espn.com,data/qr_images/Q01284.png,none,none,4,1,http://www.espn.com/nba/player/_/id/3975/stephen-curry,opencv,exact,54,12,35,0,2,1,1,4,0.07407407407407407,2,0,0,0,0,0,6,0,0,0,0,0,0,4.43971065015136,0,0,0,0,0,0,0,1.0,0.6448515050551471,0.46884980374723867,0.3527679443359375,1.0,3601.99112701416,0.052761077880859375,0.3814697265625,0.09765625,33.0,410.0,410.0
Q01285__clean,Q01285,0,,bigfishgames.com,data/qr_images/Q01285.png,none,none,5,1,http://www.bigfishgames.com/online-games/genres/21/adventure.html,opencv,exact,65,20,38,0,3,1,1,2,0.03076923076923077,1,0,0,0,0,0,4,0,0,0,0,0,0,4.4079724750354154,0,0,0,0,0,0,0,1.0,0.6503510718252145,0.4658405360758414,0.34604644775390625,1.0,4015.784393310547,0.05915069580078125,0.6866455078125,0.08984375,37.0,450.0,450.0
Q01286__clean,Q01286,1,,edoism.com,data/qr_images/Q01286.png,none,none,4,1,http://edoism.com/build/AEJ3dI/AEJ3dI/AEJ3dI,opencv,exact,44,10,27,0,1,0,0,3,0.06818181818181818,0,0,0,0,0,0,4,0,0,0,0,0,0,4.120934959783183,0,0,0,0,0,0,0,1.0,0.6704320122213925,0.46044060375597895,0.3257026672363281,1.0,3477.221794128418,0.0511932373046875,0.457763671875,0.09765625,33.0,410.0,410.0
Q01287__clean,Q01287,0,,indexsignal.com,data/qr_images/Q01287.png,none,none,3,1,https://www.indexsignal.com/community/,opencv,exact,38,19,11,0,2,1,0,0,0.0,0,0,0,0,0,0,1,0,1,0,0,0,0,4.201231789474708,0,0,0,0,0,0,0,1.0,0.6756728677188649,0.45997772885076943,0.3265419006347656,1.0,3073.8021392822266,0.044586181640625,0.5340576171875,0.107421875,29.0,370.0,370.0
Q01288__clean,Q01288,0,,traingames365.com,data/qr_images/Q01288.png,none,none,3,1,http://www.traingames365.com/switchman/,opencv,exact,39,21,11,0,2,1,0,3,0.07692307692307693,0,0,0,0,0,0,1,0,0,0,0,0,0,4.118484911058994,0,0,0,0,0,0,0,1.0,0.6756747227089078,0.46001960311568013,0.3263397216796875,1.0,3049.509796142578,0.04437255859375,0.49591064453125,0.107421875,29.0,370.0,370.0
Q01289__clean,Q01289,0,,harrier.net,data/qr_images/Q01289.png,none,none,4,1,http://www.harrier.net/songbook/manual/johnpeel.html,opencv,exact,52,15,30,0,3,1,0,0,0.0,0,0,0,0,0,0,3,0,0,0,0,0,0,4.1738228338092815,0,0,0,0,0,0,0,1.0,0.6626999948538986,0.4630400202644347,0.3346748352050781,1.0,3538.527992248535,0.052150726318359375,0.6103515625,0.09765625,33.0,410.0,410.0
Q01290__clean,Q01290,1,,stichtingarkadamethode.nl,data/qr_images/Q01290.png,none,none,5,1,http://mail.stichtingarkadamethode.nl/~u43730p39181/pki-validation,opencv,exact,66,30,29,0,2,1,1,10,0.15151515151515152,2,0,0,0,0,0,2,0,0,0,0,0,0,4.604111543207522,0,0,0,0,0,0,0,1.0,0.6533153758329504,0.46501136631519924,0.3435630798339844,1.0,4023.709243774414,0.058704376220703125,0.6866455078125,0.08984375,37.0,450.0,450.0
Q01291__clean,Q01291,1,,thisdayjune.com,data/qr_images/Q01291.png,none,none,4,1,http://auone-jp.connect-portal.thisdayjune.com/,opencv,exact,47,39,1,0,3,2,2,0,0.0,2,0,0,0,0,0,0,0,0,0,0,0,0,4.189930011519816,0,0,0,0,0,0,0,1.0,0.6650776133817785,0.4619281987724876,0.3318977355957031,1.0,3701.2009353637695,0.0539093017578125,0.457763671875,0.09765625,33.0,410.0,410.0
Q01292__clean,Q01292,0,,tortissimo.de,data/qr_images/Q01292.png,none,none,2,1,https://www.tortissimo.de/,opencv,exact,26,17,1,0,2,1,0,0,0.0,0,0,0,0,0,0,0,0,1,0,0,0,0,3.613337314045307,0,0,0,0,0,0,0,1.0,0.7088946473364737,0.4472143877415183,0.29439544677734375,1.0,2528.8951110839844,0.037296295166015625,0.49591064453125,0.12109375,25.0,330.0,330.0
Q01293__clean,Q01293,1,,microsoftonline.com,data/qr_images/Q01293.png,none,none,7,1,https://login.microsoftonline.com:443/common/oauth2/authorize?client_id=2c090993-8f41-4e5a-bbed-e333d775c7f9,opencv,exact,108,25,24,46,2,1,4,24,0.2222222222222222,7,0,1,1,0,0,3,1,1,0,0,0,0,4.866677581176618,1,1,0,0,0,0,0,1.0,0.6361780802408854,0.46709742924110237,0.3620567321777344,1.0,5196.029968261719,0.0751495361328125,1.1444091796875,0.076171875,45.0,530.0,530.0
Q01294__clean,Q01294,1,,emyungin.com,data/qr_images/Q01294.png,none,none,9,1,http://emyungin.com/wp-content/plugins/fresh/login.php?l=_JeHFUq_VJOXK0QWHtoGYDw1774256418&fid.13InboxLight.aspxn.1774256418&fid.125289964252813InboxLight99642_Product-email&email=,opencv,exact,180,12,35,125,6,0,2,43,0.2388888888888889,11,0,1,2,3,0,4,4,0,0,0,0,0,5.474159277698626,1,1,0,0,0,0,0,1.0,0.6162232941272212,0.47022910695683134,0.38056182861328125,1.0,6419.496520996094,0.08835220336914062,1.068115234375,0.06640625,53.0,610.0,610.0
Q01295__clean,Q01295,1,,holl-vips.com,data/qr_images/Q01295.png,none,none,3,1,http://chat.whatsap.com.holl-vips.com/,opencv,exact,38,30,1,0,4,3,1,0,0.0,1,0,0,0,0,0,0,0,0,0,0,0,0,3.8328107368431286,0,0,0,0,0,0,0,1.0,0.6690995758655025,0.4623995513198494,0.3327064514160156,1.0,3067.2676544189453,0.04454803466796875,0.49591064453125,0.107421875,29.0,370.0,370.0
Q01296__clean,Q01296,1,,baby-lim.com,data/qr_images/Q01296.png,none,none,3,1,http://baby-lim.com/clovvy/,opencv,exact,27,12,8,0,1,0,1,0,0.0,1,0,0,0,0,0,1,0,0,0,0,0,0,3.8659986132745803,0,0,0,0,0,0,0,1.0,0.6771356470444623,0.459230966878099,0.3249359130859375,1.0,3215.36531829834,0.045841217041015625,0.457763671875,0.107421875,29.0,370.0,370.0
Q01297__clean,Q01297,1,,heartstrongyoga.com,data/qr_images/Q01297.png,none,none,5,1,http://heartstrongyoga.com/main/templates/system/css/92839388494.php,opencv,exact,68,19,42,0,2,0,0,11,0.16176470588235295,0,0,0,0,0,0,5,0,0,0,0,0,0,4.2958114600475845,0,0,0,0,0,0,0,1.0,0.650843287449257,0.4652636644543139,0.3455848693847656,1.0,4240.436988830566,0.0615081787109375,0.5340576171875,0.08984375,37.0,450.0,450.0
Q01298__clean,Q01298,1,,slempresas.com.br,data/qr_images/Q01298.png,none,none,2,1,https://slempresas.com.br/,opencv,exact,26,17,1,0,2,0,0,0,0.0,0,0,0,0,0,0,0,0,1,0,0,0,0,3.7483286603655737,0,0,0,0,0,0,0,1.0,0.7070574592141544,0.4483448029984733,0.2968597412109375,1.0,2455.619468688965,0.036022186279296875,0.457763671875,0.12109375,25.0,330.0,330.0
Q01299__clean,Q01299,0,,learnersdictionary.com,data/qr_images/Q01299.png,none,none,4,1,http://www.learnersdictionary.com/definition/dynasty,opencv,exact,52,26,19,0,2,1,0,0,0.0,0,0,0,0,0,0,2,0,0,0,0,0,0,4.121340988555425,0,0,0,0,0,0,0,1.0,0.657936320585363,0.4644767763601044,0.3389854431152344,1.0,3739.608688354492,0.053997039794921875,0.3814697265625,0.09765625,33.0,410.0,410.0
Q01300__clean,Q01300,0,,express.co.uk,data/qr_images/Q01300.png,none,none,7,1,http://www.express.co.uk/entertainment/gaming/775043/Nintendo-Switch-sales-Gamestop-Sony-PS4-Microsoft-Xbox-One,opencv,exact,111,17,87,0,3,1,8,7,0.06306306306306306,8,0,0,0,0,0,4,0,0,0,0,0,0,4.795599199895729,0,0,0,0,0,0,0,1.0,0.6333282321107154,0.4681489989661302,0.3654632568359375,1.0,5152.79549407959,0.07403945922851562,0.91552734375,0.076171875,45.0,530.0,530.0
Q01301__clean,Q01301,1,,ccbcmd.edu,data/qr_images/Q01301.png,none,none,8,1,https://mail.ccbcmd.edu/owa/redir.aspx?C=YMl5yDFVGMlqIWqHcvuWr9lrt7FIbgjnAJIActuvBrDdJA1ZT6bVCA..&amp;URL=http%3a%2f%2fwebmailaccount.company.com%2f,opencv,exact,148,15,15,109,7,1,0,9,0.060810810810810814,9,0,1,2,1,4,2,2,1,0,0,0,0,5.48850528885594,1,0,0,1,0,0,0,1.0,0.6275730955834482,0.4668988871066486,0.37198638916015625,1.0,5129.537948608398,0.08206939697265625,1.25885009765625,0.0703125,49.0,570.0,570.0
Q01302__clean,Q01302,0,,metajob.at,data/qr_images/Q01302.png,none,none,2,1,https://www.metajob.at/,opencv,exact,23,14,1,0,2,1,0,0,0.0,0,0,0,0,0,0,0,0,1,0,0,0,0,3.5883543471732335,0,0,0,0,0,0,0,1.0,0.6822665495031021,0.4587600094920654,0.3216590881347656,1.0,2480.2354278564453,0.03692626953125,0.34332275390625,0.12109375,25.0,330.0,330.0
Q01303__clean,Q01303,1,,45.238.23.82,data/qr_images/Q01303.png,none,none,3,1,http://45.238.23.82/user-login.php,opencv,exact,34,12,15,0,4,0,1,9,0.2647058823529412,1,0,0,0,0,0,1,0,0,1,0,0,0,4.1973257087065035,1,1,0,0,0,0,0,1.0,0.694666529636757,0.45218550567664,0.3078422546386719,1.0,3092.16495513916,0.044849395751953125,0.64849853515625,0.107421875,29.0,370.0,370.0
Q01304__clean,Q01304,1,,husolicitors.com.au,data/qr_images/Q01304.png,none,none,5,1,http://husolicitors.com.au/administration/update2018/indexgmail.htm,opencv,exact,67,19,41,0,3,0,0,4,0.05970149253731343,0,0,0,0,0,0,3,0,0,0,0,0,0,4.319050759552385,1,0,0,0,0,1,0,1.0,0.6562797097598805,0.4637919128550191,0.3405418395996094,1.0,4093.771942138672,0.059783935546875,0.57220458984375,0.08984375,37.0,450.0,450.0
Q01305__clean,Q01305,1,,google.com,data/qr_images/Q01305.png,none,none,5,1,https://drive.google.com/file/d/1LUvtjMTfQbe85qV2zd_iQz9cVRtn8Epj/view?usp=sharing,opencv,exact,82,16,46,11,2,1,0,6,0.07317073170731707,3,0,1,1,0,0,4,1,1,0,0,0,0,5.147083944054897,0,0,0,0,0,0,0,1.0,0.6503508324716606,0.46535985293050974,0.3462486267089844,1.0,4257.68058013916,0.0617523193359375,0.64849853515625,0.08984375,37.0,450.0,450.0
Q01306__clean,Q01306,0,,oracle.com,data/qr_images/Q01306.png,none,none,5,1,https://docs.oracle.com/cloud/131/user_services/FAPMA/F428599AN100B0.htm,opencv,exact,72,15,49,0,3,1,0,13,0.18055555555555555,1,0,0,0,0,0,5,0,1,0,0,0,0,4.761590412327623,0,0,0,0,0,0,0,1.0,0.6661516825358073,0.46058403518282753,0.3298149108886719,1.0,4060.5664825439453,0.0587310791015625,0.6103515625,0.08984375,37.0,450.0,450.0
Q01307__clean,Q01307,0,,getnerdio.com,data/qr_images/Q01307.png,none,none,5,1,http://getnerdio.com/blogs/10-popular-software-service-examples/,opencv,exact,64,13,44,0,1,0,4,2,0.03125,4,0,0,0,0,0,2,0,0,0,0,0,0,4.431554056131191,0,0,0,0,0,0,0,1.0,0.6444249471028646,0.4674615832087673,0.3524131774902344,1.0,4147.620140075684,0.060604095458984375,0.6103515625,0.08984375,37.0,450.0,450.0
Q01308__clean,Q01308,1,,chachainsurance.com,data/qr_images/Q01308.png,none,none,4,1,http://chachainsurance.com/wp-admin/includes/hinf/att3,opencv,exact,54,19,28,0,1,0,1,1,0.018518518518518517,1,0,0,0,0,0,4,0,0,0,0,0,0,4.156022753503518,0,0,0,0,0,0,0,1.0,0.6650781968060662,0.4619514282589082,0.33171844482421875,1.0,3710.9943466186523,0.0539398193359375,0.5340576171875,0.09765625,33.0,410.0,410.0
Q01309__clean,Q01309,1,,espace-client.net,data/qr_images/Q01309.png,none,none,4,1,http://espace-client.net/canalsat-resiliation/,opencv,exact,46,17,22,0,1,0,2,0,0.0,2,0,0,0,0,0,1,0,0,0,0,0,0,3.762828946063731,0,0,0,0,0,0,0,1.0,0.6662677091710708,0.46185074025189216,0.3304862976074219,1.0,3650.7913513183594,0.05277252197265625,0.34332275390625,0.09765625,33.0,410.0,410.0
Q01310__clean,Q01310,1,,mtron.in,data/qr_images/Q01310.png,none,none,2,1,http://mtron.in/js/csc,opencv,exact,22,8,7,0,1,0,0,0,0.0,0,0,0,0,0,0,2,0,0,0,0,0,0,3.606936732175321,0,0,0,0,0,0,0,1.0,0.6822617175532323,0.4585249867980428,0.32144927978515625,1.0,2585.0458221435547,0.03820037841796875,0.3814697265625,0.12109375,25.0,330.0,330.0
Q01311__clean,Q01311,1,,araloexpress.com,data/qr_images/Q01311.png,none,none,4,1,http://araloexpress.com/audio/azure/realm/recover.html,opencv,exact,54,16,31,0,2,0,0,0,0.0,0,0,0,0,0,0,4,0,0,0,0,0,0,4.0437092059799875,0,0,0,0,0,0,0,1.0,0.6763820423799403,0.45801520540269774,0.3205680847167969,1.0,3544.835777282715,0.05218505859375,0.6103515625,0.09765625,33.0,410.0,410.0
Q01312__clean,Q01312,0,,minitab.com,data/qr_images/Q01312.png,none,none,8,1,http://support.minitab.com/en-us/minitab/17/topic-library/basic-statistics-and-graphs/hypothesis-tests/basics/type-i-and-type-ii-error/,opencv,exact,135,19,109,0,2,1,11,2,0.014814814814814815,11,0,0,0,0,0,8,0,0,0,0,0,0,4.175310533087206,0,0,0,0,0,0,0,1.0,0.6177204206878064,0.46963636408659826,0.381988525390625,1.0,5177.638236999512,0.08198928833007812,0.9918212890625,0.0703125,49.0,570.0,570.0
Q01313__clean,Q01313,0,,cisco.com,data/qr_images/Q01313.png,none,none,7,1,http://www.Cisco.com/c/en/us/solutions/small-business/resource-center/connect-employees-offices/network-switch-what.html,opencv,exact,120,13,100,0,3,1,6,0,0.0,6,0,0,0,0,0,8,0,0,0,0,0,0,4.227794271281702,0,0,0,0,0,0,0,1.0,0.6098298914292279,0.4743513893750297,0.3876190185546875,1.0,5101.125053405762,0.0732879638671875,0.6866455078125,0.076171875,45.0,530.0,530.0
Q01314__clean,Q01314,0,,psu.edu,data/qr_images/Q01314.png,none,none,3,1,https://wikispaces.psu.edu/x/Ijh-B,opencv,exact,34,18,8,0,2,1,1,0,0.0,1,0,0,0,0,0,2,0,1,0,0,0,0,4.124083797069061,0,0,0,0,0,0,0,1.0,0.6975865981158088,0.4510914370990246,0.304351806640625,1.0,3086.8360748291016,0.04437255859375,0.57220458984375,0.107421875,29.0,370.0,370.0
Q01315__clean,Q01315,1,,box.com,data/qr_images/Q01315.png,none,none,4,1,https://app.box.com/s/ymr0ltw3hmn8icxebz16gjhcyhqa49w4,opencv,exact,54,11,35,0,2,1,0,8,0.14814814814814814,0,0,0,0,0,0,2,0,1,0,0,0,0,4.773043983484694,0,0,0,0,0,0,0,1.0,0.6591287799910003,0.4639607974398133,0.3378028869628906,1.0,3708.7629776000977,0.05414581298828125,0.34332275390625,0.09765625,33.0,410.0,410.0
Q01316__clean,Q01316,1,,massageenvyclinics.com,data/qr_images/Q01316.png,none,none,15,1,http://em2.massageenvyclinics.com/ls/click?upn=4Y3F6xKKKp7Qu3gMHf3xlMkaxWVzq6S56-2FnH2bSMyrvJeSiK9pNDKd5to9AG7dlLLo9gSkNLjeal3ZiJArDhmb8riXfb0b0fnRmnZakUwJE-3DzHVc_P-2FPmKJa2pHSU1oratfOM0Z6E93v7Inve66lQ9p8YX6qw0vH1Ma4Xa3ck2gEE61b1yiMt8ASlpPDks63HBQWqOoJQ2gxMj-2BqMR1H6iEOOZDObexlbi0uTdq2GhJEBQlCUnruGPzXi1sLIjL7gw4MNR2HEIGNVwCFygGpBrUmIoQwL50DDR6PZ6Y1rlkkiOJx8fn848Crpsuyg1sQdnjehIwwxvtIeMlBmQC0CFM5AnLw-3D,opencv,exact,406,26,9,363,2,1,5,69,0.16995073891625614,8,0,1,1,0,0,2,1,0,0,0,0,0,5.9491884692829435,0,0,0,0,0,0,0,1.0,0.5930797502106311,0.4656815013744183,0.4069709777832031,1.0,9165.341506958008,0.1311187744140625,1.71661376953125,0.046875,77.0,850.0,850.0
Q01317__clean,Q01317,0,,craftbeer.com,data/qr_images/Q01317.png,none,none,4,1,https://www.craftbeer.com/styles/session-beer,opencv,exact,45,17,20,0,2,1,1,0,0.0,1,0,0,0,0,0,2,0,1,0,0,0,0,4.057868096041213,0,0,0,0,0,0,0,1.0,0.6829263275744868,0.4556889903651716,0.31459808349609375,1.0,3500.659423828125,0.051197052001953125,0.49591064453125,0.09765625,33.0,410.0,410.0
Q01318__clean,Q01318,0,,connectingthreads.com,data/qr_images/Q01318.png,none,none,4,1,http://www.connectingthreads.com/batting/quilt_batting.html,opencv,exact,59,25,27,0,3,1,0,0,0.0,1,0,0,0,0,0,2,0,0,0,0,0,0,4.198604974170462,0,0,0,0,0,0,0,1.0,0.655557684804879,0.4652468289384894,0.3412895202636719,1.0,3684.7752990722656,0.0537109375,0.3814697265625,0.09765625,33.0,410.0,410.0
Q01319__clean,Q01319,0,,mathopenref.com,data/qr_images/Q01319.png,none,none,3,1,http://www.mathopenref.com/segment.html,opencv,exact,39,19,13,0,3,1,0,0,0.0,0,0,0,0,0,0,1,0,0,0,0,0,0,3.935935796218897,0,0,0,0,0,0,0,1.0,0.7034309387207032,0.4482075558488764,0.2980155944824219,1.0,3144.8704223632812,0.045391082763671875,0.57220458984375,0.107421875,29.0,370.0,370.0
Q01320__clean,Q01320,0,,pmi.pl,data/qr_images/Q01320.png,none,none,2,1,http://www.pmi.pl/,opencv_aruco,exact,18,10,1,0,2,1,0,0,0.0,0,0,0,0,0,0,0,0,0,0,0,0,0,3.155221528859512,0,0,0,0,0,0,0,1.0,0.6969588036630668,0.45235831413858385,0.3067169189453125,1.0,2554.3932876586914,0.038097381591796875,0.457763671875,0.12109375,25.0,330.0,330.0
Q01321__clean,Q01321,0,,flipkart.com,data/qr_images/Q01321.png,none,none,3,1,https://www.flipkart.com/cameras,opencv,exact,32,16,8,0,2,1,0,0,0.0,0,0,0,0,0,0,1,0,1,0,0,0,0,4.030639062229566,0,0,0,0,0,0,0,1.0,0.69612574857824,0.4512518683602284,0.3056983947753906,1.0,3151.678024291992,0.046031951904296875,0.49591064453125,0.107421875,29.0,370.0,370.0
Q01322__clean,Q01322,1,,pcsvet.si,data/qr_images/Q01322.png,none,none,14,1,http://www.pcsvet.si/images/banner/login/fc9adb8cbf22d54fe191816d8155ee95/cgi-bin/com/abb2753b3b6ce5325e5cfe196ce4088e/signinsecure.php?country.x=SE&amp;locale.x=sv_SE&amp;customer.x=ID-PA%241%24hO..e1..%242Cj1x8VlVku0pjpkpte8C0&amp;safety=R0Nm26dD2bfuL874t48SXEeFpW15ecsGnqb6hf6O2P86ecZaI7dKiYa9780M3kga7Vx1Bcol4U574r3CJAvj6zHw5QyeT7,opencv,exact,334,13,115,198,10,1,2,82,0.24550898203592814,17,0,1,4,3,3,8,4,0,0,0,0,0,5.673716493804692,3,1,0,0,1,0,0,1.0,0.5774966071633731,0.47166520054761263,0.4232444763183594,1.0,8919.972290039062,0.12079620361328125,1.4495849609375,0.048828125,73.0,810.0,810.0
Q01323__clean,Q01323,1,,aieuv.cn,data/qr_images/Q01323.png,none,none,6,1,http://apple.com.aieuv.cn/mim/794p79tf3had4a4688808522087mi41h5e9509v8u33e0ada97.html,opencv,exact,85,18,60,0,4,2,0,33,0.38823529411764707,0,0,0,0,0,0,2,0,0,0,0,0,0,4.615232189502197,0,0,0,0,0,0,0,1.0,0.6472127129049862,0.465427240901415,0.35164642333984375,1.0,4903.885368347168,0.06849288940429688,0.49591064453125,0.08203125,41.0,490.0,490.0
Q01324__clean,Q01324,1,,spinkseagle.com.au,data/qr_images/Q01324.png,none,none,4,1,http://spinkseagle.com.au/zv/OneDriv/l0gin2nd.php,opencv,exact,49,18,24,0,3,0,0,2,0.04081632653061224,0,0,0,0,0,0,3,0,0,0,0,0,0,4.474417946545265,0,0,0,0,0,0,0,1.0,0.6692403755935968,0.46100191507793836,0.32793426513671875,1.0,3550.547019958496,0.051273345947265625,0.457763671875,0.09765625,33.0,410.0,410.0
Q01325__clean,Q01325,1,,toneelstukken.nl,data/qr_images/Q01325.png,none,none,4,1,http://mail.toneelstukken.nl/~u43730p39181/pki-validation,opencv,exact,57,21,29,0,2,1,1,10,0.17543859649122806,2,0,0,0,0,0,2,0,0,0,0,0,0,4.510362330212912,0,0,0,0,0,0,0,1.0,0.6680486192890241,0.46112237431322683,0.3291969299316406,1.0,3569.190155029297,0.0523529052734375,0.5340576171875,0.09765625,33.0,410.0,410.0
Q01326__clean,Q01326,1,,latos.co.kr,data/qr_images/Q01326.png,none,none,6,1,http://www.latos.co.kr/js/erusr/united/ep/meniu1.htm?theinfored=2718ad761726asdg12765asd7612jgasd87612,opencv,exact,102,15,30,49,4,1,0,25,0.24509803921568626,2,0,1,1,0,0,5,1,0,0,0,0,0,4.691362783965064,0,0,0,0,0,0,0,1.0,0.650963727165671,0.46417975021043345,0.3488044738769531,1.0,4742.437576293945,0.06763839721679688,0.72479248046875,0.08203125,41.0,490.0,490.0
Q01327__clean,Q01327,1,,vk.com,data/qr_images/Q01327.png,none,none,8,1,http://vk.com/away.php?to=http%3A%2F%2Fjimmygilandtheducks.com%2Fwp-admin%2Foption-pictures.php&amp;post=521188519_55&amp;cc_key=,opencv,exact,129,6,9,106,4,0,2,16,0.12403100775193798,17,0,1,3,2,5,1,3,0,0,0,0,0,4.957256449948547,0,0,0,0,0,0,0,1.0,0.6152582355574066,0.470013622438165,0.38431549072265625,1.0,5152.118713378906,0.08242034912109375,0.91552734375,0.0703125,49.0,570.0,570.0
Q01328__clean,Q01328,0,,experttabletennis.com,data/qr_images/Q01328.png,none,none,4,1,http://www.experttabletennis.com/best-table-tennis-robots/,opencv,exact,58,25,26,0,2,1,3,0,0.0,3,0,0,0,0,0,1,0,0,0,0,0,0,4.022714236957324,0,0,0,0,0,0,0,1.0,0.6650765362907859,0.4618672304479487,0.3318367004394531,1.0,3711.518264770508,0.05426788330078125,0.6866455078125,0.09765625,33.0,410.0,410.0
Q01329__clean,Q01329,1,,umu.link,data/qr_images/Q01329.png,none,none,3,1,http://umu.link/DeskING-Bank,opencv,exact,28,8,13,0,1,0,1,0,0.0,1,0,0,0,0,0,1,0,0,0,0,0,0,4.253434386188785,1,0,0,0,0,0,1,1.0,0.6851701624253217,0.45599040923566736,0.3169288635253906,1.0,3112.7216033935547,0.0455322265625,0.64849853515625,0.107421875,29.0,370.0,370.0
Q01330__clean,Q01330,1,,typetraction.com,data/qr_images/Q01330.png,none,none,6,1,https://dev.typetraction.com/GOUV/interac2019v2/directing/desjardins/identifiantunique/indentification.php,opencv_aruco,exact,106,20,78,0,3,1,0,5,0.04716981132075472,0,0,0,0,0,0,6,0,1,0,0,0,0,4.4036519305121695,0,0,0,0,0,0,0,1.0,0.6422155342850031,0.4672415461882495,0.3588981628417969,1.0,4788.911087036133,0.06711959838867188,0.6103515625,0.08203125,41.0,490.0,490.0
Q01331__clean,Q01331,0,,junkmail.co.za,data/qr_images/Q01331.png,none,none,4,1,http://www.junkmail.co.za/digital-cameras/south-africa/c120r1,opencv,exact,61,18,36,0,3,1,2,4,0.06557377049180328,2,0,0,0,0,0,3,0,0,0,0,0,0,4.528675248459107,0,0,0,0,0,0,0,1.0,0.6734050526338465,0.45931417193938334,0.3226890563964844,1.0,3531.9265365600586,0.0517120361328125,0.72479248046875,0.09765625,33.0,410.0,410.0
Q01332__clean,Q01332,1,,eltronesia.id,data/qr_images/Q01332.png,none,none,5,1,http://eltronesia.id/.well-known/pki-validation/raiffeisen/lograiffeisenFull/sms.php,opencv,exact,84,13,64,0,3,0,2,0,0.0,2,0,0,0,0,0,5,0,0,0,0,0,0,4.2765720735678325,0,0,0,0,0,0,0,1.0,0.6483732036515778,0.4664723427495785,0.34856414794921875,1.0,4108.01301574707,0.05959320068359375,0.457763671875,0.08984375,37.0,450.0,450.0
Q01333__clean,Q01333,0,,papersizes.org,data/qr_images/Q01333.png,none,none,4,1,http://www.papersizes.org/newspaper-sizes.htm,opencv,exact,45,18,20,0,3,1,1,0,0.0,1,0,0,0,0,0,1,0,0,0,0,0,0,3.9396648422860236,0,0,0,0,0,0,0,1.0,0.6763811896829044,0.4581092437387184,0.3211631774902344,1.0,3545.9054946899414,0.05190277099609375,0.457763671875,0.09765625,33.0,410.0,410.0
Q01334__clean,Q01334,1,,creatorlink.net,data/qr_images/Q01334.png,none,none,3,1,https://chulyonfr.creatorlink.net/,opencv,exact,34,25,1,0,2,1,0,0,0.0,0,0,0,0,0,0,0,0,1,0,0,0,0,4.0796786498829745,0,0,0,0,0,0,0,1.0,0.6917427661372166,0.45325247423566956,0.31020355224609375,1.0,3080.643943786621,0.04526519775390625,0.6103515625,0.107421875,29.0,370.0,370.0
Q01335__clean,Q01335,1,,2u.se,data/qr_images/Q01335.png,none,none,6,1,http://www.paypal.com.0.security-confirmation.d72b69c8e37aec662e13e39d929d6e3d.as2.2u.se/,opencv,exact,89,81,1,0,8,7,1,22,0.24719101123595505,1,0,0,0,0,0,0,0,0,0,0,0,0,4.689107241183314,1,0,0,0,0,0,0,1.0,0.6363868862974877,0.4684805003315384,0.3634033203125,1.0,4850.567459106445,0.06880950927734375,0.49591064453125,0.08203125,41.0,490.0,490.0
Q01336__clean,Q01336,0,,3starmy.com,data/qr_images/Q01336.png,none,none,2,1,http://www.3starmy.com/,opencv,exact,23,15,1,0,2,1,0,1,0.043478260869565216,0,0,0,0,0,0,0,0,0,0,0,0,0,3.729446194905257,0,0,0,0,0,0,0,1.0,0.6951229619044884,0.4534243746000424,0.30884552001953125,1.0,2459.810646057129,0.0368194580078125,0.41961669921875,0.12109375,25.0,330.0,330.0
Q01337__clean,Q01337,0,,businessmate.org,data/qr_images/Q01337.png,none,none,4,1,http://www.businessmate.org/Article.php?ArtikelId=182,opencv,exact,53,20,12,13,3,1,0,3,0.05660377358490566,2,0,1,1,0,0,1,1,0,0,0,0,0,4.616715681174875,0,0,0,0,0,0,0,1.0,0.6609118742101333,0.46384812740872894,0.3368339538574219,1.0,3601.186149597168,0.05202484130859375,0.57220458984375,0.09765625,33.0,410.0,410.0
Q01338__clean,Q01338,1,,autoscurt24.de,data/qr_images/Q01338.png,none,none,9,1,http://autoscurt24.de/90n8sne7sh74sw/8j8ah7hs7g37sh74s3/ma8he7sh7hs7e/ma78ah7ehs7ehs4d/m8he76hsx873433/ma8he7s4f45fvuuhs878grd/na7h7e8xhe78dh8eddrfc/login.html,opencv,exact,159,14,138,0,2,0,0,49,0.3081761006289308,0,0,0,0,0,0,8,0,0,0,0,0,0,4.394585550552812,1,1,0,0,0,0,0,1.0,0.6245521395814185,0.46834997887520063,0.3736686706542969,1.0,6231.802536010742,0.08687210083007812,0.8392333984375,0.06640625,53.0,610.0,610.0
Q01339__clean,Q01339,1,,dianaimpex.com,data/qr_images/Q01339.png,none,none,3,1,http://www.dianaimpex.com/js/page.html,opencv,exact,38,18,13,0,3,1,0,0,0.0,0,0,0,0,0,0,2,0,0,0,0,0,0,4.1287347499440905,0,0,0,0,0,0,0,1.0,0.6756745132745481,0.46030623539223703,0.3262290954589844,1.0,3012.9176712036133,0.043392181396484375,0.49591064453125,0.107421875,29.0,370.0,370.0
Q01340__clean,Q01340,1,,decaturilbgc.com,data/qr_images/Q01340.png,none,none,6,1,http://www.decaturilbgc.com/ckeditor/themes/default/plwestern.ph.com/citingwast/welcome/welcome/,opencv,exact,96,20,69,0,4,1,0,0,0.0,0,0,0,0,0,0,7,0,0,0,0,0,0,4.201503285538248,0,0,0,0,0,0,0,1.0,0.6330511205336626,0.46989981669956005,0.3673286437988281,1.0,4832.646095275879,0.06762313842773438,0.64849853515625,0.08203125,41.0,490.0,490.0
Q01341__clean,Q01341,1,,okulumda.com,data/qr_images/Q01341.png,none,none,9,1,https://www.okulumda.com/ionos/login.php?l=_JeHFUq_VJOXK0QWHtoGYDw1774256418&fid.13InboxLight.aspxn.1774256418&fid.125289964252813InboxLight99642_Product-email&email,opencv_aruco,exact,165,16,16,124,7,1,1,43,0.2606060606060606,9,0,1,1,3,0,2,4,1,0,0,0,0,5.481432384858772,1,1,0,0,0,0,0,1.0,0.6065476660634957,0.4725363213320879,0.3918342590332031,1.0,6381.819618225098,0.0880889892578125,0.9918212890625,0.06640625,53.0,610.0,610.0
Q01342__clean,Q01342,0,,airwater.co.za,data/qr_images/Q01342.png,none,none,2,1,http://airwater.co.za,opencv,exact,21,14,0,0,2,0,0,0,0.0,0,0,0,0,0,0,0,0,0,0,0,0,0,3.6537567082870006,0,0,0,0,0,0,0,1.0,0.6914472692153033,0.4546415110193425,0.31285858154296875,1.0,2550.2393188476562,0.038463592529296875,0.41961669921875,0.12109375,25.0,330.0,330.0
Q01343__clean,Q01343,1,,evostore.com.np,data/qr_images/Q01343.png,none,none,14,1,https://www.evostore.com.np/IhrFall63417798752737518&cgi3-ViewKontakt-63417798752737518-007acctpagetype-63417798752737518=68119-problema&info@hoehne-buero.de.html&amp;data=02%7C01%7C%7C179ae50e4c144e3c228508d8170b3349%7C46326bff992841a0baca17c16c94ea99%7C0%7C0%7C637284684151373360&amp;sdata=T2/xt2zovdHmhQ/iQnm9NKstPU%206hPnRkQ4MGebgKZc=&amp,opencv,exact,342,19,315,0,5,1,6,142,0.4152046783625731,26,1,0,4,5,8,3,0,1,0,0,0,0,5.2988521944101725,0,0,0,0,0,0,0,1.0,0.5899975047392003,0.4686903404028611,0.4105873107910156,1.0,9348.498794555664,0.12483978271484375,1.86920166015625,0.048828125,73.0,810.0,810.0
Q01344__clean,Q01344,0,,tsmplug.com,data/qr_images/Q01344.png,none,none,4,1,http://www.tsmplug.com/tennis/australian-open-prize-money/,opencv,exact,58,15,36,0,2,1,3,0,0.0,3,0,0,0,0,0,2,0,0,0,0,0,0,4.269823513430077,0,0,0,0,0,0,0,1.0,0.6650777928969439,0.46240091643817477,0.33133697509765625,1.0,3551.9635009765625,0.051845550537109375,0.6103515625,0.09765625,33.0,410.0,410.0
Q01345__clean,Q01345,0,,dottech.org,data/qr_images/Q01345.png,none,none,5,1,https://dottech.org/171100/how-to-bring-back-the-old-google-menu-bar-in-chrome-tip/,opencv,exact,83,11,64,0,1,0,11,6,0.07228915662650602,11,0,0,0,0,0,2,0,1,0,0,0,0,4.347225079617512,0,0,0,0,0,0,0,1.0,0.6513393626493567,0.465432533664166,0.34549713134765625,1.0,4074.3552780151367,0.059528350830078125,0.5340576171875,0.08984375,37.0,450.0,450.0
Q01346__clean,Q01346,0,,alatest.nl,data/qr_images/Q01346.png,none,none,2,1,http://alatest.nl,opencv,exact,17,10,0,0,1,0,0,0,0.0,0,0,0,0,0,0,0,0,0,0,0,0,0,3.2639334294856344,0,0,0,0,0,0,0,1.0,0.7098146924785539,0.4466423731295542,0.2944602966308594,1.0,2526.618194580078,0.037662506103515625,0.64849853515625,0.12109375,25.0,330.0,330.0
Q01347__clean,Q01347,0,,minecrafthackedclients.com,data/qr_images/Q01347.png,none,none,3,1,http://www.minecrafthackedclients.com/,opencv,exact,38,30,1,0,2,1,0,0,0.0,0,0,0,0,0,0,0,0,0,0,0,0,0,4.135699552746469,0,0,0,0,0,0,0,1.0,0.6844391317928539,0.4562337680251116,0.31744384765625,1.0,3199.4754180908203,0.04613494873046875,0.3814697265625,0.107421875,29.0,370.0,370.0
Q01348__clean,Q01348,0,,impactartsevents.com,data/qr_images/Q01348.png,none,none,3,1,http://www.impactartsevents.com/,opencv,exact,32,24,1,0,2,1,0,0,0.0,0,0,0,0,0,0,0,0,0,0,0,0,0,3.9025182662886326,0,0,0,0,0,0,0,1.0,0.6844368579340916,0.456333172347284,0.31742095947265625,1.0,3136.9973907470703,0.045398712158203125,0.3814697265625,0.107421875,29.0,370.0,370.0
Q01349__clean,Q01349,0,,vichy-roche.ru,data/qr_images/Q01349.png,none,none,2,1,http://www.vichy-roche.ru/,opencv,exact,26,18,1,0,2,1,1,0,0.0,1,0,0,0,0,0,0,0,0,0,0,0,0,3.8441065448145375,0,0,0,0,0,0,0,1.0,0.6951202392578125,0.4533841700628666,0.3086509704589844,1.0,2490.6828994750977,0.03717041015625,0.41961669921875,0.12109375,25.0,330.0,330.0
Q01350__clean,Q01350,1,,ambautosalvage.com,data/qr_images/Q01350.png,none,none,3,1,https://ambautosalvage.com/wp-admin/App,opencv,exact,39,18,13,0,1,0,1,0,0.0,1,0,0,0,0,0,2,0,1,0,0,0,0,4.23105823222728,0,0,0,0,0,0,0,1.0,0.6917443817737056,0.4533195933277724,0.3096885681152344,1.0,3090.152542114258,0.04514312744140625,0.5340576171875,0.107421875,29.0,370.0,370.0
Q01351__clean,Q01351,0,,ranker.com,data/qr_images/Q01351.png,none,none,5,1,http://www.ranker.com/list/best-xbox-360-adventure-games/reference,opencv,exact,66,14,45,0,2,1,4,3,0.045454545454545456,4,0,0,0,0,0,3,0,0,0,0,0,0,4.493215385344135,0,0,0,0,0,0,0,1.0,0.650848014681947,0.46558846653628605,0.34606170654296875,1.0,4122.932548522949,0.059947967529296875,0.64849853515625,0.08984375,37.0,450.0,450.0
Q01352__clean,Q01352,0,,musikexpress.de,data/qr_images/Q01352.png,none,none,3,1,https://www.musikexpress.de/,opencv,exact,28,19,1,0,2,1,0,0,0.0,0,0,0,0,0,0,0,0,1,0,0,0,0,3.7979026896829464,0,0,0,0,0,0,0,1.0,0.6975899341059666,0.4510224898944736,0.3040618896484375,1.0,2995.583511352539,0.043853759765625,0.5340576171875,0.107421875,29.0,370.0,370.0
Q01353__clean,Q01353,0,,mobilemp3indir.com,data/qr_images/Q01353.png,none,none,3,1,http://www.mobilemp3indir.com/,opencv,exact,30,22,1,0,2,1,0,1,0.03333333333333333,0,0,0,0,0,0,0,0,0,0,0,0,0,4.0062389286533895,0,0,0,0,0,0,0,1.0,0.6829772051642923,0.45698466952019084,0.3189125061035156,1.0,3135.691062927246,0.045284271240234375,0.6103515625,0.107421875,29.0,370.0,370.0
Q01354__clean,Q01354,1,,themariettabilliardclub.com,data/qr_images/Q01354.png,none,none,12,1,http://ww17.paypal.com-us.cgi-bin-webscr-cmd.login-submit-dispatch.74fghghs68g484iky4mn86we8r46d4h38df4b83m48hg3ui4ty82s83f4xcb83.themariettabilliardclub.com/us/webser/us/hdfgs7df6sdf87ds98f787498475h84g8764859675gh84976h85496/webscr/?cmd=_login-submit,opencv,exact,252,150,77,17,7,6,7,69,0.27380952380952384,10,0,1,1,0,0,5,1,0,0,0,0,0,4.919690102116625,1,1,0,0,0,0,0,1.0,0.6014354481416591,0.46699628954985095,0.3989219665527344,1.0,7622.41455078125,0.11396408081054688,1.373291015625,0.0546875,65.0,730.0,730.0
Q01355__clean,Q01355,1,,helpacitizen.com,data/qr_images/Q01355.png,none,none,5,1,https://cy.helpacitizen.com/bob/og/hpb/inm/index.php?email=oaymukhanov@gmai.com,opencv,exact,79,19,25,26,4,1,0,0,0.0,3,1,1,1,0,0,5,1,1,0,0,0,0,4.423787002670503,0,0,0,0,0,0,0,1.0,0.6503512962191713,0.4655122245734675,0.3460845947265625,1.0,4137.185585021973,0.060581207275390625,0.49591064453125,0.08984375,37.0,450.0,450.0
Q01356__clean,Q01356,1,,balitrm.com,data/qr_images/Q01356.png,none,none,9,1,https://stores.ebay.de.balitrm.com/?hash=item2f3a18b57a:g:1NAAAOSwJU5d4ktq&itm/Dyson-Cyclone-V10-Absolute-Kabelloser-Staubsauger-mit-Zubehor-Neuware/202838160762?epid=11026508912,opencv,exact,178,26,1,142,4,3,8,34,0.19101123595505617,13,0,2,2,1,0,0,2,1,0,0,0,0,5.255168228567572,0,0,0,0,0,0,0,1.0,0.6089684579886642,0.4719591923490399,0.389190673828125,1.0,6338.996810913086,0.0881805419921875,0.91552734375,0.06640625,53.0,610.0,610.0
Q01357__clean,Q01357,1,,onager.co.kr,data/qr_images/Q01357.png,none,none,4,1,http://onager.co.kr/wp-admin/excel2/index.php,opencv,exact,45,12,26,0,3,0,1,1,0.022222222222222223,1,0,0,0,0,0,3,0,0,0,0,0,0,4.266977196801591,0,0,0,0,0,0,0,1.0,0.6632931428797105,0.46261984727796207,0.3340187072753906,1.0,3619.9707794189453,0.053188323974609375,0.49591064453125,0.09765625,33.0,410.0,410.0
Q01358__clean,Q01358,0,,amigobulls.com,data/qr_images/Q01358.png,none,none,3,1,https://amigobulls.com/stocks/NOK/analysis,opencv,exact,42,14,20,0,1,0,0,0,0.0,0,0,0,0,0,0,3,0,1,0,0,0,0,4.15091348260215,0,0,0,0,0,0,0,1.0,0.6873610552619486,0.4552693606883122,0.3143272399902344,1.0,3182.142951965332,0.045398712158203125,0.6103515625,0.107421875,29.0,370.0,370.0
Q01359__clean,Q01359,0,,passivehousecanada.com,data/qr_images/Q01359.png,none,none,3,1,http://www.passivehousecanada.com/,opencv,exact,34,26,1,0,2,1,0,0,0.0,0,0,0,0,0,0,0,0,0,0,0,0,0,4.02085512047121,0,0,0,0,0,0,0,1.0,0.7005063075645297,0.44941409122301096,0.3019447326660156,1.0,3160.4229049682617,0.0457916259765625,0.57220458984375,0.107421875,29.0,370.0,370.0
Q01360__clean,Q01360,1,,leadsrus.co,data/qr_images/Q01360.png,none,none,10,1,http://leadsrus.co/wp-html/hanmail/login.php?cmd=login_submit&id=5e0b33e7ba3deb2042c0d840deb0f5d25e0b33e7ba3deb2042c0d840deb0f5d2&session=5e0b33e7ba3deb2042c0d840deb0f5d25e0b33e7ba3deb2042c0d840deb0f5d2,opencv,exact,202,11,26,157,2,0,1,68,0.33663366336633666,8,0,1,3,2,0,3,3,0,0,0,0,0,4.589455141582875,1,1,0,0,0,0,0,1.0,0.6193959853228401,0.46711156451606656,0.3786811828613281,1.0,7053.1993408203125,0.09862518310546875,0.95367431640625,0.060546875,57.0,650.0,650.0
Q01361__clean,Q01361,0,,accu-tech.com,data/qr_images/Q01361.png,none,none,6,1,http://www.accu-tech.com/hs-fs/hub/54495/file-17683220-pdf/docs/passive_optical_lan_wp.pdf,opencv,exact,90,17,66,0,3,1,4,13,0.14444444444444443,7,0,0,0,0,0,6,0,0,0,0,0,0,4.75948195190484,0,0,0,0,0,0,0,1.0,0.6363843730851716,0.46877364942790023,0.3636131286621094,1.0,4834.176094055176,0.0679931640625,0.57220458984375,0.08203125,41.0,490.0,490.0
Q01362__clean,Q01362,1,,mamujutengahkab.go.id,data/qr_images/Q01362.png,none,none,4,1,https://www.mamujutengahkab.go.id/terasconfig/www.att.net/,opencv,exact,58,25,25,0,5,1,0,0,0.0,0,0,0,0,0,0,2,0,1,0,0,0,0,4.198414729808072,0,0,0,0,0,0,0,1.0,0.6591258628695619,0.4640273499879379,0.3383827209472656,1.0,3637.540267944336,0.053539276123046875,0.457763671875,0.09765625,33.0,410.0,410.0
Q01363__clean,Q01363,1,,35.199.84.117,data/qr_images/Q01363.png,none,none,3,1,http://35.199.84.117/it4_identificacao.php,opencv,exact,42,13,22,0,4,0,0,11,0.2619047619047619,1,0,0,0,0,0,1,0,0,1,0,0,0,4.2431587916718465,0,0,0,0,0,0,0,1.0,0.6712912017223882,0.4616707125398465,0.3308525085449219,1.0,3080.9762802124023,0.04448699951171875,0.41961669921875,0.107421875,29.0,370.0,370.0
Q01364__clean,Q01364,0,,facebook.com,data/qr_images/Q01364.png,none,none,4,1,https://www.facebook.com/Offertespeciali.online,opencv,exact,47,16,23,0,3,1,0,0,0.0,0,0,0,0,0,0,1,0,1,0,0,0,0,4.216421766792932,0,0,0,0,0,0,0,1.0,0.657936066272212,0.46451997809388423,0.3391914367675781,1.0,3661.497169494629,0.053333282470703125,0.49591064453125,0.09765625,33.0,410.0,410.0
Q01365__clean,Q01365,0,,ltkeepsakes.com,data/qr_images/Q01365.png,none,none,3,1,http://www.ltkeepsakes.com/,opencv,exact,27,19,1,0,2,1,0,0,0.0,0,0,0,0,0,0,0,0,0,0,0,0,0,3.7541634277688813,0,0,0,0,0,0,0,1.0,0.694663029091031,0.45228854640160143,0.3074607849121094,1.0,3075.9288177490234,0.044384002685546875,0.5340576171875,0.107421875,29.0,370.0,370.0
Q01366__clean,Q01366,1,,taalim.ma,data/qr_images/Q01366.png,none,none,2,1,http://www.taalim.ma,opencv,exact,20,13,0,0,2,1,0,0,0.0,0,0,0,0,0,0,0,0,0,0,0,0,0,3.308694969562842,0,0,0,0,0,0,0,1.0,0.6969585194307215,0.45239988946247667,0.30654144287109375,1.0,2523.415557861328,0.037723541259765625,0.5340576171875,0.12109375,25.0,330.0,330.0
Q01367__clean,Q01367,0,,teebweb.org,data/qr_images/Q01367.png,none,none,2,1,http://www.teebweb.org/,opencv,exact,23,15,1,0,2,1,0,0,0.0,0,0,0,0,0,0,0,0,0,0,0,0,0,3.381620107948735,0,0,0,0,0,0,0,1.0,0.6657349081600413,0.4648556010361799,0.3382377624511719,1.0,2553.903823852539,0.037868499755859375,0.34332275390625,0.12109375,25.0,330.0,330.0
Q01368__clean,Q01368,1,,tokokainbandung.com,data/qr_images/Q01368.png,none,none,11,1,http://tokokainbandung.com/wp-content/themes/theretailer/inc/addons/login/customer_center/customer-IDPP00C672/myaccount/success/?cmd=_session=TN&amp;c31a9b49c552b54e159b193dc645f730&amp;dispatch=952a0008e53cbc9da6ac354857a0d3d2c02ce586,opencv,exact,235,19,102,106,1,0,2,52,0.22127659574468084,12,0,1,3,2,0,10,3,0,0,0,0,0,5.01680830931417,2,1,0,1,0,0,0,1.0,0.5963077619964001,0.47244294487337446,0.40311431884765625,1.0,7462.577003479004,0.10106277465820312,1.373291015625,0.05859375,61.0,690.0,690.0
Q01369__clean,Q01369,1,,futbolfinanciero.com.pe,data/qr_images/Q01369.png,none,none,3,1,http://bcp.futbolfinanciero.com.pe/,opencv,exact,35,27,1,0,3,1,0,0,0.0,0,0,0,0,0,0,0,0,0,0,0,0,0,4.028445159431228,0,0,0,0,0,0,0,1.0,0.7005070705039829,0.44968651854833425,0.301116943359375,1.0,3168.6113052368164,0.0450439453125,0.457763671875,0.107421875,29.0,370.0,370.0
Q01370__clean,Q01370,0,,apkhere.com,data/qr_images/Q01370.png,none,none,4,1,http://www.apkhere.com/app/com.smartprojects.ramoptimization,opencv,exact,60,15,38,0,4,1,0,0,0.0,0,0,0,0,0,0,2,0,0,0,0,0,0,4.025756904931549,0,0,0,0,0,0,0,1.0,0.6626962399950215,0.4628981665338009,0.3344459533691406,1.0,3688.157760620117,0.05342864990234375,0.6103515625,0.09765625,33.0,410.0,410.0
Q01371__clean,Q01371,1,,faktor.rs,data/qr_images/Q01371.png,none,none,4,1,http://faktor.rs/nasulaz/images/cp/index.php,opencv,exact,44,9,28,0,2,0,0,0,0.0,0,0,0,0,0,0,4,0,0,0,0,0,0,4.254441845713345,0,0,0,0,0,0,0,1.0,0.6739993226294424,0.45890401073851783,0.3237113952636719,1.0,3538.1997833251953,0.052165985107421875,0.6866455078125,0.09765625,33.0,410.0,410.0
Q01372__clean,Q01372,0,,mmadventure.com,data/qr_images/Q01372.png,none,none,3,1,https://www.mmadventure.com/,opencv,exact,28,19,1,0,2,1,0,0,0.0,0,0,0,0,0,0,0,0,1,0,0,0,0,3.985228136034251,0,0,0,0,0,0,0,1.0,0.682248732622932,0.45732744821520654,0.3195457458496094,1.0,3157.774627685547,0.045490264892578125,0.72479248046875,0.107421875,29.0,370.0,370.0
Q01373__clean,Q01373,0,,fsymbols.com,data/qr_images/Q01373.png,none,none,4,1,http://fsymbols.com/keyboard/windows/layouts/,opencv,exact,45,12,26,0,1,0,0,0,0.0,0,0,0,0,0,0,3,0,0,0,0,0,0,4.233426641149882,0,0,0,0,0,0,0,1.0,0.6650763418160233,0.46205167217437154,0.3321800231933594,1.0,3671.1734161376953,0.0533294677734375,0.49591064453125,0.09765625,33.0,410.0,410.0
Q01374__clean,Q01374,0,,whatismyipaddress.com,data/qr_images/Q01374.png,none,none,3,1,http://whatismyipaddress.com/dnssec,opencv,exact,35,21,7,0,1,0,0,0,0.0,0,0,0,0,0,0,1,0,0,0,0,0,0,3.990017217489902,0,0,0,0,0,0,0,1.0,0.682977294921875,0.4573347360396568,0.3192291259765625,1.0,3117.84122467041,0.044246673583984375,0.5340576171875,0.107421875,29.0,370.0,370.0
Q01375__clean,Q01375,0,,memopanel.nl,data/qr_images/Q01375.png,none,none,2,1,http://memopanel.nl,opencv,exact,19,12,0,0,1,0,0,0,0.0,0,0,0,0,0,0,0,0,0,0,0,0,0,3.5110854081804272,0,0,0,0,0,0,0,1.0,0.6969553031173407,0.4523720007858195,0.3071174621582031,1.0,2587.5197525024414,0.038349151611328125,0.41961669921875,0.12109375,25.0,330.0,330.0
Q01376__clean,Q01376,0,,ecorporateoffices.com,data/qr_images/Q01376.png,none,none,4,1,http://ecorporateoffices.com/GatewayUsRetailInc-2232,opencv,exact,52,21,24,0,1,0,1,4,0.07692307692307693,1,0,0,0,0,0,1,0,0,0,0,0,0,4.4171886421180035,0,0,0,0,0,0,0,1.0,0.6686441608503753,0.4608682339583718,0.32830810546875,1.0,3618.822380065918,0.052814483642578125,0.49591064453125,0.09765625,33.0,410.0,410.0
Q01377__clean,Q01377,0,,linepc.me,data/qr_images/Q01377.png,none,none,2,1,https://www.linepc.me/,opencv,exact,22,13,1,0,2,1,0,0,0.0,0,0,0,0,0,0,0,0,1,0,0,0,0,3.663532754804254,0,0,0,0,0,0,0,1.0,0.6969554826325062,0.4526236722703987,0.30699920654296875,1.0,2486.1104125976562,0.037082672119140625,0.64849853515625,0.12109375,25.0,330.0,330.0
Q01378__clean,Q01378,1,,bit.do,data/qr_images/Q01378.png,none,none,2,1,http://bit.do/fGMyY,opencv,exact,19,6,6,0,1,0,0,0,0.0,0,0,0,0,0,0,1,0,0,0,0,0,0,3.7474130395316396,0,0,0,0,0,0,0,1.0,0.6932842628628599,0.45378999557984195,0.3105621337890625,1.0,2557.626777648926,0.038570404052734375,0.41961669921875,0.12109375,25.0,330.0,330.0
Q01379__clean,Q01379,1,,ifeveraussies.com,data/qr_images/Q01379.png,none,none,5,1,http://www.ifeveraussies.com/ojp/webmail-op.jp?uid=aaaa@example.jp,opencv,exact,66,21,18,19,4,1,1,0,0.0,4,1,1,1,0,0,2,1,0,0,0,0,0,4.412718597059803,0,0,0,0,0,0,0,1.0,0.6582515492158778,0.46349777997631936,0.338165283203125,1.0,4084.895820617676,0.05864715576171875,0.64849853515625,0.08984375,37.0,450.0,450.0
Q01380__clean,Q01380,0,,um.edu.ar,data/qr_images/Q01380.png,none,none,2,1,http://um.edu.ar,opencv,exact,16,9,0,0,2,0,0,0,0.0,0,0,0,0,0,0,0,0,0,0,0,0,0,3.5,0,0,0,0,0,0,0,1.0,0.6987937628054152,0.45161969985034073,0.3043708801269531,1.0,2546.1395874023438,0.037876129150390625,0.41961669921875,0.12109375,25.0,330.0,330.0
Q01381__clean,Q01381,0,,pinterest.com,data/qr_images/Q01381.png,none,none,3,1,https://ru.pinterest.com/graphicsfairy/,opencv,exact,39,16,15,0,2,1,0,0,0.0,0,0,0,0,0,0,1,0,1,0,0,0,0,4.0478467699778795,0,0,0,0,0,0,0,1.0,0.692471866981656,0.45315148370966146,0.30985260009765625,1.0,3064.58943939209,0.044475555419921875,0.3814697265625,0.107421875,29.0,370.0,370.0
Q01382__clean,Q01382,1,,eoexpo.sa,data/qr_images/Q01382.png,none,none,4,1,https://eoexpo.sa/boa/bankofamerica/next3.php,opencv,exact,45,9,28,0,2,0,0,1,0.022222222222222223,0,0,0,0,0,0,3,0,1,0,0,0,0,4.070204908528851,1,0,0,0,0,0,1,1.0,0.6763797086827895,0.45819524964089076,0.3209991455078125,1.0,3483.3244094848633,0.051311492919921875,0.49591064453125,0.09765625,33.0,410.0,410.0
Q01383__clean,Q01383,0,,blogfa.com,data/qr_images/Q01383.png,none,none,3,1,http://akharinbehesht.blogfa.com,opencv,exact,32,25,0,0,2,1,0,0,0.0,0,0,0,0,0,0,0,0,0,0,0,0,0,4.140319531114783,0,0,0,0,0,0,0,1.0,0.6829762327904795,0.45695906247410817,0.31885528564453125,1.0,3022.959259033203,0.044525146484375,0.41961669921875,0.107421875,29.0,370.0,370.0
Q01384__clean,Q01384,1,,rksmb.org,data/qr_images/Q01384.png,none,none,5,1,https://dzd.rksmb.org/conf11/--/https:/www.dispositivobb.com.br,opencv,exact,63,13,42,0,5,1,2,2,0.031746031746031744,2,0,0,0,0,0,4,0,1,0,0,0,0,4.299140647104811,0,0,0,0,0,0,0,1.0,0.6454140756644454,0.46723848782615324,0.3514862060546875,1.0,4160.784645080566,0.060306549072265625,0.3814697265625,0.08984375,37.0,450.0,450.0
Q01385__clean,Q01385,0,,definitions.net,data/qr_images/Q01385.png,none,none,4,1,http://www.definitions.net/definition/compact%20disc,opencv,exact,52,19,26,0,2,1,0,2,0.038461538461538464,1,0,0,0,0,1,2,0,0,0,0,0,0,4.036106305756777,0,0,0,0,0,0,0,1.0,0.6507969575769761,0.4667565224802032,0.34653472900390625,1.0,3652.0003051757812,0.053546905517578125,0.49591064453125,0.09765625,33.0,410.0,410.0
Q01386__clean,Q01386,0,,gtc.edu,data/qr_images/Q01386.png,none,none,2,1,https://www.gtc.edu/,opencv,exact,20,11,1,0,2,1,0,0,0.0,0,0,0,0,0,0,0,0,1,0,0,0,0,3.5086949695628413,0,0,0,0,0,0,0,1.0,0.693284143186083,0.4539600619943864,0.31119537353515625,1.0,2619.6752853393555,0.038661956787109375,0.3814697265625,0.12109375,25.0,330.0,330.0
Q01387__clean,Q01387,0,,hindihelpguru.com,data/qr_images/Q01387.png,none,none,3,1,https://www.hindihelpguru.com/,opencv,exact,30,21,1,0,2,1,0,0,0.0,0,0,0,0,0,0,0,0,1,0,0,0,0,4.0980685120588385,0,0,0,0,0,0,0,1.0,0.6902823953067555,0.4537084902696853,0.31157684326171875,1.0,3140.292434692383,0.0460052490234375,0.49591064453125,0.107421875,29.0,370.0,370.0
Q01388__clean,Q01388,1,,promohinotruck.com,data/qr_images/Q01388.png,none,none,5,1,http://promohinotruck.com/wp-content/plugins/indexx/en-tk/xcp.php?ema,opencv,exact,69,18,40,3,2,0,2,0,0.0,3,0,1,0,0,0,5,1,0,0,0,0,0,4.2686446103933715,0,0,0,0,0,0,0,1.0,0.6710892471612668,0.45888895356638604,0.32573699951171875,1.0,4078.980010986328,0.058624267578125,0.8392333984375,0.08984375,37.0,450.0,450.0
Q01389__clean,Q01389,0,,madehow.com,data/qr_images/Q01389.png,none,none,4,1,http://www.madehow.com/Volume-5/Computer-Mouse.html,opencv,exact,51,15,29,0,3,1,2,1,0.0196078431372549,2,0,0,0,0,0,2,0,0,0,0,0,0,4.1923480193173,0,0,0,0,0,0,0,1.0,0.6579400754442402,0.46472165971461865,0.3394927978515625,1.0,3635.6584854125977,0.052707672119140625,0.6103515625,0.09765625,33.0,410.0,410.0
Q01390__clean,Q01390,0,,cummins.jobs,data/qr_images/Q01390.png,none,none,2,1,https://cummins.jobs/,opencv,exact,21,12,1,0,1,0,0,0,0.0,0,0,0,0,0,0,0,0,1,0,0,0,0,3.748994803525096,0,0,0,0,0,0,0,1.0,0.7098124186197917,0.4466764720252502,0.29363250732421875,1.0,2503.778854370117,0.03746795654296875,0.64849853515625,0.12109375,25.0,330.0,330.0
Q01391__clean,Q01391,1,,pmlti-etai-2.ovh,data/qr_images/Q01391.png,none,none,7,1,https://lnk.pmlti-etai-2.ovh/5AriqULhaqbrEMykcc9Q3rRuAjiQj696Z115121108099097100101116064111114097110103101046102114c55Ur1200267/document.html,opencv,exact,142,20,114,0,3,1,2,70,0.49295774647887325,2,0,0,0,0,0,2,0,1,0,0,0,0,4.8272050459306906,0,0,0,0,0,0,0,1.0,0.6376018000584023,0.4667364179750654,0.360992431640625,1.0,5081.993621826172,0.07421112060546875,0.91552734375,0.076171875,45.0,530.0,530.0
Q01392__clean,Q01392,0,,cozyladywear.com,data/qr_images/Q01392.png,none,none,3,1,http://www.cozyladywear.com/,opencv,exact,28,20,1,0,2,1,0,0,0.0,0,0,0,0,0,0,0,0,0,0,0,0,0,3.9232517969803364,0,0,0,0,0,0,0,1.0,0.6785970800063189,0.45880908875810056,0.3236808776855469,1.0,3181.2728729248047,0.045322418212890625,0.41961669921875,0.107421875,29.0,370.0,370.0
Q01393__clean,Q01393,0,,poravkino.ru,data/qr_images/Q01393.png,none,none,2,1,https://poravkino.ru:443/,opencv,exact,25,12,1,0,1,0,0,3,0.12,0,0,0,0,0,0,0,0,1,0,0,0,0,3.9736606896881845,0,0,0,0,0,0,0,1.0,0.7107311622769225,0.44622040247129674,0.29280853271484375,1.0,2594.360984802246,0.03807830810546875,0.49591064453125,0.12109375,25.0,330.0,330.0
Q01394__clean,Q01394,1,,yolasite.com,data/qr_images/Q01394.png,none,none,2,1,http://attys.yolasite.com/,opencv,exact,26,18,1,0,2,1,0,0,0.0,0,0,0,0,0,0,0,0,0,0,0,0,0,3.686419411348773,0,0,0,0,0,0,0,1.0,0.7052219016879213,0.448594253164014,0.29848480224609375,1.0,2574.2684020996094,0.03836822509765625,0.34332275390625,0.12109375,25.0,330.0,330.0
Q01395__clean,Q01395,1,,savteksol.com,data/qr_images/Q01395.png,none,none,2,1,http://savteksol.com/,opencv,exact,21,13,1,0,1,0,0,0,0.0,0,0,0,0,0,0,0,0,0,0,0,0,0,3.748994803525096,0,0,0,0,0,0,0,1.0,0.7098137500239353,0.44653978621307777,0.29369354248046875,1.0,2570.076103210449,0.038227081298828125,0.49591064453125,0.12109375,25.0,330.0,330.0
Q01396__clean,Q01396,0,,wikia.com,data/qr_images/Q01396.png,none,none,4,1,http://amnesia-anime.wikia.com/wiki/Amnesia_(anime),opencv,exact,51,23,21,0,2,1,1,0,0.0,4,0,0,0,0,0,2,0,0,0,0,0,0,4.00341719532907,0,0,0,0,0,0,0,1.0,0.6739977069929535,0.4589029931414965,0.323486328125,1.0,3602.9145736694336,0.052715301513671875,0.6103515625,0.09765625,33.0,410.0,410.0
Q01397__clean,Q01397,0,,optus.com.au,data/qr_images/Q01397.png,none,none,5,1,http://www.optus.com.au/shop/support/answer?answerId=1842&question=%20&typeId=6,opencv,exact,79,16,20,35,3,1,0,7,0.08860759493670886,7,0,1,3,2,1,3,3,0,0,0,0,0,4.643873356441551,0,0,0,0,0,0,0,1.0,0.6626976312375537,0.46193953660223513,0.33454132080078125,1.0,3964.5446166992188,0.057971954345703125,0.72479248046875,0.08984375,37.0,450.0,450.0
Q01398__clean,Q01398,1,,cloudns.asia,data/qr_images/Q01398.png,none,none,4,1,http://pagesyouraccount.cloudns.asia/site-verification.html,opencv,exact,59,29,23,0,3,1,1,0,0.0,1,0,0,0,0,0,1,0,0,0,0,0,0,4.2808889228530616,2,0,0,1,0,0,0,1.0,0.6567458059273514,0.46467020423157773,0.34029388427734375,1.0,3763.364501953125,0.054714202880859375,0.5340576171875,0.09765625,33.0,410.0,410.0
Q01399__clean,Q01399,1,,baby-lim.com,data/qr_images/Q01399.png,none,none,2,1,http://baby-lim.com/clovvy,opencv,exact,26,12,7,0,1,0,1,0,0.0,1,0,0,0,0,0,1,0,0,0,0,0,0,3.902174814211728,0,0,0,0,0,0,0,1.0,0.6951187881768919,0.45310166530257884,0.3089408874511719,1.0,2544.3775939941406,0.038360595703125,0.49591064453125,0.12109375,25.0,330.0,330.0
Q01400__clean,Q01400,0,,supermama.lt,data/qr_images/Q01400.png,none,none,2,1,https://www.supermama.lt/,opencv,exact,25,16,1,0,2,1,0,0,0.0,0,0,0,0,0,0,0,0,1,0,0,0,0,3.6732696895151076,0,0,0,0,0,0,0,1.0,0.6896111133051853,0.4556160624238362,0.3144569396972656,1.0,2549.208335876465,0.03790283203125,0.457763671875,0.12109375,25.0,330.0,330.0
Q01401__clean,Q01401,0,,ati.su,data/qr_images/Q01401.png,none,none,1,1,http://ati.su,opencv,exact,13,6,0,0,1,0,0,0,0.0,0,0,0,0,0,0,0,0,0,0,0,0,0,3.180832987205441,0,0,0,0,0,0,0,1.0,0.7336423088522518,0.4355555035928999,0.26274871826171875,1.0,1933.8892364501953,0.031223297119140625,0.41961669921875,0.138671875,21.0,290.0,290.0
Q01402__clean,Q01402,0,,elsevier.com,data/qr_images/Q01402.png,none,none,5,1,https://www.elsevier.com/books/passive-optical-networks/lam/978-0-12-373853-0,opencv,exact,77,16,53,0,2,1,6,13,0.16883116883116883,6,0,0,0,0,0,4,0,1,0,0,0,0,4.610643118971892,0,0,0,0,0,0,0,1.0,0.6587477291331572,0.4630969433807152,0.3382225036621094,1.0,4141.029769897461,0.059566497802734375,0.6103515625,0.08984375,37.0,450.0,450.0
Q01403__clean,Q01403,1,,agrover.uz,data/qr_images/Q01403.png,none,none,6,1,https://agrover.uz/.well-known/pki-validation/bancor/2ca368f8f059dacca0cd71caefc9d447,opencv,exact,85,10,67,0,2,0,2,15,0.17647058823529413,2,0,0,0,0,0,4,0,1,0,0,0,0,4.836560530588161,0,0,0,0,0,0,0,1.0,0.6413822847254136,0.46686247273303716,0.3584251403808594,1.0,4942.87776184082,0.06979751586914062,0.57220458984375,0.08203125,41.0,490.0,490.0
Q01404__clean,Q01404,1,,equalchances.org,data/qr_images/Q01404.png,none,none,4,1,http://www.equalchances.org/net/page/myaccount/settings/,opencv,exact,56,20,29,0,2,1,0,0,0.0,0,0,0,0,0,0,4,0,0,0,0,0,0,4.110291307063723,1,0,0,1,0,0,0,1.0,0.655557684804879,0.4652681185063861,0.34148406982421875,1.0,3746.516532897949,0.054111480712890625,0.457763671875,0.09765625,33.0,410.0,410.0
Q01405__clean,Q01405,1,,mehmetuyar.com,data/qr_images/Q01405.png,none,none,3,1,http://www.mehmetuyar.com/asset/note/,opencv,exact,37,18,12,0,2,1,0,0,0.0,0,0,0,0,0,0,2,0,0,0,0,0,0,3.8383977993262324,0,0,0,0,0,0,0,1.0,0.6932029574525123,0.4526657661085329,0.3089752197265625,1.0,3029.7728958129883,0.044841766357421875,0.457763671875,0.107421875,29.0,370.0,370.0
Q01406__clean,Q01406,0,,dw.com,data/qr_images/Q01406.png,none,none,5,1,http://www.dw.com/en/us-and-somali-forces-strikes-al-shabab-command-post/a-39200955,opencv,exact,83,10,66,0,2,1,9,8,0.0963855421686747,9,0,0,0,0,0,3,0,0,0,0,0,0,4.518760818343133,0,0,0,0,0,0,0,1.0,0.652326681099686,0.4651805021173465,0.3441009521484375,1.0,4149.571380615234,0.059955596923828125,0.72479248046875,0.08984375,37.0,450.0,450.0
Q01407__clean,Q01407,1,,kievskaya22.ru,data/qr_images/Q01407.png,none,none,8,1,http://www.kievskaya22.ru/44302557590lochttp3A2F2F2Fw2FISAPIdllFM2MContact26item3D14276952031426requested3Dwolandgioielli26qid-ebay@kartenmachen.de.html,opencv,exact,152,18,127,0,4,1,1,39,0.2565789473684211,2,1,0,0,0,0,1,0,0,0,0,0,0,5.114211006486725,0,0,0,0,0,0,0,1.0,0.6220281713149127,0.468127608242451,0.3774070739746094,1.0,5128.883636474609,0.08272933959960938,0.87738037109375,0.0703125,49.0,570.0,570.0
Q01408__clean,Q01408,1,,anon.to,data/qr_images/Q01408.png,none,none,2,1,https://anon.to/H2jGQ0,opencv,exact,22,7,7,0,1,0,0,2,0.09090909090909091,0,0,0,0,0,0,1,0,1,0,0,0,0,3.845350936622435,0,0,0,0,0,0,0,1.0,0.6914446961645987,0.4546790912844848,0.3124122619628906,1.0,2567.353141784668,0.038394927978515625,0.457763671875,0.12109375,25.0,330.0,330.0
Q01409__clean,Q01409,0,,cpan.org,data/qr_images/Q01409.png,none,none,4,1,http://search.cpan.org/perldoc?File%3A%3ASystem%3A%3AObject,opencv,exact,59,15,8,28,2,1,0,4,0.06779661016949153,5,0,1,0,0,4,1,1,0,0,0,0,0,4.5627396090071395,0,0,0,0,0,0,0,1.0,0.6555579839968214,0.4649789109276027,0.341888427734375,1.0,3804.8739624023438,0.055187225341796875,0.457763671875,0.09765625,33.0,410.0,410.0
Q01410__clean,Q01410,0,,indianhealthyrecipes.com,data/qr_images/Q01410.png,none,none,4,1,http://indianhealthyrecipes.com/recipes/veg-curry/,opencv,exact,50,24,19,0,1,0,1,0,0.0,1,0,0,0,0,0,2,0,0,0,0,0,0,4.176174630069641,0,0,0,0,0,0,0,1.0,0.669240764543122,0.46073368792997743,0.3272819519042969,1.0,3584.985527038574,0.052364349365234375,0.6103515625,0.09765625,33.0,410.0,410.0
Q01411__clean,Q01411,0,,wordstream.com,data/qr_images/Q01411.png,none,none,4,1,http://www.wordstream.com/blog/ws/2015/04/30/seo-basics,opencv,exact,55,18,30,0,2,1,1,8,0.14545454545454545,1,0,0,0,0,0,6,0,0,0,0,0,0,4.349922332557376,0,0,0,0,0,0,0,1.0,0.6674569971421186,0.46123162726170613,0.3298301696777344,1.0,3613.562728881836,0.0530548095703125,0.49591064453125,0.09765625,33.0,410.0,410.0
Q01412__clean,Q01412,0,,moviefanatic.com,data/qr_images/Q01412.png,none,none,3,1,https://www.moviefanatic.com/,opencv,exact,29,20,1,0,2,1,0,0,0.0,0,0,0,0,0,0,0,0,1,0,0,0,0,3.952302977662386,0,0,0,0,0,0,0,1.0,0.6975870020249311,0.45046447806543377,0.303985595703125,1.0,3159.2572326660156,0.046405792236328125,0.57220458984375,0.107421875,29.0,370.0,370.0
Q01413__clean,Q01413,1,,uni5.net,data/qr_images/Q01413.png,none,none,4,1,http://omelhormeschegando.uni5.net/review.php,opencv,exact,45,27,11,0,3,1,0,1,0.022222222222222223,0,0,0,0,0,0,1,0,0,0,0,0,0,4.202095318167281,0,0,0,0,0,0,0,1.0,0.66031681135589,0.46392192019120854,0.3362541198730469,1.0,3626.903450012207,0.052608489990234375,0.49591064453125,0.09765625,33.0,410.0,410.0
Q01414__clean,Q01414,0,,andersoneconomicgroup.com,data/qr_images/Q01414.png,none,none,5,1,http://www.andersoneconomicgroup.com/Portals/0/upload/AutoAlley_111208Final.pdf,opencv,exact,79,29,43,0,3,1,0,7,0.08860759493670886,1,0,0,0,0,0,4,0,0,0,0,0,0,4.64354637480911,0,0,0,0,0,0,0,1.0,0.6671418433095895,0.4600130889763002,0.329071044921875,1.0,4076.1608657836914,0.05957794189453125,0.80108642578125,0.08984375,37.0,450.0,450.0
Q01415__clean,Q01415,0,,sanfoundry.com,data/qr_images/Q01415.png,none,none,4,1,http://www.sanfoundry.com/training-on-linux-device-drivers/,opencv,exact,59,18,34,0,2,1,4,0,0.0,4,0,0,0,0,0,1,0,0,0,0,0,0,4.409865880046906,0,0,0,0,0,0,0,1.0,0.6650772693110447,0.46234731650164457,0.3323974609375,1.0,3601.254592895508,0.052234649658203125,0.5340576171875,0.09765625,33.0,410.0,410.0
Q01416__clean,Q01416,1,,clubedemilhagem.com,data/qr_images/Q01416.png,none,none,3,1,https://clubedemilhagem.com/home.php?4yI4Z,opencv,exact,42,19,9,5,2,0,0,2,0.047619047619047616,1,0,1,0,0,0,1,1,1,0,0,0,0,4.3087513512471665,0,0,0,0,0,0,0,1.0,0.6859003553203508,0.4557744109293861,0.3160285949707031,1.0,3089.2492446899414,0.044963836669921875,0.57220458984375,0.107421875,29.0,370.0,370.0
Q01417__clean,Q01417,1,,jpdmi.com,data/qr_images/Q01417.png,none,none,5,1,http://att.jpdmi.com/2019/500255-LP/spanish.php?acct=523320589203,opencv_aruco,exact,65,13,27,17,3,1,1,22,0.3384615384615385,3,0,1,1,0,0,3,1,0,0,0,0,0,4.46187119214479,0,0,0,0,0,0,0,1.0,0.6542980119293811,0.4641057851153725,0.34253692626953125,1.0,4151.085266113281,0.061016082763671875,0.72479248046875,0.08984375,37.0,450.0,450.0
Q01418__clean,Q01418,0,,pinterest.com,data/qr_images/Q01418.png,none,none,4,1,https://www.pinterest.com/explore/graphic-designer-resume/,opencv,exact,58,17,33,0,2,1,2,0,0.0,2,0,0,0,0,0,2,0,1,0,0,0,0,4.190238651106873,0,0,0,0,0,0,0,1.0,0.6811370550417433,0.45601024487701275,0.3164710998535156,1.0,3612.9499282836914,0.052860260009765625,0.6866455078125,0.09765625,33.0,410.0,410.0
Q01419__clean,Q01419,1,,siliguribaghajatinsportingclub.com,data/qr_images/Q01419.png,none,none,7,1,http://www.siliguribaghajatinsportingclub.com/freemobile/France-FreeMobile/83d8d97189c32d56805d1b31ada49169/moncompte,opencv,exact,117,38,72,0,2,1,1,23,0.19658119658119658,1,0,0,0,0,0,4,0,0,0,0,0,0,4.910975302077233,0,0,0,0,0,0,0,1.0,0.6333282171511183,0.4683592343715405,0.364837646484375,1.0,5037.034217834473,0.0729217529296875,0.87738037109375,0.076171875,45.0,530.0,530.0
Q01420__clean,Q01420,1,,free.fr,data/qr_images/Q01420.png,none,none,2,1,https://s.free.fr/92rsZcB4,opencv,exact,26,9,9,0,2,1,0,3,0.11538461538461539,0,0,0,0,0,0,1,0,1,0,0,0,0,3.8441065448145375,0,0,0,0,0,0,0,1.0,0.7043036816166897,0.4491223452085785,0.2996711730957031,1.0,2564.523406982422,0.038066864013671875,0.57220458984375,0.12109375,25.0,330.0,330.0
Q01421__clean,Q01421,0,,dsubluehawks.com,data/qr_images/Q01421.png,none,none,3,1,http://www.dsubluehawks.com/,opencv,exact,28,20,1,0,2,1,0,0,0.0,0,0,0,0,0,0,0,0,0,0,0,0,0,3.9946803684089094,0,0,0,0,0,0,0,1.0,0.6902809143066406,0.4541199869868844,0.3119354248046875,1.0,3108.7029876708984,0.044704437255859375,0.6866455078125,0.107421875,29.0,370.0,370.0
Q01422__clean,Q01422,1,,officialliker.co,data/qr_images/Q01422.png,none,none,3,1,https://www.officialliker.co/,opencv,exact,29,20,1,0,2,1,0,0,0.0,0,0,0,0,0,0,0,0,1,0,0,0,0,3.9523029776623857,0,0,0,0,0,0,0,1.0,0.6815197664148668,0.45739902904047,0.3201713562011719,1.0,3176.0403442382812,0.04613494873046875,0.5340576171875,0.107421875,29.0,370.0,370.0
Q01423__clean,Q01423,0,,easycalculation.com,data/qr_images/Q01423.png,none,none,5,1,https://www.easycalculation.com/analytical/perpendicular-bisector-line.php,opencv,exact,74,23,43,0,3,1,2,0,0.0,2,0,0,0,0,0,2,0,1,0,0,0,0,4.251561016012442,0,0,0,0,0,0,0,1.0,0.6750438465791591,0.45689541154776236,0.3219184875488281,1.0,4221.823112487793,0.0607452392578125,0.762939453125,0.08984375,37.0,450.0,450.0
Q01424__clean,Q01424,1,,cndoubleegret.com,data/qr_images/Q01424.png,none,none,9,1,http://www.cndoubleegret.com/admin/secure/cmd-login=fc57e7f7e3afa9af443c1aabe31bde5e/?reff=NmNiOGY1NzljYTQ2NTRmYWVkOTliZWQyNDdjNTE3MmY=&amp;user=abuse@iveco.com,opencv,exact,160,21,57,74,3,1,1,16,0.1,9,1,1,4,1,0,3,2,0,0,0,0,0,5.32226917076085,2,1,0,0,1,0,0,1.0,0.613536356009689,0.47085437779923317,0.3844108581542969,1.0,6314.083221435547,0.08812332153320312,1.068115234375,0.06640625,53.0,610.0,610.0
Q01425__clean,Q01425,1,,sslblindado.com,data/qr_images/Q01425.png,none,none,6,1,https://santande15.sslblindado.com/vangoh/pessoa-fisica/santander-van-gogh/Atendimento,opencv,exact,86,26,52,0,2,1,3,2,0.023255813953488372,3,0,0,0,0,0,4,0,1,0,0,0,0,4.27426570244272,0,0,0,0,0,0,0,1.0,0.6384650286506204,0.4685579830924586,0.36109161376953125,1.0,4648.715057373047,0.06579971313476562,0.6103515625,0.08203125,41.0,490.0,490.0
Q01426__clean,Q01426,1,,presentes-promocoes-premier.com,data/qr_images/Q01426.png,none,none,11,1,https://www43.presentes-promocoes-premier.com/prod3ba6ee9f18d76786d6e5414b2cf36cfelnk/smart-tv-4k-led-55-samsung-un55ru7100gxzd-wi-fi-bluetooth-3-hdmi-2-usb/p/1934272/et/tv4k?fbclid=IwAR1KZzbrmAKWc-9bhpQQ0X6aUJh5UTtq4g6_gQEsjUXTryCgAsd1w4bCaEc,opencv,exact,243,37,129,68,2,1,16,48,0.19753086419753085,19,0,1,1,0,0,6,1,1,0,0,0,0,5.424165759302906,0,0,0,0,0,0,0,1.0,0.5939968632716759,0.472960637035026,0.40476226806640625,1.0,7369.5255126953125,0.10048294067382812,1.18255615234375,0.05859375,61.0,690.0,690.0
Q01427__clean,Q01427,1,,equalchances.org,data/qr_images/Q01427.png,none,none,4,1,http://www.equalchances.org/net/page/myaccount/settings,opencv,exact,55,20,28,0,2,1,0,0,0.0,0,0,0,0,0,0,4,0,0,0,0,0,0,4.128744204623185,1,0,0,1,0,0,0,1.0,0.6591276729808134,0.4641274019254597,0.33725738525390625,1.0,3663.7109603881836,0.053478240966796875,0.49591064453125,0.09765625,33.0,410.0,410.0
Q01428__clean,Q01428,0,,wikiwiseman.com,data/qr_images/Q01428.png,none,none,3,1,https://www.wikiwiseman.com/,opencv,exact,28,19,1,0,2,1,0,0,0.0,0,0,0,0,0,0,0,0,1,0,0,0,0,3.767375797816042,0,0,0,0,0,0,0,1.0,0.6859010135426241,0.45575671973885773,0.3159217834472656,1.0,3130.5421981811523,0.045307159423828125,0.49591064453125,0.107421875,29.0,370.0,370.0
Q01429__clean,Q01429,0,,myfuture.com,data/qr_images/Q01429.png,none,none,5,1,http://www.myfuture.com/careers/salary/computer-network-architects_15-1143.00,opencv,exact,77,16,54,0,3,1,3,8,0.1038961038961039,4,0,0,0,0,0,3,0,0,0,0,0,0,4.509432808524107,0,0,0,0,0,0,0,1.0,0.6661540910309436,0.46074160989260354,0.3311614990234375,1.0,4143.358436584473,0.058868408203125,0.457763671875,0.08984375,37.0,450.0,450.0
Q01430__clean,Q01430,0,,esky.ro,data/qr_images/Q01430.png,none,none,2,1,https://www.esky.ro/,opencv,exact,20,11,1,0,2,1,0,0,0.0,0,0,0,0,0,0,0,0,1,0,0,0,0,3.546439344671015,0,0,0,0,0,0,0,1.0,0.6914490793265549,0.4548600912475531,0.3122100830078125,1.0,2460.74308013916,0.037105560302734375,0.34332275390625,0.12109375,25.0,330.0,330.0
Q01431__clean,Q01431,1,,creatorlink.net,data/qr_images/Q01431.png,none,none,3,1,https://contarv.creatorlink.net/,opencv,exact,32,23,1,0,2,1,0,0,0.0,0,0,0,0,0,0,0,0,1,0,0,0,0,3.8789280318460246,0,0,0,0,0,0,0,1.0,0.6698309954474954,0.46219567584484483,0.3319969177246094,1.0,3060.3474502563477,0.04441070556640625,0.34332275390625,0.107421875,29.0,370.0,370.0
Q01432__clean,Q01432,1,,billingservice-ee.com,data/qr_images/Q01432.png,none,none,4,1,https://billingservice-ee.com/account/index?ac=ee,opencv,exact,49,21,14,5,1,0,1,0,0.0,3,0,1,1,0,0,2,1,1,0,0,0,0,4.2928547434383315,1,0,0,1,0,0,0,1.0,0.6650776283413756,0.46213729208667276,0.3324012756347656,1.0,3599.2348709106445,0.0526580810546875,0.6866455078125,0.09765625,33.0,410.0,410.0
Q01433__clean,Q01433,1,,mbmarquitectos.com.pe,data/qr_images/Q01433.png,none,none,4,1,http://mbmarquitectos.com.pe/doc45image/casts/,opencv,exact,46,21,18,0,2,0,0,2,0.043478260869565216,0,0,0,0,0,0,2,0,0,0,0,0,0,4.127065630893371,0,0,0,0,0,0,0,1.0,0.6775712256338082,0.4576671547727206,0.3201789855957031,1.0,3536.1488723754883,0.051837921142578125,0.64849853515625,0.09765625,33.0,410.0,410.0
Q01434__clean,Q01434,0,,moderncoinmart.com,data/qr_images/Q01434.png,none,none,3,1,https://www.moderncoinmart.com/,opencv_aruco,exact,31,22,1,0,2,1,0,0,0.0,0,0,0,0,0,0,0,0,1,0,0,0,0,3.9292144551992183,0,0,0,0,0,0,0,1.0,0.6807886909036075,0.4580407195301843,0.3211860656738281,1.0,2977.366539001465,0.04384613037109375,0.457763671875,0.107421875,29.0,370.0,370.0
Q01435__clean,Q01435,0,,infomagic.com,data/qr_images/Q01435.png,none,none,2,1,https://www.infomagic.com/,opencv,exact,26,17,1,0,2,1,0,0,0.0,0,0,0,0,0,0,0,0,1,0,0,0,0,3.8731406795131327,0,0,0,0,0,0,0,1.0,0.7162419188256357,0.444111814378244,0.2872810363769531,1.0,2371.7357330322266,0.035221099853515625,0.6866455078125,0.12109375,25.0,330.0,330.0
Q01436__clean,Q01436,0,,armorgames.com,data/qr_images/Q01436.png,none,none,3,1,http://armorgames.com/category/adventure,opencv,exact,40,14,19,0,1,0,0,0,0.0,0,0,0,0,0,0,2,0,0,0,0,0,0,3.984183719779188,0,0,0,0,0,0,0,1.0,0.6815193475461474,0.45743706507001697,0.3203544616699219,1.0,3133.8427352905273,0.045680999755859375,0.72479248046875,0.107421875,29.0,370.0,370.0
Q01437__clean,Q01437,0,,demandmetric.com,data/qr_images/Q01437.png,none,none,6,1,https://blog.demandmetric.com/2008/08/06/target-market-selection-segmentation-and-positioning,opencv,exact,93,21,64,0,2,1,5,8,0.08602150537634409,5,0,0,0,0,0,4,0,1,0,0,0,0,4.340302097709553,0,0,0,0,0,0,0,1.0,0.6442976259717754,0.4667064849855728,0.3558158874511719,1.0,4703.143081665039,0.06652069091796875,0.57220458984375,0.08203125,41.0,490.0,490.0
Q01438__clean,Q01438,0,,artflakes.com,data/qr_images/Q01438.png,none,none,2,1,https://www.artflakes.com/,opencv_aruco,exact,26,17,1,0,2,1,0,0,0.0,0,0,0,0,0,0,0,0,1,0,0,0,0,3.921029621737614,0,0,0,0,0,0,0,1.0,0.6859380235858992,0.4571364578259903,0.31801605224609375,1.0,2567.862075805664,0.0379486083984375,0.34332275390625,0.12109375,25.0,330.0,330.0
Q01439__clean,Q01439,1,,firebaseapp.com,data/qr_images/Q01439.png,none,none,3,1,https://sen-manole.firebaseapp.com/,opencv,exact,35,26,1,0,2,1,1,0,0.0,1,0,0,0,0,0,0,0,1,0,0,0,0,4.071581588126284,0,0,0,0,0,0,0,1.0,0.6888197655771293,0.4544840874244885,0.31310272216796875,1.0,3147.567184448242,0.045574188232421875,0.5340576171875,0.107421875,29.0,370.0,370.0
Q01440__clean,Q01440,1,,g102d3e13e313e1.com,data/qr_images/Q01440.png,none,none,3,1,http://g102d3e13e313e1.com/ap/,opencv,exact,30,19,4,0,1,0,0,10,0.3333333333333333,0,0,0,0,0,0,1,0,0,0,0,0,0,3.8150610122030697,0,0,0,0,0,0,0,1.0,0.6880915024701286,0.454702097771873,0.3138923645019531,1.0,3213.8858337402344,0.04632568359375,0.6866455078125,0.107421875,29.0,370.0,370.0
Q01441__clean,Q01441,1,,ficcca.org,data/qr_images/Q01441.png,none,none,3,1,https://ficcca.org/verifica-tion/wu/,opencv,exact,36,10,18,0,1,0,1,0,0.0,1,0,0,0,0,0,2,0,1,0,0,0,0,4.048688113203415,0,0,0,0,0,0,0,1.0,0.6902844148523667,0.454287955574601,0.3111724853515625,1.0,2967.221466064453,0.043384552001953125,0.57220458984375,0.107421875,29.0,370.0,370.0
Q01442__clean,Q01442,1,,newjoysf.org,data/qr_images/Q01442.png,none,none,3,1,https://www.newjoysf.org/modules/wmich.htm,opencv,exact,42,16,18,0,3,1,0,0,0.0,0,0,0,0,0,0,2,0,1,0,0,0,0,4.198532530221199,0,0,0,0,0,0,0,1.0,0.6990489436130898,0.45045627964221635,0.3021697998046875,1.0,2999.3212661743164,0.0437469482421875,0.57220458984375,0.107421875,29.0,370.0,370.0
Q01443__clean,Q01443,0,,kinopoisk.ru,data/qr_images/Q01443.png,none,none,3,1,https://www.kinopoisk.ru/film/818145/,opencv,exact,37,16,13,0,2,1,0,6,0.16216216216216217,0,0,0,0,0,0,2,0,1,0,0,0,0,4.206225920256958,0,0,0,0,0,0,0,1.0,0.6749440062279795,0.45997587408664287,0.32692718505859375,1.0,3129.9475173950195,0.045650482177734375,0.34332275390625,0.107421875,29.0,370.0,370.0
Q01444__clean,Q01444,1,,pantoanima.es,data/qr_images/Q01444.png,none,none,7,1,https://prueba.pantoanima.es/libraries/webapps/n/login?cmd=_signin&amp;dispatch=f915618b4d4d1d4248ff8aefd&amp;locale=en_NL,opencv,exact,122,20,26,67,2,1,0,14,0.11475409836065574,10,0,1,3,2,0,4,3,1,0,0,0,0,4.831828721217136,2,1,0,0,0,0,0,1.0,0.6212259629193474,0.47097096446748804,0.3769721984863281,1.0,5240.303550720215,0.07587814331054688,0.6866455078125,0.076171875,45.0,530.0,530.0
Q01445__clean,Q01445,1,,gelmec.co.uk,data/qr_images/Q01445.png,none,none,4,1,https://www.gelmec.co.uk/webmail.cornell.edu.html,opencv,exact,49,16,25,0,6,1,0,0,0.0,0,0,0,0,0,0,1,0,1,0,0,0,0,4.150452579587567,0,0,0,0,0,0,0,1.0,0.6579365748985141,0.46447768995674804,0.3387908935546875,1.0,3685.1836013793945,0.053623199462890625,0.6866455078125,0.09765625,33.0,410.0,410.0
Q01446__clean,Q01446,1,,stolizaparketa.ru,data/qr_images/Q01446.png,none,none,8,1,http://stolizaparketa.ru/wp-content/themes/twentyfifteen/css/read/chinavali/index.php?email=info@vauxhallsportscarclub.co.uk/,opencv,exact,125,17,61,39,4,0,1,0,0.0,4,1,1,1,0,0,7,1,0,0,0,0,0,4.512684536636335,0,0,0,0,0,0,0,1.0,0.607869540943819,0.4720993937741002,0.39185333251953125,1.0,5029.377731323242,0.08097457885742188,1.02996826171875,0.0703125,49.0,570.0,570.0
Q01447__clean,Q01447,1,,bolong3d.com,data/qr_images/Q01447.png,none,none,3,1,http://www.bolong3d.com/cs/,opencv,exact,27,16,4,0,2,1,0,1,0.037037037037037035,0,0,0,0,0,0,1,0,0,0,0,0,0,3.8841550945958057,0,0,0,0,0,0,0,1.0,0.6953966028550091,0.4518313012926475,0.30657196044921875,1.0,3135.1483840942383,0.045257568359375,0.49591064453125,0.107421875,29.0,370.0,370.0
Q01448__clean,Q01448,1,,tinyletterapp.com,data/qr_images/Q01448.png,none,none,10,1,http://mail01.tinyletterapp.com/Support--1/important-confirm-your-account-1/13669205-service-account-5.000webhostapp.com/account/account/gs_gen/gs321c3043f9edf99647ed762add65f6dc/?REDACTED,opencv,exact,188,24,148,8,4,1,9,35,0.18617021276595744,11,0,1,0,0,0,7,1,0,0,0,0,0,5.009468168454066,2,0,0,1,0,0,0,1.0,0.6047219519521676,0.47083131004749046,0.39308929443359375,1.0,6995.993011474609,0.09716796875,0.9918212890625,0.0625,57.0,650.0,650.0
Q01449__clean,Q01449,0,,publishroom.com,data/qr_images/Q01449.png,none,none,3,1,http://www.publishroom.com/,opencv,exact,27,19,1,0,2,1,0,0,0.0,0,0,0,0,0,0,0,0,0,0,0,0,0,3.8561962982193805,0,0,0,0,0,0,0,1.0,0.6866333606196385,0.45552440876969463,0.3149871826171875,1.0,3122.3248443603516,0.045177459716796875,0.72479248046875,0.107421875,29.0,370.0,370.0
Q01450__clean,Q01450,1,,enerclim.com,data/qr_images/Q01450.png,none,none,2,1,http://enerclim.com/cs/,opencv,exact,23,12,4,0,1,0,0,0,0.0,0,0,0,0,0,0,1,0,0,0,0,0,0,3.708132064658602,0,0,0,0,0,0,0,1.0,0.7015476152008655,0.4503615149492742,0.3021965026855469,1.0,2579.0971603393555,0.0382080078125,0.49591064453125,0.12109375,25.0,330.0,330.0
Q01451__clean,Q01451,0,,lynnlandscapedesign.com,data/qr_images/Q01451.png,none,none,4,1,https://www.lynnlandscapedesign.com/services/,opencv,exact,45,27,10,0,2,1,0,0,0.0,0,0,0,0,0,0,1,0,1,0,0,0,0,4.178088307912702,0,0,0,0,0,0,0,1.0,0.679952195111443,0.456730308330991,0.3173713684082031,1.0,3493.184295654297,0.051540374755859375,0.6866455078125,0.09765625,33.0,410.0,410.0
Q01452__clean,Q01452,0,,truli.com,data/qr_images/Q01452.png,none,none,2,1,http://www.truli.com/,opencv,exact,21,13,1,0,2,1,0,0,0.0,0,0,0,0,0,0,0,0,0,0,0,0,0,3.6178096843744543,0,0,0,0,0,0,0,1.0,0.7061418421128217,0.44842373572280475,0.29758453369140625,1.0,2504.5240173339844,0.03733062744140625,0.5340576171875,0.12109375,25.0,330.0,330.0
Q01453__clean,Q01453,1,,mixh.jp,data/qr_images/Q01453.png,none,none,7,1,https://amazon.co.jp.access.usid-4536.mixh.jp/075b051ec3d22dac7b33f788da631fd4/signin.php?country=JP-Japan&lang=en,opencv,exact,114,37,44,24,7,5,2,23,0.20175438596491227,6,0,1,2,1,0,2,2,1,0,0,0,0,5.046216633868674,1,0,0,0,0,0,0,1.0,0.6240712932511872,0.4704314055137216,0.37396240234375,1.0,5174.062393188477,0.07498550415039062,0.64849853515625,0.076171875,45.0,530.0,530.0
Q01454__clean,Q01454,1,,sloaneandhyde.com,data/qr_images/Q01454.png,none,none,4,1,http://sloaneandhyde.com/imm/new2015/document.php,opencv,exact,49,17,25,0,2,0,0,4,0.08163265306122448,0,0,0,0,0,0,3,0,0,0,0,0,0,4.280340905640633,0,0,0,0,0,0,0,1.0,0.6615071315391391,0.4638049774869937,0.335693359375,1.0,3476.9657974243164,0.05089569091796875,0.5340576171875,0.09765625,33.0,410.0,410.0
Q01455__clean,Q01455,1,,serveusers.com,data/qr_images/Q01455.png,none,none,6,1,http://secure03a-chasehelper.serveusers.com/web/auth/dashboard/overview/index/auth.php,opencv,exact,86,36,43,0,3,1,1,2,0.023255813953488372,1,0,0,0,0,0,6,0,0,0,0,0,0,4.252139208343316,1,0,0,0,1,0,0,1.0,0.6422165814568015,0.46719586527350443,0.3579521179199219,1.0,4808.727256774902,0.06743240356445312,0.57220458984375,0.08203125,41.0,490.0,490.0
Q01456__clean,Q01456,0,,microoyun.com,data/qr_images/Q01456.png,none,none,4,1,http://www.microoyun.com/games/play/traffic-collision-2,opencv,exact,55,17,31,0,2,1,2,1,0.01818181818181818,2,0,0,0,0,0,3,0,0,0,0,0,0,4.3451102869848235,0,0,0,0,0,0,0,1.0,0.6555588366938573,0.4653812054621896,0.3415565490722656,1.0,3645.9864196777344,0.05312347412109375,0.5340576171875,0.09765625,33.0,410.0,410.0
Q01457__clean,Q01457,0,,wired.com,data/qr_images/Q01457.png,none,none,7,1,https://www.wired.com/2014/01/its-time-to-take-mesh-networks-seriously-and-not-just-for-the-reasons-you-think/,opencv_aruco,exact,110,13,89,0,2,1,14,6,0.05454545454545454,14,0,0,0,0,0,3,0,1,0,0,0,0,4.355414907728972,0,0,0,0,0,0,0,1.0,0.6190882364908854,0.4721028401465149,0.3788299560546875,1.0,5026.000175476074,0.07308578491210938,0.87738037109375,0.076171875,45.0,530.0,530.0
Q01458__clean,Q01458,0,,fundingconnection.co.za,data/qr_images/Q01458.png,none,none,3,1,https://www.fundingconnection.co.za/,opencv,exact,36,27,1,0,3,1,0,0,0.0,0,0,0,0,0,0,0,0,1,0,0,0,0,3.9993981823473774,0,0,0,0,0,0,0,1.0,0.6873612198175169,0.45532450681487635,0.3143348693847656,1.0,3016.9841842651367,0.04412078857421875,0.5340576171875,0.107421875,29.0,370.0,370.0
Q01459__clean,Q01459,1,,etagy.net,data/qr_images/Q01459.png,none,none,3,1,http://base.etagy.net/login.php,opencv,exact,31,14,10,0,3,1,0,0,0.0,0,0,0,0,0,0,1,0,0,0,0,0,0,3.824533406881911,1,1,0,0,0,0,0,1.0,0.6888235503552007,0.45445810638982287,0.3122901916503906,1.0,3184.6424865722656,0.045856475830078125,0.762939453125,0.107421875,29.0,370.0,370.0
Q01460__clean,Q01460,1,,adviceintl.com,data/qr_images/Q01460.png,none,none,5,1,http://www.adviceintl.com/newart/e36b27b632c015cdaf3b0bb801d67e8d/new,opencv,exact,69,18,44,0,2,1,0,18,0.2608695652173913,0,0,0,0,0,0,3,0,0,0,0,0,0,4.569205624769985,0,0,0,0,0,0,0,1.0,0.6562744439816942,0.4634690044608907,0.33991241455078125,1.0,4158.664505004883,0.061031341552734375,0.6866455078125,0.08984375,37.0,450.0,450.0
Q01461__clean,Q01461,1,,applmanager.com,data/qr_images/Q01461.png,none,none,5,1,http://www.paypal-verification.applmanager.com/customer_center/user-173764/,opencv,exact,75,39,29,0,3,2,2,6,0.08,3,0,0,0,0,0,2,0,0,0,0,0,0,4.575652864904122,1,0,0,0,0,0,0,1.0,0.6572661455939798,0.46335510180517386,0.3388252258300781,1.0,4136.902191162109,0.060298919677734375,0.457763671875,0.08984375,37.0,450.0,450.0
Q01462__clean,Q01462,1,,loubo-ci.com,data/qr_images/Q01462.png,none,none,4,1,http://blog.loubo-ci.com/Class/confirm/paypal/signin,opencv,exact,52,17,28,0,2,1,1,0,0.0,1,0,0,0,0,0,4,0,0,0,0,0,0,4.2217117760337635,2,0,0,0,0,0,0,1.0,0.6626984988941865,0.4628077497875815,0.3351860046386719,1.0,3688.545654296875,0.05379486083984375,0.34332275390625,0.09765625,33.0,410.0,410.0
Q01463__clean,Q01463,0,,namdargroup.ir,data/qr_images/Q01463.png,none,none,2,1,http://www.namdargroup.ir/,opencv,exact,26,18,1,0,2,1,0,0,0.0,0,0,0,0,0,0,0,0,0,0,0,0,0,3.8441065448145375,0,0,0,0,0,0,0,1.0,0.7006308611701516,0.4510801919344239,0.3027915954589844,1.0,2436.1033782958984,0.036449432373046875,0.41961669921875,0.12109375,25.0,330.0,330.0
Q01464__clean,Q01464,0,,bacanal.com.ar,data/qr_images/Q01464.png,none,none,2,1,http://www.bacanal.com.ar/,opencv,exact,26,18,1,0,3,1,0,0,0.0,0,0,0,0,0,0,0,0,0,0,0,0,0,3.6902603909683838,0,0,0,0,0,0,0,1.0,0.6969567541982613,0.45248096575136854,0.3070793151855469,1.0,2528.8466796875,0.0377655029296875,0.49591064453125,0.12109375,25.0,330.0,330.0
Q01465__clean,Q01465,1,,lighthousebookkeeping.com.au,data/qr_images/Q01465.png,none,none,4,1,http://lighthousebookkeeping.com.au/route/crypt/,opencv,exact,48,28,13,0,2,0,0,0,0.0,0,0,0,0,0,0,2,0,0,0,0,0,0,4.145512835516972,0,0,0,0,0,0,0,1.0,0.6692418715533088,0.4608538648071447,0.3271827697753906,1.0,3500.200126647949,0.051509857177734375,0.5340576171875,0.09765625,33.0,410.0,410.0
Q01466__clean,Q01466,1,,imsly.com,data/qr_images/Q01466.png,none,none,12,1,http://fr.imsly.com/direct/aHR0cHM6Ly93d3cuZmFjZWJvb2suY29tL3RyLz9pZD05MjYzMjk2OTczODk4MTcmZXY9UGl4ZWxJbml0aWFsaXplZCZkbD1odHRwJTNBJTJGJTJGZnIuYmxld3Bhc3MuY29tJTJGZGlyZWN0JTJGYUhSMGNEb3ZMM2QzZHk1bllYcDZaWFIwWVM1bmNpOC0mcmw9JmlmPWZhbHNlJnRzPTE0NjY3NDUxNzQwOTE-,opencv,exact,259,12,240,0,2,1,1,31,0.11969111969111969,1,0,0,0,0,0,2,0,0,0,0,0,0,5.580021699729212,0,0,0,0,0,0,0,1.0,0.5988062391094133,0.468145614623885,0.40137481689453125,1.0,7430.5961837768555,0.11148452758789062,1.373291015625,0.0546875,65.0,730.0,730.0
Q01467__clean,Q01467,0,,allmystery.de,data/qr_images/Q01467.png,none,none,2,1,https://www.allmystery.de/,opencv,exact,26,17,1,0,2,1,0,0,0.0,0,0,0,0,0,0,0,0,1,0,0,0,0,3.767183467891461,0,0,0,0,0,0,0,1.0,0.696956081016391,0.4522530632920608,0.3069953918457031,1.0,2590.5064010620117,0.03876495361328125,0.457763671875,0.12109375,25.0,330.0,330.0
Q01468__clean,Q01468,0,,wikia.com,data/qr_images/Q01468.png,none,none,3,1,http://disney.wikia.com/Mickey_Mouse,opencv,exact,36,16,13,0,2,1,0,0,0.0,1,0,0,0,0,0,1,0,0,0,0,0,0,4.2390979179887855,0,0,0,0,0,0,0,1.0,0.6632562824324065,0.46451204866280565,0.3386497497558594,1.0,3067.5287017822266,0.044647216796875,0.49591064453125,0.107421875,29.0,370.0,370.0
Q01469__clean,Q01469,0,,payscale.com,data/qr_images/Q01469.png,none,none,5,1,http://www.payscale.com/research/US/Job=Digital_Media_Specialist/Salary,opencv,exact,71,16,48,0,2,1,0,0,0.0,3,0,0,1,0,0,4,0,0,0,0,0,0,4.4525148171945705,0,0,0,0,0,0,0,1.0,0.652326935412837,0.4651993964999131,0.3446197509765625,1.0,4085.400276184082,0.059589385986328125,0.6103515625,0.08984375,37.0,450.0,450.0
Q01470__clean,Q01470,1,,imsmart.in,data/qr_images/Q01470.png,none,none,4,1,http://imsmart.in/becuinfoorg/BECU1/step2.php,opencv,exact,45,10,28,0,2,0,0,2,0.044444444444444446,0,0,0,0,0,0,3,0,0,0,0,0,0,4.417085807960779,0,0,0,0,0,0,0,1.0,0.66983642578125,0.46014049275248764,0.326873779296875,1.0,3641.317497253418,0.053562164306640625,0.5340576171875,0.09765625,33.0,410.0,410.0
Q01471__clean,Q01471,1,,elccircuit.com,data/qr_images/Q01471.png,none,none,6,1,https://elccircuit.com/wp-content/themes/twentynineteen/fonts/verify/ourtime/ourtime123/ourtime.php,opencv,exact,99,14,77,0,2,0,1,3,0.030303030303030304,1,0,0,0,0,0,8,0,1,0,0,0,0,4.129397149027767,1,0,1,0,0,0,0,1.0,0.6380506178911994,0.46876437345451016,0.3620109558105469,1.0,4611.751861572266,0.06536865234375,0.64849853515625,0.08203125,41.0,490.0,490.0
Q01472__clean,Q01472,1,,telltaleswriting.com,data/qr_images/Q01472.png,none,none,5,1,https://telltaleswriting.com/made-in-china.com1/account/mades/mades/login.php,opencv,exact,77,20,49,0,3,0,2,1,0.012987012987012988,2,0,0,0,0,0,5,0,1,0,0,0,0,4.244204893371591,2,1,0,1,0,0,0,1.0,0.6523279526654412,0.46520209464090473,0.34403228759765625,1.0,4086.1652069091797,0.05936431884765625,0.49591064453125,0.08984375,37.0,450.0,450.0
Q01473__clean,Q01473,1,,securecuserver.co.uk,data/qr_images/Q01473.png,none,none,4,1,https://securecuserver.co.uk/~dumbarton/webapp/login2.php,opencv,exact,57,20,29,0,3,0,0,1,0.017543859649122806,1,0,0,0,0,0,3,0,1,0,0,0,0,4.383708278478287,2,1,0,0,1,0,0,1.0,0.6638881309359681,0.4626349355809879,0.33283233642578125,1.0,3600.000312805176,0.05263519287109375,0.6103515625,0.09765625,33.0,410.0,410.0
Q01474__clean,Q01474,0,,azlyrics.com,data/qr_images/Q01474.png,none,none,3,1,http://www.azlyrics.com/l/linkinpark.html,opencv,exact,41,16,18,0,3,1,0,0,0.0,0,0,0,0,0,0,2,0,0,0,0,0,0,4.113172736114331,0,0,0,0,0,0,0,1.0,0.6961253596287148,0.45179868630971054,0.30556488037109375,1.0,2924.811424255371,0.043048858642578125,0.5340576171875,0.107421875,29.0,370.0,370.0
Q01475__clean,Q01475,0,,olympusdiving.com,data/qr_images/Q01475.png,none,none,3,1,http://www.olympusdiving.com/,opencv,exact,29,21,1,0,2,1,0,0,0.0,0,0,0,0,0,0,0,0,0,0,0,0,0,4.1162646156680225,0,0,0,0,0,0,0,1.0,0.6888217103247549,0.4548858392232672,0.3134002685546875,1.0,2920.43399810791,0.04309844970703125,0.64849853515625,0.107421875,29.0,370.0,370.0
Q01476__clean,Q01476,0,,ontslag.nl,data/qr_images/Q01476.png,none,none,2,1,https://ontslag.nl/,opencv,exact,19,10,1,0,1,0,0,0,0.0,0,0,0,0,0,0,0,0,1,0,0,0,0,3.4316235658474303,0,0,0,0,0,0,0,1.0,0.7052226047889859,0.4490955247428235,0.2984771728515625,1.0,2436.0868911743164,0.036251068115234375,0.5340576171875,0.12109375,25.0,330.0,330.0
Q01477__clean,Q01477,1,,rxcmpd.com,data/qr_images/Q01477.png,none,none,3,1,http://rxcmpd.com/forum/user.html,opencv,exact,33,10,16,0,2,0,0,0,0.0,0,0,0,0,0,0,2,0,0,0,0,0,0,3.907734270742486,0,0,0,0,0,0,0,1.0,0.6712931015912225,0.4615465925447315,0.33074951171875,1.0,3180.877700805664,0.0453643798828125,0.457763671875,0.107421875,29.0,370.0,370.0
Q01478__clean,Q01478,1,,chypp.com.ar,data/qr_images/Q01478.png,none,none,3,1,http://chypp.com.ar/webmail.htm,opencv,exact,31,12,12,0,3,0,0,0,0.0,0,0,0,0,0,0,1,0,0,0,0,0,0,3.9048632454520096,0,0,0,0,0,0,0,1.0,0.673484832165288,0.46086719988887354,0.32845306396484375,1.0,3012.3060455322266,0.04395294189453125,0.3814697265625,0.107421875,29.0,370.0,370.0
Q01479__clean,Q01479,0,,gamestation.gr,data/qr_images/Q01479.png,none,none,3,1,https://www.gamestation.gr/el/,opencv,exact,30,18,4,0,2,1,0,0,0.0,0,0,0,0,0,0,1,0,1,0,0,0,0,3.881727678869736,0,0,0,0,0,0,0,1.0,0.6793262706083409,0.4584148364615819,0.3224334716796875,1.0,3109.4279861450195,0.04510498046875,0.57220458984375,0.107421875,29.0,370.0,370.0
Q01480__clean,Q01480,0,,nbclosangeles.com,data/qr_images/Q01480.png,none,none,4,1,http://www.nbclosangeles.com/investigations/,opencv,exact,44,21,16,0,2,1,0,0,0.0,0,0,0,0,0,0,1,0,0,0,0,0,0,4.072623663895163,0,0,0,0,0,0,0,1.0,0.6668614107019761,0.46170543917631546,0.3299827575683594,1.0,3480.368392944336,0.05142974853515625,0.5340576171875,0.09765625,33.0,410.0,410.0
Q01481__clean,Q01481,0,,clipartpal.com,data/qr_images/Q01481.png,none,none,5,1,http://www.clipartpal.com/clipart_pd/computer/computer/computermouse1.html,opencv,exact,74,18,49,0,3,1,0,1,0.013513513513513514,1,0,0,0,0,0,4,0,0,0,0,0,0,4.047111899840506,0,0,0,0,0,0,0,1.0,0.6414621839336321,0.4688136661312971,0.3553314208984375,1.0,4002.8437576293945,0.05829620361328125,0.5340576171875,0.08984375,37.0,450.0,450.0
Q01482__clean,Q01482,1,,live.com,data/qr_images/Q01482.png,none,none,8,1,https://onedrive.live.com/?authkey=%21ADgDSBYlMqMJyCE&amp;cid=B209490283DB4B3D&amp;id=B209490283DB4B3D%21113&amp;parId=root&amp;o=OneUp,opencv,exact,135,17,1,108,2,1,0,29,0.21481481481481482,16,0,1,5,4,2,0,5,1,0,0,0,0,5.259109883730105,0,0,0,0,0,0,0,1.0,0.6251054502000996,0.4679106028157662,0.374267578125,1.0,5042.869255065918,0.08098220825195312,1.25885009765625,0.0703125,49.0,570.0,570.0
Q01483__clean,Q01483,0,,kollimenoswood.gr,data/qr_images/Q01483.png,none,none,3,1,https://www.kollimenoswood.gr/,opencv,exact,30,21,1,0,2,1,0,0,0.0,0,0,0,0,0,0,0,0,1,0,0,0,0,3.9483943455364034,0,0,0,0,0,0,0,1.0,0.6734827378216912,0.4606614386186234,0.3280487060546875,1.0,3119.306427001953,0.045257568359375,0.457763671875,0.107421875,29.0,370.0,370.0
Q01484__clean,Q01484,0,,ecomparemo.com,data/qr_images/Q01484.png,none,none,4,1,https://www.ecomparemo.com/insurance/charter-ping-an-insurance,opencv,exact,62,18,36,0,2,1,3,0,0.0,3,0,0,0,0,0,2,0,1,0,0,0,0,4.1156892633000695,0,0,0,0,0,0,0,1.0,0.6567458956849341,0.4649382636464837,0.3401527404785156,1.0,3603.233818054199,0.05295562744140625,0.41961669921875,0.09765625,33.0,410.0,410.0
Q01485__clean,Q01485,0,,doshkolenok.kiev.ua,data/qr_images/Q01485.png,none,none,2,1,http://doshkolenok.kiev.ua,opencv,exact,26,19,0,0,2,0,0,0,0.0,0,0,0,0,0,0,0,0,0,0,0,0,0,3.9500637564362093,0,0,0,0,0,0,0,1.0,0.702468438241996,0.4500043056092407,0.3009300231933594,1.0,2537.5949630737305,0.037837982177734375,0.5340576171875,0.12109375,25.0,330.0,330.0
Q01486__clean,Q01486,0,,leagle.com,data/qr_images/Q01486.png,none,none,2,1,http://www.leagle.com/,opencv,exact,22,14,1,0,2,1,0,0,0.0,0,0,0,0,0,0,0,0,0,0,0,0,0,3.663532754804254,0,0,0,0,0,0,0,1.0,0.6960381152583104,0.45310813329036775,0.30774688720703125,1.0,2502.8758239746094,0.036891937255859375,0.41961669921875,0.12109375,25.0,330.0,330.0
Q01487__clean,Q01487,0,,boro.gr,data/qr_images/Q01487.png,none,none,1,1,http://boro.gr,opencv,exact,14,7,0,0,1,0,0,0,0.0,0,0,0,0,0,0,0,0,0,0,0,0,0,3.2359263506290326,0,0,0,0,0,0,0,1.0,0.7288859947054994,0.4382181145362225,0.2671928405761719,1.0,1916.1757736206055,0.03061676025390625,0.41961669921875,0.138671875,21.0,290.0,290.0
Q01488__clean,Q01488,0,,vegrecipesofindia.com,data/qr_images/Q01488.png,none,none,4,1,http://www.vegrecipesofindia.com/recipes/indian-curry-recipes/,opencv,exact,62,25,30,0,2,1,2,0,0.0,2,0,0,0,0,0,2,0,0,0,0,0,0,4.205864812989983,0,0,0,0,0,0,0,1.0,0.6496092852424172,0.46726893914812767,0.3481254577636719,1.0,3728.7778930664062,0.0537872314453125,0.41961669921875,0.09765625,33.0,410.0,410.0
Q01489__clean,Q01489,0,,interticket.com,data/qr_images/Q01489.png,none,none,2,1,http://www.interticket.com,opencv,exact,26,19,0,0,2,1,0,0,0.0,0,0,0,0,0,0,0,0,0,0,0,0,0,3.686419411348773,0,0,0,0,0,0,0,1.0,0.6822626001694623,0.45845773126935047,0.322052001953125,1.0,2604.8515853881836,0.038562774658203125,0.34332275390625,0.12109375,25.0,330.0,330.0
Q01490__clean,Q01490,0,,w3schools.com,data/qr_images/Q01490.png,none,none,3,1,https://www.w3schools.com/jS/js_switch.asp,opencv,exact,42,17,17,0,3,1,0,1,0.023809523809523808,1,0,0,0,0,0,2,0,1,0,0,0,0,3.89484473255064,0,0,0,0,0,0,0,1.0,0.6632577783921185,0.4646081867117902,0.33864593505859375,1.0,2980.1567611694336,0.04363250732421875,0.457763671875,0.107421875,29.0,370.0,370.0
Q01491__clean,Q01491,1,,feesthut.be,data/qr_images/Q01491.png,none,none,4,1,http://mail.feesthut.be/~u43730p39181/pki-validation,opencv,exact,52,16,29,0,2,1,1,10,0.19230769230769232,2,0,0,0,0,0,2,0,0,0,0,0,0,4.611416824235502,0,0,0,0,0,0,0,1.0,0.6722151214001225,0.4596646423554452,0.3249359130859375,1.0,3568.227584838867,0.0522308349609375,0.6866455078125,0.09765625,33.0,410.0,410.0
Q01492__clean,Q01492,1,,vereins.at,data/qr_images/Q01492.png,none,none,3,1,http://www.vereins.at/mlaf.php,opencv,exact,30,14,9,0,3,1,0,0,0.0,0,0,0,0,0,0,1,0,0,0,0,0,0,3.9144093452479405,0,0,0,0,0,0,0,1.0,0.6873615638882506,0.4552564463046942,0.31478118896484375,1.0,3151.7744750976562,0.045185089111328125,0.457763671875,0.107421875,29.0,370.0,370.0
Q01493__clean,Q01493,0,,bankwest.com.au,data/qr_images/Q01493.png,none,none,4,1,https://www.bankwest.com.au/personal/bank/bank-accounts,opencv,exact,55,19,28,0,3,1,1,0,0.0,1,0,0,0,0,0,3,0,1,0,0,0,0,4.09947801417888,2,0,0,1,0,0,1,1.0,0.6579373228783701,0.46468886084665856,0.3388938903808594,1.0,3651.038673400879,0.052959442138671875,0.49591064453125,0.09765625,33.0,410.0,410.0
Q01494__clean,Q01494,0,,incom.ru,data/qr_images/Q01494.png,none,none,2,1,http://www.incom.ru/,opencv,exact,20,12,1,0,2,1,0,0,0.0,0,0,0,0,0,0,0,0,0,0,0,0,0,3.6464393446710153,0,0,0,0,0,0,0,1.0,0.6951185338637408,0.453068322831657,0.30872344970703125,1.0,2581.0963287353516,0.0386505126953125,0.41961669921875,0.12109375,25.0,330.0,330.0
Q01495__clean,Q01495,0,,howstuffworks.com,data/qr_images/Q01495.png,none,none,5,1,http://computer.howstuffworks.com/how-wireless-mesh-networks-work.htm,opencv,exact,69,26,36,0,3,1,4,0,0.0,4,0,0,0,0,0,1,0,0,0,0,0,0,4.090054987253751,0,0,0,0,0,0,0,1.0,0.6631895327100567,0.46140008579714636,0.33335113525390625,1.0,4107.03475189209,0.059825897216796875,0.8392333984375,0.08984375,37.0,450.0,450.0
Q01496__clean,Q01496,1,,narod.ru,data/qr_images/Q01496.png,none,none,3,1,https://buduzdorov.narod.ru/,opencv,exact,28,19,1,0,2,1,0,0,0.0,0,0,0,0,0,0,0,0,1,0,0,0,0,3.8154107252426988,0,0,0,0,0,0,0,1.0,0.6778670965456495,0.45918841935816684,0.3241119384765625,1.0,3048.3605575561523,0.04428863525390625,0.5340576171875,0.107421875,29.0,370.0,370.0
Q01497__clean,Q01497,1,,evernote.com,data/qr_images/Q01497.png,none,none,14,1,https://www.evernote.com/shard/s430/client/snv?noteGuid=1e315989-372f-4f18-9094-04b8976afbff&amp;noteKey=9f2538feedc6675daabd34267b45ad36&amp;sn=https%3A%2F%2Fwww.evernote.com%2Fshard%2Fs430%2Fsh%2F1e315989-372f-4f18-9094-04b8976afbff%2F9f2538feedc6675daabd34267b45ad36&amp;title=Secured%2BMicrosoft%2BAzure%2Bfor%2BOne%2BDrive%2BCloud%2Bcopy,opencv,exact,342,16,22,295,4,1,8,103,0.30116959064327486,34,0,1,4,3,15,4,4,1,0,0,0,0,5.249746438712387,1,0,0,0,1,0,0,1.0,0.5845078561820236,0.46956762330918395,0.4164581298828125,1.0,9437.1376953125,0.12581253051757812,1.64031982421875,0.048828125,73.0,810.0,810.0
Q01498__clean,Q01498,0,,btcz.rocks,data/qr_images/Q01498.png,none,none,2,1,https://btcz.rocks/,opencv,exact,19,10,1,0,1,0,0,0,0.0,0,0,0,0,0,0,0,0,1,0,0,0,0,3.5368867237421666,0,0,0,0,0,0,0,1.0,0.7024652368882123,0.4502082220935945,0.30123138427734375,1.0,2464.594078063965,0.03678131103515625,0.49591064453125,0.12109375,25.0,330.0,330.0
Q01499__clean,Q01499,1,,kloshpro.com,data/qr_images/Q01499.png,none,none,5,1,http://www.kloshpro.com/js/db/a/db/b/3/dropbx.z/document.html?ssl=yes,opencv,exact,69,16,38,7,4,1,0,1,0.014492753623188406,2,0,1,1,0,0,8,1,0,0,0,0,0,4.3952925812917245,0,0,0,0,0,0,0,1.0,0.6552887262082567,0.46431915712543664,0.3417472839355469,1.0,4122.700302124023,0.0593719482421875,0.6103515625,0.08984375,37.0,450.0,450.0
Q01500__clean,Q01500,1,,visionsofrapturephoto.com,data/qr_images/Q01500.png,none,none,5,1,https://www.visionsofrapturephoto.com/%5e&amp;*%25%25%23%23%25%25/Login.php/,opencv,exact,76,29,39,0,3,1,0,13,0.17105263157894737,10,0,0,0,1,7,2,0,1,0,0,0,0,4.495631093350495,1,1,0,0,0,0,0,1.0,0.6562801735073912,0.463711556547978,0.3406791687011719,1.0,4231.074722290039,0.060901641845703125,0.457763671875,0.08984375,37.0,450.0,450.0
Q01501__clean,Q01501,0,,computerhope.com,data/qr_images/Q01501.png,none,none,3,1,https://www.computerhope.com/pinghlp.htm,opencv,exact,40,20,12,0,3,1,0,0,0.0,0,0,0,0,0,0,1,0,1,0,0,0,0,3.9373261452560073,0,0,0,0,0,0,0,1.0,0.6793264202043122,0.4586339105377348,0.32277679443359375,1.0,2998.4946517944336,0.04390716552734375,0.64849853515625,0.107421875,29.0,370.0,370.0
Q01502__clean,Q01502,1,,courgeon-immobilier.fr,data/qr_images/Q01502.png,none,none,4,1,http://courgeon-immobilier.fr/wp-content/uploads/2019/0/tpg/,opencv,exact,60,22,31,0,1,0,2,5,0.08333333333333333,2,0,0,0,0,0,5,0,0,0,0,0,0,4.43624341298306,0,0,0,0,0,0,0,1.0,0.6686450584262025,0.461098471781292,0.32805633544921875,1.0,3668.013931274414,0.052509307861328125,0.64849853515625,0.09765625,33.0,410.0,410.0
Q01503__clean,Q01503,1,,openatelier.nl,data/qr_images/Q01503.png,none,none,4,1,http://mail.openatelier.nl/~u43730p39181/pki-validation,opencv,exact,55,19,29,0,2,1,1,10,0.18181818181818182,2,0,0,0,0,0,2,0,0,0,0,0,0,4.474554204780527,0,0,0,0,0,0,0,1.0,0.6710271947524127,0.46001545893059237,0.32660675048828125,1.0,3529.5508575439453,0.051998138427734375,0.5340576171875,0.09765625,33.0,410.0,410.0
Q01504__clean,Q01504,0,,diffen.com,data/qr_images/Q01504.png,none,none,4,1,http://www.diffen.com/difference/Mouse_vs_Rat,opencv,exact,45,14,24,0,2,1,0,0,0.0,2,0,0,0,0,0,2,0,0,0,0,0,0,4.311421641246035,0,0,0,0,0,0,0,1.0,0.6615075204886642,0.46309152926752684,0.3356742858886719,1.0,3730.9708099365234,0.0542449951171875,0.57220458984375,0.09765625,33.0,410.0,410.0
Q01505__clean,Q01505,1,,wikaba.com,data/qr_images/Q01505.png,none,none,4,1,http://jomchatjoinwhasaapsvideo.wikaba.com/login.php,opencv,exact,52,35,10,0,3,1,0,0,0.0,0,0,0,0,0,0,1,0,0,0,0,0,0,4.212284372270819,1,1,0,0,0,0,0,1.0,0.6615081787109375,0.46335792241153617,0.3348731994628906,1.0,3644.449188232422,0.053195953369140625,0.57220458984375,0.09765625,33.0,410.0,410.0
Q01506__clean,Q01506,1,,net2care.com,data/qr_images/Q01506.png,none,none,4,1,http://hostpoint.ch.0f79025d.net2care.com/ar2,opencv,exact,45,34,4,0,4,3,0,8,0.17777777777777778,0,0,0,0,0,0,1,0,0,0,0,0,0,4.261095807768472,0,0,0,0,0,0,0,1.0,0.6674561294854856,0.46120025723959657,0.32940673828125,1.0,3685.971420288086,0.053409576416015625,0.49591064453125,0.09765625,33.0,410.0,410.0
Q01507__clean,Q01507,0,,churchandchapel.com,data/qr_images/Q01507.png,none,none,3,1,https://www.churchandchapel.com/,opencv,exact,32,23,1,0,2,1,0,0,0.0,0,0,0,0,0,0,0,0,1,0,0,0,0,3.952819531114783,0,0,0,0,0,0,0,1.0,0.6793280508003983,0.45819045388892954,0.3224334716796875,1.0,3075.96150970459,0.045604705810546875,0.49591064453125,0.107421875,29.0,370.0,370.0
Q01508__clean,Q01508,1,,grabyourcode.com,data/qr_images/Q01508.png,none,none,4,1,https://grabyourcode.com/paypal/adder/index.html,opencv,exact,48,16,24,0,2,0,0,0,0.0,0,0,0,0,0,0,3,0,1,0,0,0,0,4.264460876028362,0,0,0,0,0,0,0,1.0,0.6508015950520833,0.4670951232222144,0.3462944030761719,1.0,3559.2540740966797,0.052173614501953125,0.457763671875,0.09765625,33.0,410.0,410.0
Q01509__clean,Q01509,0,,geomalgorithms.com,data/qr_images/Q01509.png,none,none,4,1,http://geomalgorithms.com/a05-_intersect-1.html,opencv,exact,47,18,22,0,2,0,2,3,0.06382978723404255,3,0,0,0,0,0,1,0,0,0,0,0,0,4.266730872678046,0,0,0,0,0,0,0,1.0,0.6638876671884574,0.4627233934474635,0.33321380615234375,1.0,3648.4289932250977,0.052547454833984375,0.5340576171875,0.09765625,33.0,410.0,410.0
Q01510__clean,Q01510,1,,peoplemakingplaces.com,data/qr_images/Q01510.png,none,none,7,1,http://www.peoplemakingplaces.com/includes/Support/En/log/signin/customer_center/customer-IDPP00C644/myaccount/signin/,opencv,exact,118,26,85,0,2,1,1,5,0.0423728813559322,2,0,0,0,0,0,9,0,0,0,0,0,0,4.59357334684809,2,0,0,1,0,0,0,1.0,0.637602892108992,0.4668008240189149,0.360076904296875,1.0,5120.409072875977,0.07427215576171875,0.87738037109375,0.076171875,45.0,530.0,530.0
Q01511__clean,Q01511,1,,live.com,data/qr_images/Q01511.png,none,none,8,1,https://onedrive.live.com/?authkey=%21AG7v3K%5Fv%5Fvmx0wU&amp;cid=2022B4D58B052264&amp;id=2022B4D58B052264%21709&amp;parId=root&amp;o=OneUp,opencv,exact,139,17,1,112,2,1,0,38,0.2733812949640288,18,0,1,5,4,4,0,5,1,0,0,0,0,5.200534803785101,0,0,0,0,0,0,0,1.0,0.6244923909505208,0.4680264376840073,0.3749237060546875,1.0,5126.120750427246,0.08128738403320312,1.02996826171875,0.0703125,49.0,570.0,570.0
Q01512__clean,Q01512,0,,jelqgym.com,data/qr_images/Q01512.png,none,none,2,1,https://www.jelqgym.com/,opencv,exact,24,15,1,0,2,1,0,0,0.0,0,0,0,0,0,0,0,0,1,0,0,0,0,3.9387218755408675,0,0,0,0,0,0,0,1.0,0.7098116706399357,0.44632289461679925,0.2942657470703125,1.0,2583.1406021118164,0.0389862060546875,0.64849853515625,0.12109375,25.0,330.0,330.0
Q01513__clean,Q01513,0,,calculate.co.il,data/qr_images/Q01513.png,none,none,3,1,http://www.calculate.co.il/,opencv,exact,27,19,1,0,3,1,0,0,0.0,0,0,0,0,0,0,0,0,0,0,0,0,0,3.6241717609419575,0,0,0,0,0,0,0,1.0,0.6975865831562117,0.45068566962606904,0.3042335510253906,1.0,3220.9752655029297,0.04610443115234375,0.57220458984375,0.107421875,29.0,370.0,370.0
Q01514__clean,Q01514,1,,theironinnparlour.co.uk,data/qr_images/Q01514.png,none,none,4,1,http://www.theironinnparlour.co.uk/includes/PayPal/app/index,opencv,exact,60,27,26,0,3,1,0,0,0.0,0,0,0,0,0,0,4,0,0,0,0,0,0,4.2875820040073265,0,0,0,0,0,0,0,1.0,0.6674582088694853,0.46156072194855163,0.3297157287597656,1.0,3548.410110473633,0.0516510009765625,0.57220458984375,0.09765625,33.0,410.0,410.0
Q01515__clean,Q01515,1,,firebaseapp.com,data/qr_images/Q01515.png,none,none,3,1,https://lommsrecu3.firebaseapp.com/,opencv,exact,35,26,1,0,2,1,0,1,0.02857142857142857,0,0,0,0,0,0,0,0,1,0,0,0,0,4.107156230921613,0,0,0,0,0,0,0,1.0,0.7034313575894224,0.4480574616859334,0.2980308532714844,1.0,3158.9534912109375,0.045940399169921875,0.72479248046875,0.107421875,29.0,370.0,370.0
Q01516__clean,Q01516,0,,theportalwiki.com,data/qr_images/Q01516.png,none,none,3,1,https://theportalwiki.com/wiki/Portal,opencv,exact,37,17,12,0,1,0,0,0,0.0,0,0,0,0,0,0,2,0,1,0,0,0,0,3.9563580149100237,0,0,0,0,0,0,0,1.0,0.6829797632553998,0.4571490870634184,0.3184814453125,1.0,3004.2920303344727,0.043949127197265625,0.49591064453125,0.107421875,29.0,370.0,370.0
Q01517__clean,Q01517,0,,shopomatic.ru,data/qr_images/Q01517.png,none,none,3,1,https://shopomatic.ru/item/171797344020,opencv,exact,39,13,18,0,1,0,0,12,0.3076923076923077,0,0,0,0,0,0,2,0,1,0,0,0,0,4.291687154704211,0,0,0,0,0,0,0,1.0,0.6851708206475949,0.4560870497494773,0.3171806335449219,1.0,3206.6007537841797,0.0458984375,0.57220458984375,0.107421875,29.0,370.0,370.0
Q01518__clean,Q01518,1,,codesandbox.io,data/qr_images/Q01518.png,none,none,3,1,http://623112j4j3.codesandbox.io/bigshuju,opencv,exact,41,25,9,0,2,1,0,8,0.1951219512195122,0,0,0,0,0,0,1,0,0,0,0,0,0,4.473048041045147,0,0,0,0,0,0,0,1.0,0.6917441424201517,0.4535474280259188,0.3099555969238281,1.0,2982.823043823242,0.0437774658203125,0.6866455078125,0.107421875,29.0,370.0,370.0
Q01519__clean,Q01519,0,,testmy.net,data/qr_images/Q01519.png,none,none,2,1,http://testmy.net/,opencv,exact,18,10,1,0,1,0,0,0,0.0,0,0,0,0,0,0,0,0,0,0,0,0,0,3.149673447186741,0,0,0,0,0,0,0,1.0,0.697874974269493,0.4521290031871556,0.30568695068359375,1.0,2533.488296508789,0.037601470947265625,0.3814697265625,0.12109375,25.0,330.0,330.0
Q01520__clean,Q01520,0,,ramalin.com,data/qr_images/Q01520.png,none,none,2,1,http://www.ramalin.com/,opencv,exact,23,15,1,0,2,1,0,0,0.0,0,0,0,0,0,0,0,0,0,0,0,0,0,3.7622673906514947,0,0,0,0,0,0,0,1.0,0.6914453543868719,0.4548057276786437,0.3126640319824219,1.0,2533.1963500976562,0.037841796875,0.49591064453125,0.12109375,25.0,330.0,330.0
Q01521__clean,Q01521,1,,1drv.ms,data/qr_images/Q01521.png,none,none,4,1,https://1drv.ms/b/s!Ajv7gwkdOvZdaTlPYfNUHg_IdPM,opencv,exact,47,7,32,0,1,0,0,2,0.0425531914893617,2,0,0,0,0,0,2,0,1,0,0,0,0,4.884168106904725,0,0,0,0,0,0,0,1.0,0.6656690859327129,0.46225423171094243,0.3310127258300781,1.0,3502.7792358398438,0.051189422607421875,0.64849853515625,0.09765625,33.0,410.0,410.0
Q01522__clean,Q01522,1,,ruasepicas.pt,data/qr_images/Q01522.png,none,none,5,1,http://ruasepicas.pt/paypal.com.update.account.confirmation.billing.information,opencv,exact,79,13,59,0,7,0,0,0,0.0,0,0,0,0,0,0,1,0,0,0,0,0,0,4.140896490437298,3,0,0,1,0,1,0,1.0,0.6365238264495251,0.46972533575907227,0.3598289489746094,1.0,4069.512062072754,0.060352325439453125,0.41961669921875,0.08984375,37.0,450.0,450.0
Q01523__clean,Q01523,1,,impotspublicservice.com,data/qr_images/Q01523.png,none,none,5,1,https://www.impotspublicservice.com/8f6c2005856507a5981b73c5594988a6/,opencv,exact,69,27,34,0,2,1,0,26,0.37681159420289856,0,0,0,0,0,0,1,0,1,0,0,0,0,4.677101906480947,0,0,0,0,0,0,0,1.0,0.641459939994064,0.4678012270455355,0.3555107116699219,1.0,4355.840682983398,0.06334686279296875,0.49591064453125,0.08984375,37.0,450.0,450.0
Q01524__clean,Q01524,0,,okhca.org,data/qr_images/Q01524.png,none,none,3,1,http://www.okhca.org/pdf/impact.pdf,opencv,exact,35,13,15,0,3,1,0,0,0.0,0,0,0,0,0,0,2,0,0,0,0,0,0,3.921721231045239,0,0,0,0,0,0,0,1.0,0.6844378153483073,0.45662547766366507,0.3177375793457031,1.0,3076.0452041625977,0.044223785400390625,0.57220458984375,0.107421875,29.0,370.0,370.0
Q01525__clean,Q01525,0,,oboicity.ru,data/qr_images/Q01525.png,none,none,2,1,https://www.oboicity.ru/,opencv,exact,24,15,1,0,2,1,0,0,0.0,0,0,0,0,0,0,0,0,1,0,0,0,0,3.7406015629507228,0,0,0,0,0,0,0,1.0,0.693285010842716,0.4544139755163751,0.3102607727050781,1.0,2389.5041122436523,0.035831451416015625,0.3814697265625,0.12109375,25.0,330.0,330.0
Q01526__clean,Q01526,0,,sevenforums.com,data/qr_images/Q01526.png,none,none,7,1,https://www.sevenforums.com/drivers/210625-bluetooth-peripheral-device-driver-device-unplugged-not-found.html,opencv,exact,109,19,82,0,3,1,8,6,0.05504587155963303,8,0,0,0,0,0,2,0,1,0,0,0,0,4.5567271604833275,0,0,0,0,0,0,0,1.0,0.6254959704829197,0.4702145265335738,0.3725128173828125,1.0,5176.659225463867,0.0744171142578125,0.91552734375,0.076171875,45.0,530.0,530.0
Q01527__clean,Q01527,0,,forbes.com,data/qr_images/Q01527.png,none,none,7,1,https://www.forbes.com/sites/michellegreenwald/2016/05/23/rga-moves-into-to-the-worlds-most-connected-office/,opencv,exact,109,14,87,0,2,1,8,8,0.07339449541284404,8,0,0,0,0,0,6,0,1,0,0,0,0,4.472332712476568,0,0,0,0,0,0,0,1.0,0.6205128239650353,0.47124980079399625,0.3768806457519531,1.0,5263.3865966796875,0.07570266723632812,0.72479248046875,0.076171875,45.0,530.0,530.0
Q01528__clean,Q01528,0,,barclaycard.co.uk,data/qr_images/Q01528.png,none,none,7,1,https://www.barclaycard.co.uk/business/accepting-payments/corporate-payment-solutions/payment-gateway-solutions/online,opencv,exact,118,21,89,0,3,1,5,0,0.0,5,0,0,0,0,0,5,0,1,0,0,0,0,4.319024889917744,1,0,0,0,0,0,0,1.0,0.6169541751637179,0.4724681233774577,0.3811683654785156,1.0,5057.99129486084,0.07349395751953125,0.87738037109375,0.076171875,45.0,530.0,530.0
Q01529__clean,Q01529,0,,hammernutrition.com,data/qr_images/Q01529.png,none,none,3,1,https://www.hammernutrition.com/,opencv,exact,32,23,1,0,2,1,0,0,0.0,0,0,0,0,0,0,0,0,1,0,0,0,0,3.9292292966721747,0,0,0,0,0,0,0,1.0,0.6720229354559206,0.4611558134696619,0.3293418884277344,1.0,3145.340492248535,0.04563140869140625,0.6103515625,0.107421875,29.0,370.0,370.0
Q01530__clean,Q01530,0,,oopsmovs.com,data/qr_images/Q01530.png,none,none,4,1,http://www.oopsmovs.com/categories/close%20up,opencv,exact,45,16,22,0,2,1,0,2,0.044444444444444446,1,0,0,0,0,1,2,0,0,0,0,0,0,4.174426151548691,0,0,0,0,0,0,0,1.0,0.6769755045572917,0.4576255103527033,0.3200950622558594,1.0,3643.531997680664,0.05323028564453125,0.72479248046875,0.09765625,33.0,410.0,410.0
Q01531__clean,Q01531,0,,cliffsnotes.com,data/qr_images/Q01531.png,none,none,4,1,https://www.cliffsnotes.com/literature/h/the-help/book-summary,opencv,exact,62,19,35,0,2,1,2,0,0.0,2,0,0,0,0,0,4,0,1,0,0,0,0,4.314700496003897,0,0,0,0,0,0,0,1.0,0.6626958510454963,0.46287097864672755,0.33371734619140625,1.0,3710.9614028930664,0.053668975830078125,0.5340576171875,0.09765625,33.0,410.0,410.0
Q01532__clean,Q01532,0,,mature-amateur-sex.com,data/qr_images/Q01532.png,none,none,3,1,http://www.mature-amateur-sex.com/,opencv,exact,34,26,1,0,2,1,2,0,0.0,2,0,0,0,0,0,0,0,0,0,0,0,0,3.9176264438733592,0,0,0,0,0,0,0,1.0,0.6800574358771829,0.45794801272598007,0.3218193054199219,1.0,3115.471160888672,0.045680999755859375,0.41961669921875,0.107421875,29.0,370.0,370.0
Q01533__clean,Q01533,0,,smpalma.it,data/qr_images/Q01533.png,none,none,2,1,http://www.smpalma.it/,opencv,exact,22,14,1,0,2,1,0,0,0.0,0,0,0,0,0,0,0,0,0,0,0,0,0,3.447401504705915,0,0,0,0,0,0,0,1.0,0.6785897498037301,0.45997886654387526,0.3250579833984375,1.0,2555.8806915283203,0.0380096435546875,0.30517578125,0.12109375,25.0,330.0,330.0
Q01534__clean,Q01534,1,,yvddgk.gq,data/qr_images/Q01534.png,none,none,4,1,http://yvddgk.gq/b/ver.php?e=adevins@prepaidlegal.com,opencv,exact,53,9,10,26,3,0,0,0,0.0,3,1,1,1,0,0,2,1,0,0,0,0,0,4.440395342157019,0,0,0,0,0,0,0,1.0,0.6769755643956802,0.45759365886291253,0.32056427001953125,1.0,3611.685691833496,0.052989959716796875,0.49591064453125,0.09765625,33.0,410.0,410.0
Q01535__clean,Q01535,0,,balbooa.com,data/qr_images/Q01535.png,none,none,2,1,https://www.balbooa.com/,opencv,exact,24,15,1,0,2,1,0,0,0.0,0,0,0,0,0,0,0,0,1,0,0,0,0,3.6572682296173893,0,0,0,0,0,0,0,1.0,0.6932837392769607,0.45416484007337843,0.3109703063964844,1.0,2473.665267944336,0.03701019287109375,0.3814697265625,0.12109375,25.0,330.0,330.0
Q01536__clean,Q01536,1,,meritroyalbetgiris21.com,data/qr_images/Q01536.png,none,none,3,1,https://www.meritroyalbetgiris21.com/,opencv,exact,37,28,1,0,2,1,0,2,0.05405405405405406,0,0,0,0,0,0,0,0,1,0,0,0,0,4.208924987016684,0,0,0,0,0,0,0,1.0,0.7034301907408471,0.44807749832606836,0.2984580993652344,1.0,3126.0321655273438,0.045574188232421875,0.6103515625,0.107421875,29.0,370.0,370.0
Q01537__clean,Q01537,0,,hp.com,data/qr_images/Q01537.png,none,none,4,1,http://www8.hp.com/us/en/thin-clients/mt245.html,opencv,exact,48,11,30,0,3,1,1,4,0.08333333333333333,1,0,0,0,0,0,4,0,0,0,0,0,0,4.125814583693912,0,0,0,0,0,0,0,1.0,0.6567468082203585,0.4648148299144595,0.3407707214355469,1.0,3672.2036361694336,0.053745269775390625,0.49591064453125,0.09765625,33.0,410.0,410.0
Q01538__clean,Q01538,0,,fastcabinetdoors.com,data/qr_images/Q01538.png,none,none,3,1,https://www.fastcabinetdoors.com/,opencv,exact,33,24,1,0,2,1,0,0,0.0,0,0,0,0,0,0,0,0,1,0,0,0,0,4.043801694853791,0,0,0,0,0,0,0,1.0,0.6837090136958104,0.456793793276134,0.3180427551269531,1.0,3068.7935791015625,0.044483184814453125,0.5340576171875,0.107421875,29.0,370.0,370.0
Q01539__clean,Q01539,0,,mybjj.com.au,data/qr_images/Q01539.png,none,none,2,1,http://www.mybjj.com.au/,opencv,exact,24,16,1,0,3,1,0,0,0.0,0,0,0,0,0,0,0,0,0,0,0,0,0,3.7406015629507228,0,0,0,0,0,0,0,1.0,0.6914455039828431,0.45450501086166734,0.31244659423828125,1.0,2613.6864318847656,0.039165496826171875,0.3814697265625,0.12109375,25.0,330.0,330.0
Q01540__clean,Q01540,0,,proluft.hr,data/qr_images/Q01540.png,none,none,2,1,https://proluft.hr/,opencv,exact,19,10,1,0,1,0,0,0,0.0,0,0,0,0,0,0,0,0,1,0,0,0,0,3.43162356584743,0,0,0,0,0,0,0,1.0,0.695119925106273,0.45342915207587403,0.3083076477050781,1.0,2542.025588989258,0.037319183349609375,0.457763671875,0.12109375,25.0,330.0,330.0
Q01541__clean,Q01541,1,,1drv.ms,data/qr_images/Q01541.png,none,none,4,1,https://1drv.ms/w/s!ApD3vYavbH21aR0iAmsLDDeaaWA,opencv,exact,47,7,32,0,1,0,0,5,0.10638297872340426,1,0,0,0,0,0,2,0,1,0,0,0,0,4.570234330262949,0,0,0,0,0,0,0,1.0,0.6591268502029718,0.4640900157072405,0.3374137878417969,1.0,3678.790641784668,0.05362701416015625,0.457763671875,0.09765625,33.0,410.0,410.0
Q01542__clean,Q01542,1,,solidtrans.pl,data/qr_images/Q01542.png,none,none,5,1,http://solidtrans.pl/ecexbo/index.php?email=test.example@outlook.com,opencv,exact,68,13,17,30,4,0,0,0,0.0,3,1,1,1,0,0,2,1,0,0,0,0,0,4.29827529826875,0,0,0,0,0,0,0,1.0,0.6602298362582337,0.462807477973528,0.33655548095703125,1.0,4039.415969848633,0.058429718017578125,0.762939453125,0.08984375,37.0,450.0,450.0
Q01543__clean,Q01543,1,,imagelinetech.com,data/qr_images/Q01543.png,none,none,3,1,http://imagelinetech.com/ikkk,opencv,exact,29,17,5,0,1,0,0,0,0.0,0,0,0,0,0,0,1,0,0,0,0,0,0,3.83127625337525,0,0,0,0,0,0,0,1.0,0.706352398442287,0.446677030604474,0.2955513000488281,1.0,3143.544776916504,0.045963287353515625,0.762939453125,0.107421875,29.0,370.0,370.0
Q01544__clean,Q01544,0,,developershome.com,data/qr_images/Q01544.png,none,none,4,1,http://www.developershome.com/sms/smsWindows.asp,opencv,exact,48,22,19,0,3,1,0,0,0.0,0,0,0,0,0,0,2,0,0,0,0,0,0,4.019102928664277,0,0,0,0,0,0,0,1.0,0.6567492017558977,0.4649376357190797,0.3404350280761719,1.0,3707.8699111938477,0.053615570068359375,0.57220458984375,0.09765625,33.0,410.0,410.0
Q01545__clean,Q01545,1,,fbhackpass.com,data/qr_images/Q01545.png,none,none,3,1,http://blog.fbhackpass.com/search/top,opencv,exact,37,19,11,0,2,1,0,0,0.0,0,0,0,0,0,0,2,0,0,0,0,0,0,3.98555573008451,0,0,0,0,0,0,0,1.0,0.6734826630237056,0.46057721014205494,0.3286285400390625,1.0,3107.8537673950195,0.045352935791015625,0.41961669921875,0.107421875,29.0,370.0,370.0
Q01546__clean,Q01546,1,,assicuriamoci.net,data/qr_images/Q01546.png,none,none,4,1,http://www.assicuriamoci.net/images/am/sp/paymentbill.php,opencv,exact,57,21,29,0,3,1,0,0,0.0,0,0,0,0,0,0,4,0,0,0,0,0,0,4.138094243390569,1,0,0,0,0,0,0,1.0,0.6519913766898361,0.4667310566617433,0.345245361328125,1.0,3592.0095977783203,0.05230712890625,0.5340576171875,0.09765625,33.0,410.0,410.0
Q01547__clean,Q01547,0,,couponchief.com,data/qr_images/Q01547.png,none,none,3,1,https://www.couponchief.com/optionsxpress,opencv,exact,41,19,14,0,2,1,0,0,0.0,0,0,0,0,0,0,1,0,1,0,0,0,0,3.9763522367378235,0,0,0,0,0,0,0,1.0,0.6866344077914369,0.4552417260115288,0.3147087097167969,1.0,3232.02889251709,0.046642303466796875,0.457763671875,0.107421875,29.0,370.0,370.0
Q01548__clean,Q01548,1,,meritroyalbetgiris21.com,data/qr_images/Q01548.png,none,none,3,1,http://www.meritroyalbetgiris21.com/,opencv,exact,36,28,1,0,2,1,0,2,0.05555555555555555,0,0,0,0,0,0,0,0,0,0,0,0,0,4.197159723424148,0,0,0,0,0,0,0,1.0,0.663256716260723,0.46439344050960685,0.3387794494628906,1.0,3098.1136322021484,0.04505157470703125,0.457763671875,0.107421875,29.0,370.0,370.0
Q01549__clean,Q01549,0,,flaticon.com,data/qr_images/Q01549.png,none,none,4,1,http://www.flaticon.com/free-icons/parking_403,opencv,exact,46,16,23,0,2,1,1,3,0.06521739130434782,2,0,0,0,0,0,2,0,0,0,0,0,0,4.468576629687865,0,0,0,0,0,0,0,1.0,0.6412835364248238,0.469905771951171,0.3559455871582031,1.0,3668.925018310547,0.053272247314453125,0.41961669921875,0.09765625,33.0,410.0,410.0
Q01550__clean,Q01550,0,,mdcp.com,data/qr_images/Q01550.png,none,none,5,1,http://www.mdcp.com/industry-focus/financial-services/index.html,opencv,exact,64,12,45,0,3,1,2,0,0.0,2,0,0,0,0,0,3,0,0,0,0,0,0,4.428072516654254,0,0,0,0,0,0,0,1.0,0.6562766280828738,0.4642025360598258,0.3398895263671875,1.0,4086.2941513061523,0.058559417724609375,0.64849853515625,0.08984375,37.0,450.0,450.0
Q01551__clean,Q01551,0,,naturesbasket.co.in,data/qr_images/Q01551.png,none,none,3,1,http://www.naturesbasket.co.in/,opencv,exact,31,23,1,0,3,1,0,0,0.0,0,0,0,0,0,0,0,0,0,0,0,0,0,3.9779168746936353,0,0,0,0,0,0,0,1.0,0.6793268540326287,0.45842363324438273,0.32274627685546875,1.0,3094.0912475585938,0.04508209228515625,0.34332275390625,0.107421875,29.0,370.0,370.0
Q01552__clean,Q01552,0,,springer.com,data/qr_images/Q01552.png,none,none,4,1,http://link.springer.com/chapter/10.1007%2F978-1-4471-6374-9_5,opencv,exact,62,17,38,0,3,1,4,21,0.3387096774193548,6,0,0,0,0,1,2,0,0,0,0,0,0,4.784368487596861,0,0,0,0,0,0,0,1.0,0.6537768494849111,0.46630653115990117,0.34374237060546875,1.0,3489.863296508789,0.051177978515625,0.6103515625,0.09765625,33.0,410.0,410.0
Q01553__clean,Q01553,1,,000webhostapp.com,data/qr_images/Q01553.png,none,none,4,1,http://grup-bokepwa-terbaru90.000webhostapp.com/login.php,opencv,exact,57,40,10,0,3,1,2,5,0.08771929824561403,2,0,0,0,0,0,1,0,0,0,0,0,0,4.342790067330572,1,1,0,0,0,0,0,1.0,0.6531778821758195,0.46640045767717137,0.3442344665527344,1.0,3568.7852935791016,0.051937103271484375,0.57220458984375,0.09765625,33.0,410.0,410.0
Q01554__clean,Q01554,0,,fontspace.com,data/qr_images/Q01554.png,none,none,4,1,http://www.fontspace.com/category/blackletter,opencv,exact,45,17,21,0,2,1,0,0,0.0,0,0,0,0,0,0,2,0,0,0,0,0,0,4.119087818311512,0,0,0,0,0,0,0,1.0,0.6686461355171952,0.46098293997022527,0.32775115966796875,1.0,3572.5807189941406,0.052211761474609375,0.57220458984375,0.09765625,33.0,410.0,410.0
Q01555__clean,Q01555,0,,applytojob.com,data/qr_images/Q01555.png,none,none,5,1,http://rga.applytojob.com/apply/YX9EDo/Executive-Director-Business-Development,opencv,exact,78,18,53,0,2,1,3,1,0.01282051282051282,3,0,0,0,0,0,3,0,0,0,0,0,0,4.62092080912983,0,0,0,0,0,0,0,1.0,0.6493645013547411,0.46619937474887535,0.3479728698730469,1.0,4025.555595397949,0.0588836669921875,0.49591064453125,0.08984375,37.0,450.0,450.0
Q01556__clean,Q01556,1,,144.172.64.57,data/qr_images/Q01556.png,none,none,3,1,http://144.172.64.57/ap/signin?key=a@b.c,opencv,exact,40,13,10,9,4,0,0,10,0.25,3,1,1,1,0,0,2,1,0,1,0,0,0,4.453055907333276,1,0,0,0,0,0,0,1.0,0.692472629921109,0.45318027395612814,0.309814453125,1.0,2970.3912200927734,0.04389190673828125,0.64849853515625,0.107421875,29.0,370.0,370.0
Q01557__clean,Q01557,0,,gameranx.com,data/qr_images/Q01557.png,none,none,5,1,http://gameranx.com/features/id/808/article/top-10-action-adventure-xbox-360-games/,opencv,exact,83,12,64,0,1,0,6,8,0.0963855421686747,6,0,0,0,0,0,5,0,0,0,0,0,0,4.5076472219431,0,0,0,0,0,0,0,1.0,0.6572665195839078,0.463491798899279,0.3392486572265625,1.0,4124.784118652344,0.059574127197265625,0.72479248046875,0.08984375,37.0,450.0,450.0
Q01558__clean,Q01558,1,,to-stromatadiko.gr,data/qr_images/Q01558.png,none,none,3,1,http://to-stromatadiko.gr/cache/,opencv,exact,32,18,7,0,1,0,1,0,0.0,1,0,0,0,0,0,1,0,0,0,0,0,0,3.902518266288633,0,0,0,0,0,0,0,1.0,0.6712878806918275,0.46136249404682633,0.330963134765625,1.0,3158.600860595703,0.045696258544921875,0.41961669921875,0.107421875,29.0,370.0,370.0
Q01559__clean,Q01559,0,,quackit.com,data/qr_images/Q01559.png,none,none,5,1,https://www.quackit.com/domain-names/domain_name_extension_definitions.cfm,opencv,exact,74,15,51,0,3,1,1,0,0.0,4,0,0,0,0,0,2,0,1,0,0,0,0,4.217909326881724,0,0,0,0,0,0,0,1.0,0.65430160223269,0.4647561804957041,0.3433570861816406,1.0,4051.797378540039,0.05869293212890625,0.72479248046875,0.08984375,37.0,450.0,450.0
Q01560__clean,Q01560,0,,xpdrivers.com,data/qr_images/Q01560.png,none,none,3,1,http://xpdrivers.com/video-card/_1_25.cfm,opencv,exact,41,13,21,0,2,0,1,3,0.07317073170731707,3,0,0,0,0,0,2,0,0,0,0,0,0,4.37548706543539,0,0,0,0,0,0,0,1.0,0.6961257784974342,0.45146153219803176,0.3057441711425781,1.0,3087.0966873168945,0.044952392578125,0.64849853515625,0.107421875,29.0,370.0,370.0
Q01561__clean,Q01561,1,,www1.biz,data/qr_images/Q01561.png,none,none,4,1,http://cartetitolare-it.www1.biz/portaleTitolares15/,opencv,exact,52,25,20,0,2,1,1,3,0.057692307692307696,1,0,0,0,0,0,1,0,0,0,0,0,0,4.079965439170122,0,0,0,0,0,0,0,1.0,0.6662657644234452,0.46167931478965135,0.3308219909667969,1.0,3573.7882919311523,0.052585601806640625,0.5340576171875,0.09765625,33.0,410.0,410.0
Q01562__clean,Q01562,1,,mixh.jp,data/qr_images/Q01562.png,none,none,2,1,https://usid-4548.mixh.jp/,opencv,exact,26,17,1,0,2,1,1,4,0.15384615384615385,1,0,0,0,0,0,0,0,1,0,0,0,0,3.979097891134804,0,0,0,0,0,0,0,1.0,0.6877725040211397,0.4563150968994704,0.31630706787109375,1.0,2510.287422180176,0.03769683837890625,0.41961669921875,0.12109375,25.0,330.0,330.0
Q01563__clean,Q01563,1,,henrikssonbygg.se,data/qr_images/Q01563.png,none,none,4,1,http://www.henrikssonbygg.se/libraries/legacy/log/Update/,opencv,exact,57,21,29,0,2,1,0,0,0.0,0,0,0,0,0,0,4,0,0,0,0,0,0,4.257618962553848,1,0,0,0,0,1,0,1.0,0.6704294541302849,0.46036500992431223,0.3266105651855469,1.0,3575.350784301758,0.05194854736328125,0.457763671875,0.09765625,33.0,410.0,410.0
Q01564__clean,Q01564,0,,123helpme.com,data/qr_images/Q01564.png,none,none,3,1,http://www.123helpme.com/view.asp?id=77965,opencv,exact,42,17,9,8,3,1,0,8,0.19047619047619047,2,0,1,1,0,0,1,1,0,0,0,0,0,4.51089956542986,0,0,0,0,0,0,0,1.0,0.6705606946758196,0.46170816759893174,0.3314857482910156,1.0,3125.638542175293,0.045330047607421875,0.3814697265625,0.107421875,29.0,370.0,370.0
Q01565__clean,Q01565,0,,elegantthemes.com,data/qr_images/Q01565.png,none,none,5,1,https://www.elegantthemes.com/blog/tips-tricks/best-cdn-services-for-wordpress-users,opencv,exact,84,21,55,0,2,1,6,0,0.0,6,0,0,0,0,0,3,0,1,0,0,0,0,4.268823104209571,0,0,0,0,0,0,0,1.0,0.6493656981225108,0.4658220582684141,0.3468780517578125,1.0,4091.6623306274414,0.0604095458984375,0.49591064453125,0.08984375,37.0,450.0,450.0
Q01566__clean,Q01566,1,,savageconquest.com,data/qr_images/Q01566.png,none,none,4,1,http://savageconquest.com/mailbox_upgrade/index.php?email=,opencv,exact,58,18,26,6,2,0,0,0,0.0,3,0,1,1,0,0,2,1,0,0,0,0,0,4.509035633790891,0,0,0,0,0,0,0,1.0,0.6626968682981005,0.46292816959863053,0.3342399597167969,1.0,3590.4209747314453,0.052806854248046875,0.5340576171875,0.09765625,33.0,410.0,410.0
Q01567__clean,Q01567,0,,cosplayc.com,data/qr_images/Q01567.png,none,none,2,1,http://www.cosplayc.com/,opencv,exact,24,16,1,0,2,1,0,0,0.0,0,0,0,0,0,0,0,0,0,0,0,0,0,3.6572682296173893,0,0,0,0,0,0,0,1.0,0.6840994741402421,0.45756735898006395,0.31929779052734375,1.0,2565.387939453125,0.038745880126953125,0.41961669921875,0.12109375,25.0,330.0,330.0
Q01568__clean,Q01568,1,,inditioncra.com,data/qr_images/Q01568.png,none,none,3,1,https://neeted.inditioncra.com/12c4l42e,opencv,exact,39,22,9,0,2,1,0,5,0.1282051282051282,0,0,0,0,0,0,1,0,1,0,0,0,0,4.131054782742918,0,0,0,0,0,0,0,1.0,0.6961282917097503,0.45177825955858797,0.3056793212890625,1.0,3015.054718017578,0.04380035400390625,0.57220458984375,0.107421875,29.0,370.0,370.0
Q01569__clean,Q01569,0,,averagesalarysurvey.com,data/qr_images/Q01569.png,none,none,4,1,http://www.averagesalarysurvey.com/digital-media,opencv,exact,48,27,14,0,2,1,1,0,0.0,1,0,0,0,0,0,1,0,0,0,0,0,0,4.266541406655651,0,0,0,0,0,0,0,1.0,0.6615075653674556,0.4632439806327749,0.3355064392089844,1.0,3667.7470474243164,0.053501129150390625,0.5340576171875,0.09765625,33.0,410.0,410.0
Q01570__clean,Q01570,1,,union.gr,data/qr_images/Q01570.png,none,none,4,1,http://union.gr/components/PDF/MIEN/index.html,opencv,exact,46,8,31,0,2,0,0,0,0.0,0,0,0,0,0,0,4,0,0,0,0,0,0,4.395859717341203,0,0,0,0,0,0,0,1.0,0.677568951775046,0.4574314277698151,0.3187751770019531,1.0,3590.4658126831055,0.052829742431640625,0.6103515625,0.09765625,33.0,410.0,410.0
Q01571__clean,Q01571,1,,firebaseapp.com,data/qr_images/Q01571.png,none,none,3,1,https://hnhkzevk.firebaseapp.com/,opencv,exact,33,24,1,0,2,1,0,0,0.0,0,0,0,0,0,0,0,0,1,0,0,0,0,4.165013816065913,0,0,0,0,0,0,0,1.0,0.6873595144234451,0.45529763228282627,0.3145904541015625,1.0,3077.4261169433594,0.044605255126953125,0.41961669921875,0.107421875,29.0,370.0,370.0
Q01572__clean,Q01572,0,,mathsisfun.com,data/qr_images/Q01572.png,none,none,4,1,http://www.mathsisfun.com/geometry/circle-sector-segment.html,opencv,exact,61,18,36,0,3,1,2,0,0.0,2,0,0,0,0,0,2,0,0,0,0,0,0,4.216879346677897,0,0,0,0,0,0,0,1.0,0.6644822064568014,0.4629124586415796,0.3327140808105469,1.0,3436.3734130859375,0.050182342529296875,0.64849853515625,0.09765625,33.0,410.0,410.0
Q01573__clean,Q01573,0,,novadevelopment.com,data/qr_images/Q01573.png,none,none,5,1,http://www.novadevelopment.com/software/hgtv-ultimate-home-design-503971,opencv,exact,72,23,42,0,2,1,4,6,0.08333333333333333,4,0,0,0,0,0,2,0,0,0,0,0,0,4.559756120999298,0,0,0,0,0,0,0,1.0,0.6503537795122932,0.46580845137160304,0.34659576416015625,1.0,4128.196891784668,0.05980682373046875,0.6103515625,0.08984375,37.0,450.0,450.0
Q01574__clean,Q01574,0,,fontna.com,data/qr_images/Q01574.png,none,none,2,1,http://www.fontna.com/,opencv,exact,22,14,1,0,2,1,0,0,0.0,0,0,0,0,0,0,0,0,0,0,0,0,0,3.538310595615006,0,0,0,0,0,0,0,1.0,0.6896119809618183,0.45588186789275226,0.31406402587890625,1.0,2443.060501098633,0.036342620849609375,0.41961669921875,0.12109375,25.0,330.0,330.0
Q01575__clean,Q01575,0,,typepad.com,data/qr_images/Q01575.png,none,none,3,1,http://marymakesdinner.typepad.com,opencv,exact,34,27,0,0,2,1,0,0,0.0,0,0,0,0,0,0,0,0,0,0,0,0,0,4.035273502696889,0,0,0,0,0,0,0,1.0,0.6895557927150352,0.45419796980078925,0.31183624267578125,1.0,3134.931686401367,0.045513153076171875,0.64849853515625,0.107421875,29.0,370.0,370.0
Q01576__clean,Q01576,1,,chrischan.net,data/qr_images/Q01576.png,none,none,2,1,http://chrischan.net/ld/,opencv,exact,24,13,4,0,1,0,0,0,0.0,0,0,0,0,0,0,1,0,0,0,0,0,0,3.6887218755408675,0,0,0,0,0,0,0,1.0,0.7153251647949219,0.44418883313255986,0.2887077331542969,1.0,2463.229164123535,0.036773681640625,0.5340576171875,0.12109375,25.0,330.0,330.0
Q01577__clean,Q01577,1,,henrybakercollege.edu.in,data/qr_images/Q01577.png,none,none,5,1,http://chasebank.com77.henrybakercollege.edu.in/chase.com/update.php,opencv,exact,68,40,21,0,6,2,0,2,0.029411764705882353,0,0,0,0,0,0,2,0,0,0,0,0,0,4.284472268689637,2,0,0,0,0,1,1,1.0,0.6503516103707108,0.4652288546283329,0.34625244140625,1.0,4218.526718139648,0.061901092529296875,0.5340576171875,0.08984375,37.0,450.0,450.0
Q01578__clean,Q01578,1,,pnpboxes.com,data/qr_images/Q01578.png,none,none,5,1,https://pnpboxes.com/att=termination=request/cancel=verify=att/att-net/start/olam,opencv,exact,81,12,61,0,1,0,1,0,0.0,5,0,0,4,0,0,5,0,1,0,0,0,0,4.156064660228985,1,0,1,0,0,0,0,1.0,0.6572625702502681,0.4636748823142334,0.3394279479980469,1.0,4051.056594848633,0.05890655517578125,0.6866455078125,0.08984375,37.0,450.0,450.0
Q01579__clean,Q01579,1,,hi-riserofing.com,data/qr_images/Q01579.png,none,none,3,1,http://owavoice.hi-riserofing.com/,opencv,exact,34,26,1,0,2,1,1,0,0.0,1,0,0,0,0,0,0,0,0,0,0,0,0,4.124083797069061,0,0,0,0,0,0,0,1.0,0.6902809891046262,0.45409187751357916,0.3122673034667969,1.0,3116.214210510254,0.044795989990234375,0.41961669921875,0.107421875,29.0,370.0,370.0
Q01580__clean,Q01580,0,,clevelandclinicmeded.com,data/qr_images/Q01580.png,none,none,6,1,http://www.clevelandclinicmeded.com/medicalpubs/diseasemanagement/neurology/peripheral-neuropathy/,opencv,exact,98,28,63,0,2,1,1,0,0.0,1,0,0,0,0,0,4,0,0,0,0,0,0,4.313730378460796,0,0,0,0,0,0,0,1.0,0.6397155163334866,0.4682022471248598,0.3599967956542969,1.0,4824.752799987793,0.06676101684570312,0.72479248046875,0.08203125,41.0,490.0,490.0
Q01581__clean,Q01581,1,,informeapp.me,data/qr_images/Q01581.png,none,none,2,1,http://ww33.informeapp.me,opencv,exact,25,18,0,0,2,1,0,2,0.08,0,0,0,0,0,0,0,0,0,0,0,0,0,3.8936606896881845,0,0,0,0,0,0,0,1.0,0.6896107991536459,0.4554468236396021,0.3143272399902344,1.0,2534.2433319091797,0.03820037841796875,0.5340576171875,0.12109375,25.0,330.0,330.0
Q01582__clean,Q01582,1,,kawasakiadventure.cl,data/qr_images/Q01582.png,none,none,7,1,http://kawasakiadventure.cl/img/clases/sl/rakria/Process/pc/2d597e7dbfdec8a5394fc27a6cdc9a3d/signin334f.php,opencv,exact,107,20,80,0,2,0,0,18,0.16822429906542055,0,0,0,0,0,0,8,0,0,0,0,0,0,4.666668394341468,1,0,0,0,0,0,0,1.0,0.6148183934828815,0.47345833290223177,0.3836631774902344,1.0,4903.4174880981445,0.071624755859375,0.95367431640625,0.076171875,45.0,530.0,530.0
Q01583__clean,Q01583,0,,gamespot.com,data/qr_images/Q01583.png,none,none,4,1,https://www.gamespot.com/genre/adventure/pc/,opencv,exact,44,16,20,0,2,1,0,0,0.0,0,0,0,0,0,0,3,0,1,0,0,0,0,4.036040925839781,0,0,0,0,0,0,0,1.0,0.6460430519253599,0.4686445499989265,0.3515968322753906,1.0,3576.9209518432617,0.0521087646484375,0.3814697265625,0.09765625,33.0,410.0,410.0
Q01584__clean,Q01584,0,,ezvid.com,data/qr_images/Q01584.png,none,none,3,1,https://wiki.ezvid.com/best-hdmi-switches,opencv,exact,41,14,19,0,2,1,2,0,0.0,2,0,0,0,0,0,1,0,1,0,0,0,0,4.043544614839371,0,0,0,0,0,0,0,1.0,0.6822492861280254,0.45753956397366913,0.320068359375,1.0,3107.8268280029297,0.044452667236328125,0.457763671875,0.107421875,29.0,370.0,370.0
Q01585__clean,Q01585,1,,iqfilms.com,data/qr_images/Q01585.png,none,none,7,1,http://iqfilms.com/Auth/260850859231fabbecc8e2f8e7ef4374MmI4ZjAwYmE3Y2U0Zjk0ZjI5ZDI5NWUwMWY1NWVjYTY=/resolution/,opencv,exact,112,11,94,0,1,0,0,28,0.25,1,0,0,1,0,0,3,0,0,0,0,0,0,5.307236453590238,0,0,0,0,0,0,0,1.0,0.6340364942363664,0.4680264913988769,0.3634605407714844,1.0,5096.537818908691,0.07355880737304688,0.72479248046875,0.076171875,45.0,530.0,530.0
Q01586__clean,Q01586,1,,evernote.com,data/qr_images/Q01586.png,none,none,7,1,https://www.evernote.com/shard/s321/sh/9b9c2e56-0df3-1e03-5a66-617cf5ca0041/1153b91b874b7a19b82fe1a3955ecad2,opencv,exact,108,16,84,0,2,1,4,44,0.4074074074074074,4,0,0,0,0,0,5,0,1,0,0,0,0,4.682482586967457,0,0,0,0,0,0,0,1.0,0.6276344149720435,0.46914113903662663,0.3700294494628906,1.0,5360.564834594727,0.07678604125976562,1.02996826171875,0.076171875,45.0,530.0,530.0
Q01587__clean,Q01587,0,,themepunch.com,data/qr_images/Q01587.png,none,none,3,1,https://www.themepunch.com/,opencv,exact,27,18,1,0,2,1,0,0,0.0,0,0,0,0,0,0,0,0,1,0,0,0,0,3.680089353694807,0,0,0,0,0,0,0,1.0,0.6859004001991421,0.4558973513015785,0.3159446716308594,1.0,3107.5051879882812,0.044872283935546875,0.57220458984375,0.107421875,29.0,370.0,370.0
Q01588__clean,Q01588,1,,blogspot.com,data/qr_images/Q01588.png,none,none,3,1,https://luckylkhraylbwal.blogspot.com/,opencv,exact,38,29,1,0,2,1,0,0,0.0,0,0,0,0,0,0,0,0,1,0,0,0,0,4.093340592892869,0,0,0,0,0,0,0,1.0,0.6873603072820925,0.4552439844765068,0.3149604797363281,1.0,3186.89013671875,0.045497894287109375,0.457763671875,0.107421875,29.0,370.0,370.0
Q01589__clean,Q01589,1,,42vital.pl,data/qr_images/Q01589.png,none,none,5,1,http://42vital.pl/cache/cache/wells/wellsfargo/wellsfargo/WellsFargo.html,opencv,exact,73,10,56,0,2,0,0,2,0.0273972602739726,0,0,0,0,0,0,6,0,0,0,0,0,0,4.133758150355112,0,0,0,0,0,0,0,1.0,0.6543003456265318,0.46415167920096595,0.3419609069824219,1.0,4180.943328857422,0.061092376708984375,0.5340576171875,0.08984375,37.0,450.0,450.0
Q01590__clean,Q01590,1,,salesforce.com,data/qr_images/Q01590.png,none,none,12,1,https://ewi.my.salesforce.com/_ui/core/feeds/notification/ChatterEmailSettings?setupid=CollaborationEmailSettings&amp;fromEmail=1&amp;s1oid=00D300000001O56&amp;s1nid=000000000000000&amp;s1uid=00530000000jzA5&amp;s1ext=0&amp;emkind=chatterUnifiedUserDigest&amp;emtm=1544247073991,opencv,exact,278,21,49,199,3,2,0,59,0.21223021582733814,24,0,1,8,7,0,5,8,1,0,0,0,0,4.88392568427364,0,0,0,0,0,0,0,1.0,0.6055603924919577,0.4664992086247911,0.3945426940917969,1.0,7528.871925354004,0.11228561401367188,1.02996826171875,0.0546875,65.0,730.0,730.0
Q01591__clean,Q01591,0,,starasia.com.hk,data/qr_images/Q01591.png,none,none,2,1,http://starasia.com.hk,opencv,exact,22,15,0,0,2,0,0,0,0.0,0,0,0,0,0,0,0,0,0,0,0,0,0,3.6635327548042538,0,0,0,0,0,0,0,1.0,0.7088955897910922,0.44701861931250375,0.2949714660644531,1.0,2521.6423568725586,0.0377197265625,0.5340576171875,0.12109375,25.0,330.0,330.0
Q01592__clean,Q01592,1,,mainepta.org,data/qr_images/Q01592.png,none,none,4,1,http://mainepta.org/french/vege/cut/mail-box/,opencv,exact,45,12,26,0,1,0,1,0,0.0,1,0,0,0,0,0,4,0,0,0,0,0,0,4.193933719517082,0,0,0,0,0,0,0,1.0,0.6555588067746629,0.46543125948951697,0.3415336608886719,1.0,3583.0448989868164,0.052631378173828125,0.3814697265625,0.09765625,33.0,410.0,410.0
Q01593__clean,Q01593,0,,github.io,data/qr_images/Q01593.png,none,none,3,1,https://leonardosnt.github.io/,opencv,exact,30,21,1,0,2,1,0,0,0.0,0,0,0,0,0,0,0,0,1,0,0,0,0,3.9898980954642873,0,0,0,0,0,0,0,1.0,0.6822481043198529,0.457468352919572,0.31984710693359375,1.0,3113.255485534668,0.044647216796875,0.64849853515625,0.107421875,29.0,370.0,370.0
Q01594__clean,Q01594,1,,itunesgenerator.com,data/qr_images/Q01594.png,none,none,3,1,http://itunesgenerator.com/,opencv,exact,27,19,1,0,1,0,0,0,0.0,0,0,0,0,0,0,0,0,0,0,0,0,0,3.884155094595805,0,0,0,0,0,0,0,1.0,0.6800561343922334,0.4579481953462101,0.32159423828125,1.0,3174.7645263671875,0.04604339599609375,0.49591064453125,0.107421875,29.0,370.0,370.0
Q01595__clean,Q01595,1,,144.172.64.51,data/qr_images/Q01595.png,none,none,3,1,http://144.172.64.51/ap/signin?key=a@b.c,opencv,exact,40,13,10,9,4,0,0,10,0.25,3,1,1,1,0,0,2,1,0,1,0,0,0,4.434183719779189,1,0,0,0,0,0,0,1.0,0.6961253147499235,0.4514342270256536,0.3054924011230469,1.0,3111.71768951416,0.045131683349609375,0.57220458984375,0.107421875,29.0,370.0,370.0
Q01596__clean,Q01596,1,,aladasinsaat.com,data/qr_images/Q01596.png,none,none,3,1,http://www.aladasinsaat.com/modules/,opencv,exact,36,20,9,0,2,1,0,0,0.0,0,0,0,0,0,0,1,0,0,0,0,0,0,3.9511943630832227,0,0,0,0,0,0,0,1.0,0.6932030621696921,0.4527746354786055,0.3085823059082031,1.0,3155.855140686035,0.045322418212890625,0.57220458984375,0.107421875,29.0,370.0,370.0
Q01597__clean,Q01597,1,,gradshower.com,data/qr_images/Q01597.png,none,none,6,1,http://www.gradshower.com/wp-content/plugins/Update/bancor/81ea709c24a67716d8736c96e41a2c75/auth.php,opencv,exact,100,18,75,0,3,1,1,23,0.23,1,0,0,0,0,0,6,0,0,0,0,0,0,4.743563380781242,1,0,0,0,0,1,0,1.0,0.6522120606665518,0.4634841243500526,0.34795379638671875,1.0,4868.009338378906,0.06933975219726562,0.6103515625,0.08203125,41.0,490.0,490.0
Q01598__clean,Q01598,0,,hd-bits.com,data/qr_images/Q01598.png,none,none,2,1,https://www.hd-bits.com/,opencv,exact,24,15,1,0,2,1,1,0,0.0,1,0,0,0,0,0,0,0,1,0,0,0,0,3.740601562950723,0,0,0,0,0,0,0,1.0,0.7088960984173943,0.4471585793132145,0.2947502136230469,1.0,2544.088981628418,0.037532806396484375,0.41961669921875,0.12109375,25.0,330.0,330.0
Q01599__clean,Q01599,1,,justns.ru,data/qr_images/Q01599.png,none,none,4,1,http://u805924gc4.ha004.t.justns.ru/zebzeb/,opencv,exact,43,28,8,0,4,3,0,10,0.23255813953488372,0,0,0,0,0,0,1,0,0,0,0,0,0,4.303830742923251,0,0,0,0,0,0,0,1.0,0.6662646424536611,0.4616766231855631,0.3306121826171875,1.0,3664.590866088867,0.0532684326171875,0.5340576171875,0.09765625,33.0,410.0,410.0
Q01600__clean,Q01600,0,,pnp.co.za,data/qr_images/Q01600.png,none,none,3,1,https://www.pnp.co.za/welcome,opencv,exact,29,13,8,0,3,1,0,0,0.0,0,0,0,0,0,0,1,0,1,0,0,0,0,3.8143719431796272,0,0,0,0,0,0,0,1.0,0.6800585578469669,0.4581977130155697,0.3216514587402344,1.0,3069.4518966674805,0.044818878173828125,0.41961669921875,0.107421875,29.0,370.0,370.0
Q01601__clean,Q01601,0,,meilleur-vin-provence.com,data/qr_images/Q01601.png,none,none,3,1,https://www.meilleur-vin-provence.com/,opencv,exact,38,29,1,0,2,1,2,0,0.0,2,0,0,0,0,0,0,0,1,0,0,0,0,4.155565013329717,0,0,0,0,0,0,0,1.0,0.673481974882238,0.4607433222968489,0.3284873962402344,1.0,2949.6727294921875,0.043941497802734375,0.41961669921875,0.107421875,29.0,370.0,370.0
Q01602__clean,Q01602,1,,29studios.com,data/qr_images/Q01602.png,none,none,8,1,http://new.29studios.com/wp-content/plugins/duplicator/lib/nuevo/servicios.aumento.bancochile.cl/kp0vn4k4lx/uv8sb_persona/login_xf9g/index/loginnkye,opencv,exact,148,17,124,0,5,1,1,7,0.0472972972972973,3,0,0,0,0,0,11,0,0,0,0,0,0,4.632616421063743,1,1,0,0,0,0,0,1.0,0.6171066433775658,0.4703529704646805,0.38237762451171875,1.0,4934.422264099121,0.07897186279296875,0.9918212890625,0.0703125,49.0,570.0,570.0
Q01603__clean,Q01603,0,,empire.co.at,data/qr_images/Q01603.png,none,none,2,1,http://www.empire.co.at/,opencv,exact,24,16,1,0,3,1,0,0,0.0,0,0,0,0,0,0,0,0,0,0,0,0,0,3.6258145836939115,0,0,0,0,0,0,0,1.0,0.6914446064070159,0.4544472891460286,0.31273651123046875,1.0,2641.5739135742188,0.039508819580078125,0.5340576171875,0.12109375,25.0,330.0,330.0
Q01604__clean,Q01604,0,,monroeblvd.com,data/qr_images/Q01604.png,none,none,3,1,https://www.monroeblvd.com/,opencv,exact,27,18,1,0,2,1,0,0,0.0,0,0,0,0,0,0,0,0,1,0,0,0,0,4.004344446367528,0,0,0,0,0,0,0,1.0,0.6807889900955499,0.4576919831926407,0.32080841064453125,1.0,3097.9933166503906,0.04538726806640625,0.5340576171875,0.107421875,29.0,370.0,370.0
Q01605__clean,Q01605,1,,regiscoyne.com,data/qr_images/Q01605.png,none,none,4,1,http://regiscoyne.com/368762BDB30FAB1003AAB48B3362C445,opencv,exact,54,14,33,0,1,0,0,21,0.3888888888888889,0,0,0,0,0,0,1,0,0,0,0,0,0,4.6624112343914135,0,0,0,0,0,0,0,1.0,0.6704289155847886,0.46006500828305613,0.32587432861328125,1.0,3602.1692962646484,0.05306243896484375,0.6103515625,0.09765625,33.0,410.0,410.0
Q01606__clean,Q01606,0,,opticsplanet.com,data/qr_images/Q01606.png,none,none,3,1,http://www.opticsplanet.com/cameras.html,opencv,exact,40,20,13,0,3,1,0,0,0.0,0,0,0,0,0,0,1,0,0,0,0,0,0,3.9495817701478346,0,0,0,0,0,0,0,1.0,0.6720239527085248,0.4614773461202547,0.32952880859375,1.0,3125.214889526367,0.044643402099609375,0.57220458984375,0.107421875,29.0,370.0,370.0
Q01607__clean,Q01607,1,,webcindario.com,data/qr_images/Q01607.png,none,none,17,1,https://coxcoxx.webcindario.com/cox.full/cox.full/Zo/stepCoxMail/log/sycho/SecurityID.html?preccessingid=5e4d5ed17aebf4b9f548875c155e7789-5e4d5ed17aebf4b9f548875c155e7789-5e4d5ed17aebf4b9f548875c155e77895e4d5ed17aebf4b9f548875c155e77895e4d5ed17aebf4b9f548875c155e77895e4d5ed17aebf4b9f548875c155e77895e4d5ed17aebf4b9f548875c155e77895e4d5ed17aebf4b9f548875c155e77895e4d5ed17aebf4b9f548875c155e77895e4d5ed17aebf4b9f548875c155e77895e4d5ed17aebf4b9f548875c155e7789,opencv,exact,459,23,59,368,5,1,2,220,0.4793028322440087,4,0,1,1,0,0,7,1,1,0,0,0,0,4.301732897548811,0,0,0,0,0,0,0,1.0,0.5742736666810279,0.466955342703992,0.4294281005859375,1.0,11425.100830078125,0.14765548706054688,1.56402587890625,0.04296875,85.0,930.0,930.0
Q01608__clean,Q01608,1,,googleapis.com,data/qr_images/Q01608.png,none,none,5,1,http://storage.googleapis.com/cftu6r8bigigi8.appspot.com/gtu%20fgb%20iug/gtfuygviy,opencv,exact,82,22,53,0,4,1,0,7,0.08536585365853659,2,0,0,0,0,2,3,0,0,0,0,0,0,4.40475753669786,0,0,0,0,0,0,0,1.0,0.6503504884009268,0.4658585780456415,0.34670257568359375,1.0,4083.8605194091797,0.05921173095703125,0.6866455078125,0.08984375,37.0,450.0,450.0
Q01609__clean,Q01609,0,,babylon-software.com,data/qr_images/Q01609.png,none,none,4,1,http://dictionary.babylon-software.com/latency/,opencv,exact,47,31,9,0,2,1,1,0,0.0,1,0,0,0,0,0,1,0,0,0,0,0,0,4.238114320168548,0,0,0,0,0,0,0,1.0,0.6686453127393536,0.46085208861071847,0.32904052734375,1.0,3598.9779052734375,0.05278778076171875,0.57220458984375,0.09765625,33.0,410.0,410.0
Q01610__clean,Q01610,0,,w3schools.com,data/qr_images/Q01610.png,none,none,4,1,https://www.w3schools.com/Asp/asp_ref_filesystem.asp,opencv,exact,52,17,27,0,3,1,0,1,0.019230769230769232,2,0,0,0,0,0,2,0,1,0,0,0,0,4.142371448743901,0,0,0,0,0,0,0,1.0,0.6531784057617187,0.4661728489796329,0.3440208435058594,1.0,3595.5894165039062,0.052764892578125,0.34332275390625,0.09765625,33.0,410.0,410.0
Q01611__clean,Q01611,0,,bls.gov,data/qr_images/Q01611.png,none,none,6,1,https://www.bls.gov/ooh/computer-and-information-technology/computer-network-architects.htm,opencv,exact,91,11,72,0,3,1,5,0,0.0,5,0,0,0,0,0,3,0,1,0,0,0,0,4.381635489323728,0,0,0,0,0,0,0,1.0,0.6467958786908318,0.46587186190728186,0.3533515930175781,1.0,4734.149551391602,0.0667572021484375,0.6866455078125,0.08203125,41.0,490.0,490.0
Q01612__clean,Q01612,1,,test-account.com,data/qr_images/Q01612.png,none,none,4,1,http://test96316.test-account.com/adobee/adobefile/Investor/,opencv,exact,60,26,27,0,2,1,1,5,0.08333333333333333,1,0,0,0,0,0,3,0,0,0,0,0,0,4.322964554947562,1,0,0,1,0,0,0,1.0,0.6615061741249234,0.4631260360710665,0.3352775573730469,1.0,3703.5087814331055,0.054050445556640625,0.41961669921875,0.09765625,33.0,410.0,410.0
Q01613__clean,Q01613,1,,evoxhosting.com,data/qr_images/Q01613.png,none,none,5,1,http://www.evoxhosting.com/updatepaypal/updatepaypal/paypalupdater/source/index.php,opencv,exact,83,19,57,0,3,1,0,0,0.0,0,0,0,0,0,0,5,0,0,0,0,0,0,4.182336455497417,1,0,0,0,0,1,0,1.0,0.6384980893602559,0.469711986069109,0.3578910827636719,1.0,3965.6482467651367,0.057941436767578125,0.5340576171875,0.08984375,37.0,450.0,450.0
Q01614__clean,Q01614,0,,w3.org,data/qr_images/Q01614.png,none,none,3,1,http://www.w3.org/TR/speech-synthesis/,opencv,exact,38,10,21,0,2,1,1,1,0.02631578947368421,1,0,0,0,0,0,2,0,0,0,0,0,0,4.040709013945501,0,0,0,0,0,0,0,1.0,0.6720210206274893,0.46128843546139725,0.32999420166015625,1.0,3078.823471069336,0.044818878173828125,0.5340576171875,0.107421875,29.0,370.0,370.0
Q01615__clean,Q01615,1,,labottee.com,data/qr_images/Q01615.png,none,none,2,1,http://labottee.com/cs/,opencv,exact,23,12,4,0,1,0,0,0,0.0,0,0,0,0,0,0,1,0,0,0,0,0,0,3.567040216926579,0,0,0,0,0,0,0,1.0,0.6951208526012944,0.45328928034201665,0.308441162109375,1.0,2477.216453552246,0.03717041015625,0.457763671875,0.12109375,25.0,330.0,330.0
Q01616__clean,Q01616,1,,imfast.io,data/qr_images/Q01616.png,none,none,3,1,https://hghltdpendin-gemail.imfast.io/,opencv,exact,38,29,1,0,2,1,1,0,0.0,1,0,0,0,0,0,0,0,1,0,0,0,0,4.050301855434981,0,0,0,0,0,0,0,1.0,0.6800584531297871,0.45845696707547984,0.32193756103515625,1.0,3040.220039367676,0.043933868408203125,0.41961669921875,0.107421875,29.0,370.0,370.0
Q01617__clean,Q01617,0,,yoast.com,data/qr_images/Q01617.png,none,none,3,1,https://yoast.com/cdn-wordpress-maxcdn/,opencv,exact,39,9,22,0,1,0,2,0,0.0,2,0,0,0,0,0,1,0,1,0,0,0,0,4.079772731460867,0,0,0,0,0,0,0,1.0,0.6961280373965992,0.45145190995892454,0.3053550720214844,1.0,3142.8004608154297,0.045383453369140625,0.6866455078125,0.107421875,29.0,370.0,370.0
Q01618__clean,Q01618,1,,zabor-vn.com,data/qr_images/Q01618.png,none,none,6,1,https://zabor-vn.com/system/csvprice_pro/smart/customer_center/customer-IDPP00C354/myaccount/signin/,opencv,exact,100,12,80,0,1,0,2,5,0.05,4,0,0,0,0,0,7,0,1,0,0,0,0,4.503563380781243,2,0,0,1,0,0,0,1.0,0.6567885305367264,0.46271798120730345,0.3432426452636719,1.0,4661.602714538574,0.06618499755859375,0.95367431640625,0.08203125,41.0,490.0,490.0
Q01619__clean,Q01619,0,,camaranmt.rs.gov.br,data/qr_images/Q01619.png,none,none,3,1,http://www.camaranmt.rs.gov.br/index.php,opencv,exact,40,23,10,0,5,1,0,0,0.0,0,0,0,0,0,0,1,0,0,0,0,0,0,4.168453957701921,0,0,0,0,0,0,0,1.0,0.6793257171032475,0.45833915277414755,0.3225440979003906,1.0,3121.875175476074,0.045501708984375,0.49591064453125,0.107421875,29.0,370.0,370.0
Q01620__clean,Q01620,1,,mfmazetomatrix.com,data/qr_images/Q01620.png,none,none,9,1,http://www.mfmazetomatrix.com/wp-includes/news/new/login.php?l=_JeHFUq_VJOXJoGYDw_OXK0K0QWHtoGYDw_Product-UserID&amp;userid_JeHJOXK0IDw_JOXK0IDD&amp;userid,opencv,exact,155,22,31,94,3,1,2,4,0.025806451612903226,14,0,1,1,2,0,4,3,0,0,0,0,0,5.2261875730503355,1,1,0,0,0,0,0,1.0,0.6186382518095128,0.46957814817960125,0.3783149719238281,1.0,6260.439010620117,0.08763504028320312,1.220703125,0.06640625,53.0,610.0,610.0
Q01621__clean,Q01621,1,,mybankicbc.com,data/qr_images/Q01621.png,none,none,3,1,http://mybankicbc.com//client_index.php,opencv,exact,39,14,18,0,2,0,0,0,0.0,1,0,0,0,0,0,1,0,0,0,0,0,1,4.131054782742918,1,0,0,0,0,0,1,1.0,0.6720233842438342,0.46104899102582175,0.3296318054199219,1.0,3208.9293518066406,0.046291351318359375,0.457763671875,0.107421875,29.0,370.0,370.0
Q01622__clean,Q01622,1,,interoptika.hu,data/qr_images/Q01622.png,none,none,3,1,http://interoptika.hu/mail/,opencv,exact,27,14,6,0,1,0,0,0,0.0,0,0,0,0,0,0,1,0,0,0,0,0,0,3.7639657428240825,0,0,0,0,0,0,0,1.0,0.6793273776185279,0.45856375778711034,0.3223381042480469,1.0,3133.6147079467773,0.044963836669921875,0.34332275390625,0.107421875,29.0,370.0,370.0
Q01623__clean,Q01623,1,,santiagoferreira.com.br,data/qr_images/Q01623.png,none,none,4,1,http://www.santiagoferreira.com.br/atualiza01/,opencv,exact,46,27,12,0,3,1,0,2,0.043478260869565216,0,0,0,0,0,0,1,0,0,0,0,0,0,4.2675959232131575,0,0,0,0,0,0,0,1.0,0.669833553538603,0.46025418220803316,0.3264579772949219,1.0,3605.717384338379,0.05316162109375,0.6103515625,0.09765625,33.0,410.0,410.0
Q01624__clean,Q01624,1,,tecpontos-online.com,data/qr_images/Q01624.png,none,none,3,1,http://tecpontos-online.com/,opencv,exact,28,20,1,0,1,0,1,0,0.0,1,0,0,0,0,0,0,0,0,0,0,0,0,3.6820058147602133,0,0,0,0,0,0,0,1.0,0.6793272130629595,0.4584814064269243,0.32236480712890625,1.0,3043.0504760742188,0.044605255126953125,0.5340576171875,0.107421875,29.0,370.0,370.0
Q01625__clean,Q01625,1,,dx.am,data/qr_images/Q01625.png,none,none,3,1,http://jenis9q.dx.am/home.php,opencv,exact,29,13,9,0,3,1,0,1,0.034482758620689655,0,0,0,0,0,0,1,0,0,0,0,0,0,3.9952378913808873,0,0,0,0,0,0,0,1.0,0.6720229055367264,0.46139588053877223,0.33001708984375,1.0,3060.8602600097656,0.044445037841796875,0.457763671875,0.107421875,29.0,370.0,370.0
Q01626__clean,Q01626,1,,animalwelfareinc.org,data/qr_images/Q01626.png,none,none,5,1,http://animalwelfareinc.org/wp-content/themes/ado/adobelatest/adbx/home/index.php,opencv,exact,81,20,54,0,2,0,1,0,0.0,1,0,0,0,0,0,7,0,0,0,0,0,0,4.218299849920031,0,0,0,0,0,0,0,1.0,0.656275416355507,0.46382048256951247,0.3403892517089844,1.0,4095.426094055176,0.059535980224609375,0.57220458984375,0.08984375,37.0,450.0,450.0
Q01627__clean,Q01627,1,,syshainc.com,data/qr_images/Q01627.png,none,none,5,1,http://syshainc.com/OPC/661c44d6bfaad47031d7dcc256228159/pass.php,opencv,exact,65,12,46,0,2,0,0,21,0.3230769230769231,0,0,0,0,0,0,3,0,0,0,0,0,0,4.6340781059895715,0,0,0,0,0,0,0,1.0,0.6384984184713924,0.46909978932660695,0.35865020751953125,1.0,4139.025215148926,0.060825347900390625,0.57220458984375,0.08984375,37.0,450.0,450.0
Q01628__clean,Q01628,0,,internetserviceproviders.org,data/qr_images/Q01628.png,none,none,4,1,http://www.internetserviceproviders.org/in/seattle/,opencv,exact,51,32,12,0,2,1,0,0,0.0,0,0,0,0,0,0,2,0,0,0,0,0,0,3.934284108361806,0,0,0,0,0,0,0,1.0,0.6567477207557828,0.46481688852382236,0.3402252197265625,1.0,3657.998764038086,0.05379486083984375,0.5340576171875,0.09765625,33.0,410.0,410.0
Q01629__clean,Q01629,1,,paws.org.au,data/qr_images/Q01629.png,none,none,6,1,http://paws.org.au/store/admin/view/javascript/fckeditor/editor/plugins/valid.free.fr/adsl,opencv,exact,90,11,72,0,4,0,0,0,0.0,0,0,0,0,0,0,9,0,0,0,0,0,0,4.275056489304809,0,0,0,0,0,0,0,1.0,0.6322191874186198,0.4700150125495815,0.3682441711425781,1.0,4850.56795501709,0.06784439086914062,0.49591064453125,0.08203125,41.0,490.0,490.0
Q01630__clean,Q01630,0,,zamzar.com,data/qr_images/Q01630.png,none,none,3,1,http://www.zamzar.com/convert/mp3-to-wav,opencv,exact,40,14,19,0,2,1,2,1,0.025,2,0,0,0,0,0,2,0,0,0,0,0,0,4.015311532225102,0,0,0,0,0,0,0,1.0,0.6932019701191023,0.45274200293079775,0.3092041015625,1.0,3080.7449798583984,0.045017242431640625,0.57220458984375,0.107421875,29.0,370.0,370.0
Q01631__clean,Q01631,0,,devstorm-apps.com,data/qr_images/Q01631.png,none,none,3,1,https://www.devstorm-apps.com/dc/,opencv,exact,33,21,4,0,2,1,1,0,0.0,1,0,0,0,0,0,1,0,1,0,0,0,0,3.922589573641669,0,0,0,0,0,0,0,1.0,0.6822497199563419,0.4572500709695885,0.31951141357421875,1.0,3103.4935760498047,0.045192718505859375,0.57220458984375,0.107421875,29.0,370.0,370.0
Q01632__clean,Q01632,1,,brim.ru,data/qr_images/Q01632.png,none,none,14,1,http://site2.20071831.brim.ru/0DysK1/linkedin/linkedIn/linkedIn%20(1)/linkedIn%20(1)/LinkedIn.html?midToken=AQHzsmwIH-erkw&amp;trk=eml-email_m2m_invite_single_01-footer-27-home&amp;trkEmail=eml-email_m2m_invite_single_01-footer-27-home-null-20fl3b~jy16hc4f~59-null-neptune/feed&amp;lipi=urn:li:page:email_email_m2m_invite_single_01;Rbk1WB6kQ/iZkL%20Z0%20KxzA==,opencv,exact,360,22,69,261,4,2,13,45,0.125,50,0,1,6,3,4,6,4,0,0,0,0,0,5.229976615378417,0,0,0,0,0,0,0,1.0,0.5695729423971737,0.4725485034541003,0.4326438903808594,1.0,9109.373756408691,0.1228485107421875,1.2969970703125,0.048828125,73.0,810.0,810.0
Q01633__clean,Q01633,0,,dartmouth.edu,data/qr_images/Q01633.png,none,none,5,1,http://www.tuck.dartmouth.edu/mba/blog/internship-diary-save-the-children,opencv,exact,73,22,44,0,3,2,4,0,0.0,4,0,0,0,0,0,3,0,0,0,0,0,0,4.4432498207106,0,0,0,0,0,0,0,1.0,0.6503518646838619,0.4655341140798138,0.34691619873046875,1.0,4126.091407775879,0.060558319091796875,0.6866455078125,0.08984375,37.0,450.0,450.0
Q01634__clean,Q01634,1,,flavena.co.rs,data/qr_images/Q01634.png,none,none,3,1,http://flavena.co.rs/mc.html,opencv,exact,28,13,8,0,3,0,0,0,0.0,0,0,0,0,0,0,1,0,0,0,0,0,0,3.940759832540089,0,0,0,0,0,0,0,1.0,0.6734819150438496,0.4607669059667505,0.32851409912109375,1.0,3150.2345123291016,0.045108795166015625,0.64849853515625,0.107421875,29.0,370.0,370.0
Q01635__clean,Q01635,0,,coablog.org,data/qr_images/Q01635.png,none,none,2,1,https://www.coablog.org/,opencv,exact,24,15,1,0,2,1,0,0,0.0,0,0,0,0,0,0,0,0,1,0,0,0,0,3.7406015629507228,0,0,0,0,0,0,0,1.0,0.6896122053557752,0.45555091044633556,0.3148689270019531,1.0,2523.3469467163086,0.037952423095703125,0.457763671875,0.12109375,25.0,330.0,330.0
Q01636__clean,Q01636,0,,xhamster.com,data/qr_images/Q01636.png,none,none,3,1,https://xhamster.com/categories/gays,opencv,exact,36,12,16,0,1,0,0,0,0.0,0,0,0,0,0,0,2,0,1,0,0,0,0,3.905764584655452,0,0,0,0,0,0,0,1.0,0.6720238629509421,0.4613445182619921,0.3293571472167969,1.0,3028.8834381103516,0.0443267822265625,0.57220458984375,0.107421875,29.0,370.0,370.0
Q01637__clean,Q01637,0,,wyzant.com,data/qr_images/Q01637.png,none,none,6,1,https://www.wyzant.com/resources/lessons/math/geometry/introduction/basic_geometry_terms,opencv,exact,88,14,66,0,2,1,0,0,0.0,2,0,0,0,0,0,6,0,1,0,0,0,0,4.237103352130045,0,0,0,0,0,0,0,1.0,0.6359710394167433,0.4691584558881891,0.3650054931640625,1.0,4814.504135131836,0.0670013427734375,0.5340576171875,0.08203125,41.0,490.0,490.0
Q01638__clean,Q01638,1,,stolizaparketa.ru,data/qr_images/Q01638.png,none,none,6,1,http://www.stolizaparketa.ru/wp-content/themes/twentyfifteen/css/read/chinavali/index.php?email=abuse,opencv,exact,101,21,61,11,3,1,1,0,0.0,3,0,1,1,0,0,7,1,0,0,0,0,0,4.413950342083645,0,0,0,0,0,0,0,1.0,0.655126205145144,0.46304641850219525,0.34461212158203125,1.0,4692.804527282715,0.06683731079101562,0.80108642578125,0.08203125,41.0,490.0,490.0
Q01639__clean,Q01639,1,,skyfencenet.com,data/qr_images/Q01639.png,none,none,4,1,https://dropbox.lilyskitchen.skyfencenet.com/,opencv,exact,45,36,1,0,3,2,0,0,0.0,0,0,0,0,0,0,0,0,1,0,0,0,0,4.2356458738189895,0,0,0,0,0,0,0,1.0,0.6650757733513327,0.46207186075208295,0.3313331604003906,1.0,3623.9654235839844,0.0529937744140625,0.762939453125,0.09765625,33.0,410.0,410.0
Q01640__clean,Q01640,0,,webcountdown.de,data/qr_images/Q01640.png,none,none,3,1,http://www.webcountdown.de/,opencv,exact,27,19,1,0,2,1,0,0,0.0,0,0,0,0,0,0,0,0,0,0,0,0,0,3.6023165585055525,0,0,0,0,0,0,0,1.0,0.6888210221832873,0.45435889031018656,0.3128929138183594,1.0,3203.819839477539,0.046283721923828125,0.5340576171875,0.107421875,29.0,370.0,370.0
Q01641__clean,Q01641,1,,allflagsauto.com,data/qr_images/Q01641.png,none,none,3,1,http://www.allflagsauto.com/Contents/,opencv,exact,37,20,10,0,2,1,0,0,0.0,0,0,0,0,0,0,1,0,0,0,0,0,0,4.003259028248121,0,0,0,0,0,0,0,1.0,0.6859036314721201,0.4558988714679937,0.31623077392578125,1.0,3178.8879928588867,0.0453643798828125,0.34332275390625,0.107421875,29.0,370.0,370.0
Q01642__clean,Q01642,1,,gsk-mozirje.si,data/qr_images/Q01642.png,none,none,4,1,http://gsk-mozirje.si/wp-content/plugins/wpsecone/file/,opencv,exact,55,14,34,0,1,0,2,0,0.0,2,0,0,0,0,0,4,0,0,0,0,0,0,4.21743221477914,0,0,0,0,0,0,0,1.0,0.6609135197658165,0.46421965425875195,0.3368721008300781,1.0,3407.1059494018555,0.049816131591796875,0.57220458984375,0.09765625,33.0,410.0,410.0
Q01643__clean,Q01643,1,,osman.tw,data/qr_images/Q01643.png,none,none,2,1,http://osman.tw/wp,opencv,exact,18,8,3,0,1,0,0,0,0.0,0,0,0,0,0,0,1,0,0,0,0,0,0,3.419381945646371,0,0,0,0,0,0,0,1.0,0.7088928073060279,0.44723437540945565,0.2946739196777344,1.0,2503.26619720459,0.037136077880859375,0.6103515625,0.12109375,25.0,330.0,330.0
Q01644__clean,Q01644,0,,choixpc.com,data/qr_images/Q01644.png,none,none,2,1,http://www.choixpc.com/,opencv,exact,23,15,1,0,2,1,0,0,0.0,0,0,0,0,0,0,0,0,0,0,0,0,0,3.4685766296878655,0,0,0,0,0,0,0,1.0,0.6969584446327359,0.45257882518326725,0.3067626953125,1.0,2472.446014404297,0.037021636962890625,0.5340576171875,0.12109375,25.0,330.0,330.0
Q01645__clean,Q01645,1,,progarchives.com,data/qr_images/Q01645.png,none,none,4,1,http://www.progarchives.com/album.asp?id=61737,opencv,exact,46,20,10,8,3,1,0,5,0.10869565217391304,2,0,1,1,0,0,1,1,0,0,0,0,0,4.615422010169679,0,0,0,0,0,0,0,1.0,0.6763778088139553,0.45782642982011373,0.3199577331542969,1.0,3659.747848510742,0.05336761474609375,0.49591064453125,0.09765625,33.0,410.0,410.0
Q01646__clean,Q01646,1,,itsaol.com,data/qr_images/Q01646.png,none,none,4,1,http://www.joinngrubwa.itsaol.com/login.php,opencv,exact,43,26,10,0,4,2,0,0,0.0,0,0,0,0,0,0,1,0,0,0,0,0,0,4.129184812590067,1,1,0,0,0,0,0,1.0,0.6579388936360677,0.4650237650004366,0.33966064453125,1.0,3473.9792251586914,0.05084991455078125,0.6103515625,0.09765625,33.0,410.0,410.0
Q01647__clean,Q01647,0,,showwall.com,data/qr_images/Q01647.png,none,none,2,1,http://www.showwall.com/,opencv,exact,24,16,1,0,2,1,0,0,0.0,0,0,0,0,0,0,0,0,0,0,0,0,0,3.4864405016961446,0,0,0,0,0,0,0,1.0,0.6859357198079427,0.4568895045612829,0.317535400390625,1.0,2588.2723388671875,0.038738250732421875,0.3814697265625,0.12109375,25.0,330.0,330.0
Q01648__clean,Q01648,1,,ncirl.ie,data/qr_images/Q01648.png,none,none,3,1,https://moodle.ncirl.ie/login/index.php,opencv,exact,39,15,16,0,3,1,0,0,0.0,0,0,0,0,0,0,2,0,1,0,0,0,0,3.989778500580689,1,1,0,0,0,0,0,1.0,0.6858979917040058,0.4561532470896076,0.3164787292480469,1.0,2974.7910690307617,0.043285369873046875,0.6103515625,0.107421875,29.0,370.0,370.0
Q01649__clean,Q01649,1,,bit.ly,data/qr_images/Q01649.png,none,none,2,1,https://bit.ly/3dwP47E,opencv,exact,22,6,8,0,1,0,0,3,0.13636363636363635,0,0,0,0,0,0,1,0,1,0,0,0,0,4.027169118440616,0,0,0,0,0,0,0,1.0,0.7006315792308134,0.4509397867637319,0.30352020263671875,1.0,2481.2981719970703,0.03708648681640625,0.5340576171875,0.12109375,25.0,330.0,330.0
Q01650__clean,Q01650,0,,nocleansinging.com,data/qr_images/Q01650.png,none,none,5,1,http://www.nocleansinging.com/2014/03/24/lord-mantis-death-mask/,opencv,exact,64,22,35,0,2,1,3,8,0.125,3,0,0,0,0,0,4,0,0,0,0,0,0,4.503274219659049,0,0,0,0,0,0,0,1.0,0.6631887548110065,0.4612967307299239,0.3331108093261719,1.0,4113.115455627441,0.060337066650390625,0.8392333984375,0.08984375,37.0,450.0,450.0
Q01651__clean,Q01651,0,,scribd.com,data/qr_images/Q01651.png,none,none,4,1,https://www.scribd.com/doc/23493398/herpesvirus-lecture-ppt,opencv,exact,59,14,37,0,2,1,2,8,0.13559322033898305,2,0,0,0,0,0,3,0,1,0,0,0,0,4.439941092094657,0,0,0,0,0,0,0,1.0,0.6698348699831496,0.4604317839452071,0.3272552490234375,1.0,3538.4338150024414,0.052356719970703125,0.762939453125,0.09765625,33.0,410.0,410.0
Q01652__clean,Q01652,0,,be-glass.de,data/qr_images/Q01652.png,none,none,2,1,https://www.be-glass.de/,opencv,exact,24,15,1,0,2,1,1,0,0.0,1,0,0,0,0,0,0,0,1,0,0,0,0,3.7406015629507228,0,0,0,0,0,0,0,1.0,0.702469066545075,0.4503304871190721,0.30120849609375,1.0,2398.335807800293,0.0359954833984375,0.3814697265625,0.12109375,25.0,330.0,330.0
Q01653__clean,Q01653,1,,karate-haguenau.com,data/qr_images/Q01653.png,none,none,3,1,http://karate-haguenau.com/cs/,opencv,exact,30,19,4,0,1,0,1,0,0.0,1,0,0,0,0,0,1,0,0,0,0,0,0,3.948394345536403,0,0,0,0,0,0,0,1.0,0.6720227858599495,0.4612152210697166,0.3291778564453125,1.0,3124.5615463256836,0.04526519775390625,0.3814697265625,0.107421875,29.0,370.0,370.0
Q01654__clean,Q01654,0,,bing.com,data/qr_images/Q01654.png,none,none,5,1,http://www.bing.com/knows/search?q=Null%20Modem%20Cable%20Radio%20Shack&mkt=zh-cn,opencv,exact,81,12,13,48,2,1,1,8,0.09876543209876543,9,0,1,2,1,4,2,2,0,0,0,0,0,4.95059907679844,0,0,0,0,0,0,0,1.0,0.6523281172210095,0.4655246438494924,0.34539031982421875,1.0,3991.438804626465,0.0579833984375,0.72479248046875,0.08984375,37.0,450.0,450.0
Q01655__clean,Q01655,1,,py.pl,data/qr_images/Q01655.png,none,none,8,1,https://py.pl/2EdrLE?utm_source=unp&amp;utm_medium=email&amp;utm_campaign=PPC001656&amp;utm_unptid=2338288a-825c-11e9-b834-,opencv,exact,123,5,7,102,1,0,4,23,0.18699186991869918,19,0,1,4,3,0,1,4,1,0,0,0,0,4.962556926326701,0,0,0,0,0,0,0,1.0,0.6257263033997779,0.46758580336835853,0.3738136291503906,1.0,5131.502212524414,0.08166122436523438,0.9918212890625,0.0703125,49.0,570.0,570.0
Q01656__clean,Q01656,1,,muralsbysteve.com,data/qr_images/Q01656.png,none,none,3,1,http://muralsbysteve.com/.se/abc/,opencv,exact,33,17,9,0,2,0,0,0,0.0,0,0,0,0,0,0,2,0,0,0,0,0,0,3.957294029027326,0,0,0,0,0,0,0,1.0,0.6844396703383502,0.45660560172565723,0.31737518310546875,1.0,3067.918914794922,0.044231414794921875,0.57220458984375,0.107421875,29.0,370.0,370.0
Q01657__clean,Q01657,1,,kekk.is,data/qr_images/Q01657.png,none,none,3,1,http://s.kekk.is/3e669863e6,opencv,exact,27,9,11,0,2,1,0,8,0.2962962962962963,0,0,0,0,0,0,1,0,0,0,0,0,0,3.6339740759971577,0,0,0,0,0,0,0,1.0,0.6888228023753447,0.4545483688555189,0.3125114440917969,1.0,3057.820297241211,0.04479217529296875,0.72479248046875,0.107421875,29.0,370.0,370.0
Q01658__clean,Q01658,0,,cryptomining-blog.com,data/qr_images/Q01658.png,none,none,4,1,http://cryptomining-blog.com/tag/video-card-mining/,opencv,exact,51,21,23,0,1,0,3,0,0.0,3,0,0,0,0,0,2,0,0,0,0,0,0,4.153132333042789,0,0,0,0,0,0,0,1.0,0.6603175144569546,0.463570023083902,0.33718109130859375,1.0,3741.1131744384766,0.054141998291015625,0.457763671875,0.09765625,33.0,410.0,410.0
Q01659__clean,Q01659,1,,starmak.com.tr,data/qr_images/Q01659.png,none,none,5,1,http://starmak.com.tr/950CAAEA0281AA2BEBED8F9ECCA4BD30?sec=KnelsPatrick,opencv,exact,71,14,33,16,2,0,0,13,0.18309859154929578,2,0,1,1,0,0,1,1,0,0,0,0,0,4.8939933801233915,0,0,0,0,0,0,0,1.0,0.6552901174507889,0.4642612332973273,0.3413352966308594,1.0,4040.595085144043,0.05902862548828125,0.762939453125,0.08984375,37.0,450.0,450.0
Q01660__clean,Q01660,1,,lg-led-culture.com,data/qr_images/Q01660.png,none,none,4,1,http://lg-led-culture.com/modules/blocksearch/presto.php,opencv,exact,56,18,31,0,2,0,2,0,0.0,2,0,0,0,0,0,3,0,0,0,0,0,0,4.131489360772527,0,0,0,0,0,0,0,1.0,0.650799440870098,0.46677608428907397,0.34633636474609375,1.0,3694.1751708984375,0.054065704345703125,0.49591064453125,0.09765625,33.0,410.0,410.0
Q01661__clean,Q01661,1,,maxvirtude.com.br,data/qr_images/Q01661.png,none,none,4,1,https://www.maxvirtude.com.br/www/verification/,opencv,exact,47,21,18,0,3,1,0,0,0.0,0,0,0,0,0,0,2,0,1,0,0,0,0,4.179499692462942,1,0,0,0,0,0,0,1.0,0.6555577596028646,0.4654020642188288,0.34156036376953125,1.0,3679.1462936401367,0.053310394287109375,0.6103515625,0.09765625,33.0,410.0,410.0
Q01662__clean,Q01662,0,,nationalmssociety.org,data/qr_images/Q01662.png,none,none,8,1,http://www.nationalmssociety.org/NationalMSSociety/media/MSNationalFiles/Brochures/Brochure-HiringHelpAtHome-BasicFacts-FINAL.pdf,opencv,exact,129,25,97,0,3,1,3,0,0.0,3,0,0,0,0,0,5,0,0,0,0,0,0,4.7126915273002155,0,0,0,0,0,0,0,1.0,0.6306476518219593,0.46600840351289596,0.3690681457519531,1.0,5176.148078918457,0.08246231079101562,1.220703125,0.0703125,49.0,570.0,570.0
Q01663__clean,Q01663,0,,dapeco.com.om,data/qr_images/Q01663.png,none,none,2,1,http://dapeco.com.om,opencv,exact,20,13,0,0,2,0,0,0,0.0,0,0,0,0,0,0,0,0,0,0,0,0,0,3.484183719779189,0,0,0,0,0,0,0,1.0,0.6932845321356081,0.45402421874318927,0.3099098205566406,1.0,2503.2817459106445,0.037578582763671875,0.3814697265625,0.12109375,25.0,330.0,330.0
Q01664__clean,Q01664,1,,kbagro.co.th,data/qr_images/Q01664.png,none,none,2,1,http://kbagro.co.th/,opencv,exact,20,12,1,0,2,0,0,0,0.0,0,0,0,0,0,0,0,0,0,0,0,0,0,3.546439344671015,0,0,0,0,0,0,0,1.0,0.6951211817124311,0.45307018652499703,0.308135986328125,1.0,2541.5166931152344,0.038143157958984375,0.49591064453125,0.12109375,25.0,330.0,330.0
Q01665__clean,Q01665,0,,appleinsider.com,data/qr_images/Q01665.png,none,none,8,1,http://appleinsider.com/articles/16/09/08/belkin-announces-simultaneous-lightning-headphone-and-charging-adapter-for-iphone-7,opencv,exact,125,16,102,0,1,0,10,7,0.056,10,0,0,0,0,0,5,0,0,0,0,0,0,4.439455042025707,0,0,0,0,0,0,0,1.0,0.6238796757716759,0.4680129373780328,0.37569427490234375,1.0,5045.8356857299805,0.08126449584960938,0.9918212890625,0.0703125,49.0,570.0,570.0
Q01666__clean,Q01666,1,,chinadryer.cn,data/qr_images/Q01666.png,none,none,3,1,http://www.chinadryer.cn/pa,opencv,exact,27,17,3,0,2,1,0,0,0.0,0,0,0,0,0,0,1,0,0,0,0,0,0,3.810081020521731,0,0,0,0,0,0,0,1.0,0.6946624307071462,0.4520436973955051,0.30712127685546875,1.0,3072.1256256103516,0.045001983642578125,0.57220458984375,0.107421875,29.0,370.0,370.0
Q01667__clean,Q01667,0,,cigarety-el.cz,data/qr_images/Q01667.png,none,none,3,1,https://www.cigarety-el.cz/,opencv,exact,27,18,1,0,2,1,1,0,0.0,1,0,0,0,0,0,0,0,1,0,0,0,0,4.004344446367528,0,0,0,0,0,0,0,1.0,0.6815178665460325,0.4577422966096776,0.3209686279296875,1.0,3046.7606811523438,0.04427337646484375,0.49591064453125,0.107421875,29.0,370.0,370.0
Q01668__clean,Q01668,1,,206.189.118.168,data/qr_images/Q01668.png,none,none,3,1,http://206.189.118.168/users/sign_in,opencv,exact,36,15,14,0,3,0,0,12,0.3333333333333333,1,0,0,0,0,0,2,0,0,1,0,0,0,4.107017709595356,0,0,0,0,0,0,0,1.0,0.6793273327397366,0.4584376679907891,0.3225669860839844,1.0,3131.2038040161133,0.04526519775390625,0.457763671875,0.107421875,29.0,370.0,370.0
Q01669__clean,Q01669,1,,vk.com,data/qr_images/Q01669.png,none,none,5,1,https://vk.com/away.php?to=http%3A%2F%2Fvip3id.com&amp;post=484653917_12&amp;cc_key=,opencv,exact,84,6,9,60,3,0,0,15,0.17857142857142858,13,0,1,3,2,3,1,3,1,0,0,0,0,4.882865190404103,0,0,0,0,0,0,0,1.0,0.660228115904565,0.4629233328428831,0.33617401123046875,1.0,4026.1657180786133,0.058013916015625,0.87738037109375,0.08984375,37.0,450.0,450.0
Q01670__clean,Q01670,0,,getandroidstuff.com,data/qr_images/Q01670.png,none,none,4,1,http://getandroidstuff.com/free-music-download-apps-sites/,opencv,exact,58,19,32,0,1,0,4,0,0.0,4,0,0,0,0,0,1,0,0,0,0,0,0,4.267656323446063,0,0,0,0,0,0,0,1.0,0.6555586571786918,0.4652562807159066,0.3411140441894531,1.0,3670.2225494384766,0.053653717041015625,0.6103515625,0.09765625,33.0,410.0,410.0
Q01671__clean,Q01671,0,,hodesco.com,data/qr_images/Q01671.png,none,none,2,1,http://www.hodesco.com,opencv,exact,22,15,0,0,2,1,0,0,0.0,0,0,0,0,0,0,0,0,0,0,0,0,0,3.5726236638951634,0,0,0,0,0,0,0,1.0,0.697874615239162,0.45229550996072454,0.30609893798828125,1.0,2480.109603881836,0.0368804931640625,0.5340576171875,0.12109375,25.0,330.0,330.0
Q01672__clean,Q01672,1,,shadetreetechnology.com,data/qr_images/Q01672.png,none,none,5,1,http://shadetreetechnology.com/V4/validation/470a83724c41e587b1de5e18d4972d33,opencv,exact,77,23,47,0,1,0,0,24,0.3116883116883117,0,0,0,0,0,0,3,0,0,0,0,0,0,4.658156880136878,0,0,0,0,0,0,0,1.0,0.6577585257735907,0.4632412102897211,0.3386344909667969,1.0,4096.917289733887,0.059967041015625,0.57220458984375,0.08984375,37.0,450.0,450.0
Q01673__clean,Q01673,0,,makeuseof.com,data/qr_images/Q01673.png,none,none,5,1,http://www.makeuseof.com/tag/the-5-best-windows-explorer-replacements/,opencv,exact,70,17,46,0,2,1,5,1,0.014285714285714285,5,0,0,0,0,0,2,0,0,0,0,0,0,4.359460567669649,0,0,0,0,0,0,0,1.0,0.652326681099686,0.46528074976236716,0.3448677062988281,1.0,3952.08162689209,0.0582275390625,0.6103515625,0.08984375,37.0,450.0,450.0
Q01674__clean,Q01674,1,,dunggiodrilling.com,data/qr_images/Q01674.png,none,none,8,1,http://www.dunggiodrilling.com/administrator/templates/khepri/images/menu/signt/customer_center/customer-IDPP00C978/myaccount/signin/,opencv,exact,133,23,103,0,2,1,1,5,0.03759398496240601,2,0,0,0,0,0,10,0,0,0,0,0,0,4.525143187418524,2,0,0,1,0,0,0,1.0,0.6180294560451134,0.4697561331935753,0.3815879821777344,1.0,5105.456001281738,0.08088302612304688,0.9918212890625,0.0703125,49.0,570.0,570.0
Q01675__clean,Q01675,1,,popupbarbados.com,data/qr_images/Q01675.png,none,none,4,1,http://www.popupbarbados.com/wp-includes/images/crystal/,opencv,exact,56,21,28,0,2,1,1,0,0.0,1,0,0,0,0,0,3,0,0,0,0,0,0,4.3183535294637805,0,0,0,0,0,0,0,1.0,0.6626980800254673,0.46327124738221437,0.33394622802734375,1.0,3575.006004333496,0.051990509033203125,0.6103515625,0.09765625,33.0,410.0,410.0
Q01676__clean,Q01676,1,,starmak.com.tr,data/qr_images/Q01676.png,none,none,5,1,http://starmak.com.tr/950CAAEA0281AA2BEBED8F9ECCA4BD30/?sec=Kerstin%20Foerster,opencv,exact,78,14,34,22,2,0,0,15,0.19230769230769232,3,0,1,1,0,1,1,1,0,0,0,0,0,4.812404103611211,0,0,0,0,0,0,0,1.0,0.6444254108503753,0.4676362771222608,0.3523826599121094,1.0,4012.6193618774414,0.059234619140625,0.64849853515625,0.08984375,37.0,450.0,450.0
Q01677__clean,Q01677,0,,americanmcgee.com,data/qr_images/Q01677.png,none,none,3,1,http://www.americanmcgee.com/,opencv,exact,29,21,1,0,2,1,0,0,0.0,0,0,0,0,0,0,0,0,0,0,0,0,0,3.8312762533752496,0,0,0,0,0,0,0,1.0,0.6932019551595052,0.45270352166594463,0.3088226318359375,1.0,3144.793525695801,0.04535675048828125,0.6103515625,0.107421875,29.0,370.0,370.0
Q01678__clean,Q01678,0,,sau.int,data/qr_images/Q01678.png,none,none,2,1,http://www.sau.int/,opencv,exact,19,11,1,0,2,1,0,0,0.0,0,0,0,0,0,0,0,0,0,0,0,0,0,3.3918926446809317,0,0,0,0,0,0,0,1.0,0.7079762178308824,0.4475800489055986,0.2957000732421875,1.0,2524.4141845703125,0.037353515625,0.57220458984375,0.12109375,25.0,330.0,330.0
Q01679__clean,Q01679,0,,extremetech.com,data/qr_images/Q01679.png,none,none,8,1,http://www.extremetech.com/computing/179066-what-is-mesh-networking-and-why-apples-adoption-in-ios-7-could-change-the-world,opencv,exact,123,19,97,0,2,1,15,7,0.056910569105691054,15,0,0,0,0,0,2,0,0,0,0,0,0,4.4773127064983695,0,0,0,0,0,0,0,1.0,0.6269564310709635,0.4671658017441959,0.3729705810546875,1.0,5192.841156005859,0.08218002319335938,0.762939453125,0.0703125,49.0,570.0,570.0
Q01680__clean,Q01680,1,,dtbatna.com,data/qr_images/Q01680.png,none,none,6,1,http://www.dtbatna.com/xmlrpc/imbot/imbot/impt/impt/b14087919a24832bcd7dd88872e529e4/raw.php,opencv,exact,92,15,70,0,3,1,0,23,0.25,0,0,0,0,0,0,7,0,0,0,0,0,0,4.531198032323436,0,0,0,0,0,0,0,1.0,0.6680398978439032,0.4584036335961588,0.3319129943847656,1.0,4719.871856689453,0.06726455688476562,0.80108642578125,0.08203125,41.0,490.0,490.0
Q01681__clean,Q01681,1,,bicicentroslezama.com,data/qr_images/Q01681.png,none,none,4,1,http://bicicentroslezama.com/EJERCICIO/2050X/appgo.php,opencv,exact,54,21,26,0,2,0,0,4,0.07407407407407407,0,0,0,0,0,0,3,0,0,0,0,0,0,4.639353595542589,0,0,0,0,0,0,0,1.0,0.657940673828125,0.4644234546375965,0.3391838073730469,1.0,3703.3093795776367,0.053951263427734375,0.49591064453125,0.09765625,33.0,410.0,410.0
Q01682__clean,Q01682,0,,infoconcorso.it,data/qr_images/Q01682.png,none,none,3,1,http://www.infoconcorso.it/,opencv,exact,27,19,1,0,2,1,0,0,0.0,0,0,0,0,0,0,0,0,0,0,0,0,0,3.6339740759971577,0,0,0,0,0,0,0,1.0,0.6902834723977481,0.45430136049296926,0.31107330322265625,1.0,2969.229637145996,0.043399810791015625,0.72479248046875,0.107421875,29.0,370.0,370.0
Q01683__clean,Q01683,1,,pathfinance.pro,data/qr_images/Q01683.png,none,none,3,1,http://www.pathfinance.pro/cs/,opencv,exact,30,19,4,0,2,1,0,0,0.0,0,0,0,0,0,0,1,0,0,0,0,0,0,3.8314018453921714,0,0,0,0,0,0,0,1.0,0.6829754848106234,0.4567823469900542,0.3192138671875,1.0,3155.7865447998047,0.045948028564453125,0.457763671875,0.107421875,29.0,370.0,370.0
Q01684__clean,Q01684,0,,bhaktimarga.hu,data/qr_images/Q01684.png,none,none,2,1,http://bhaktimarga.hu,opencv,exact,21,14,0,0,1,0,0,0,0.0,0,0,0,0,0,0,0,0,0,0,0,0,0,3.6178096843744543,0,0,0,0,0,0,0,1.0,0.7153214697744332,0.44379287794160643,0.2888832092285156,1.0,2622.3557891845703,0.038883209228515625,0.49591064453125,0.12109375,25.0,330.0,330.0
Q01685__clean,Q01685,0,,github.com,data/qr_images/Q01685.png,none,none,4,1,https://github.com/OpenModelica/OpenModelica,opencv,exact,44,10,26,0,1,0,0,0,0.0,0,0,0,0,0,0,2,0,1,0,0,0,0,4.237285311573267,0,0,0,0,0,0,0,1.0,0.6722185621074602,0.459534376044311,0.3253898620605469,1.0,3549.5196228027344,0.052337646484375,0.57220458984375,0.09765625,33.0,410.0,410.0
Q01686__clean,Q01686,1,,vk.com,data/qr_images/Q01686.png,none,none,6,1,https://vk.com/away.php?to=https%3A%2F%2Fflx.pw%2FtWM0v&post=482401605_15&cc_key=213546851324613246831,opencv,exact,102,6,9,78,3,0,0,37,0.3627450980392157,12,0,1,3,2,4,1,3,1,0,0,0,0,4.916634411697293,0,0,0,0,0,0,0,1.0,0.6601229648964078,0.46138025484397116,0.3402976989746094,1.0,4837.285293579102,0.0675201416015625,0.6103515625,0.08203125,41.0,490.0,490.0
Q01687__clean,Q01687,1,,larutamilenariadelatun.com,data/qr_images/Q01687.png,none,none,5,1,http://larutamilenariadelatun.com/wp-includes/images/new163.htm,opencv,exact,63,26,30,0,2,0,1,3,0.047619047619047616,1,0,0,0,0,0,3,0,0,0,0,0,0,4.340873829376093,0,0,0,0,0,0,0,1.0,0.6483744901769302,0.4662738299939237,0.3488502502441406,1.0,4112.0390701293945,0.0601959228515625,0.57220458984375,0.08984375,37.0,450.0,450.0
Q01688__clean,Q01688,0,,google.co.uz,data/qr_images/Q01688.png,none,none,3,1,https://www.google.co.uz/?gws_rd=ssl,opencv,exact,36,16,1,10,3,1,0,0,0.0,3,0,1,1,0,0,0,1,1,0,0,0,0,4.0860486123130375,0,0,0,0,0,0,0,1.0,0.6844398348939185,0.45650201725844103,0.3175621032714844,1.0,3108.6546325683594,0.04486846923828125,0.57220458984375,0.107421875,29.0,370.0,370.0
Q01689__clean,Q01689,1,,myeiherwollet.com,data/qr_images/Q01689.png,none,none,2,1,http://myeiherwollet.com/,opencv,exact,25,17,1,0,1,0,0,0,0.0,0,0,0,0,0,0,0,0,0,0,0,0,0,3.753269689515107,0,0,0,0,0,0,0,1.0,0.7134879916321998,0.44486655580152706,0.2902374267578125,1.0,2547.6079711914062,0.03789520263671875,0.457763671875,0.12109375,25.0,330.0,330.0
Q01690__clean,Q01690,1,,marketinghelper.com.au,data/qr_images/Q01690.png,none,none,6,1,http://marketinghelper.com.au/themes/sports/wp-content/net/7b13b2203029ed80337f27127a9f1d28,opencv,exact,91,22,62,0,2,0,1,24,0.26373626373626374,1,0,0,0,0,0,5,0,0,0,0,0,0,4.670428052549927,0,0,0,0,0,0,0,1.0,0.6347198037540212,0.46898195727848935,0.365814208984375,1.0,4836.739349365234,0.06862258911132812,0.6866455078125,0.08203125,41.0,490.0,490.0
Q01691__clean,Q01691,0,,transangels.com,data/qr_images/Q01691.png,none,none,3,1,https://www.transangels.com/,opencv,exact,28,19,1,0,2,1,0,0,0.0,0,0,0,0,0,0,0,0,1,0,0,0,0,3.9137995646056805,0,0,0,0,0,0,0,1.0,0.6815188239602482,0.457563076510198,0.32010650634765625,1.0,3186.1177368164062,0.04558563232421875,0.41961669921875,0.107421875,29.0,370.0,370.0
Q01692__clean,Q01692,0,,tripadvisor.com,data/qr_images/Q01692.png,none,none,7,1,https://www.tripadvisor.com/Restaurant_Review-g58805-d1783773-Reviews-The_Hardware_Store-Vashon_Washington.html,opencv,exact,111,19,84,0,3,1,5,12,0.10810810810810811,9,0,0,0,0,0,1,0,1,0,0,0,0,4.813302498059339,0,0,0,0,0,0,0,1.0,0.6233584534888174,0.4707927126103706,0.3749885559082031,1.0,5067.625434875488,0.0738372802734375,0.91552734375,0.076171875,45.0,530.0,530.0
Q01693__clean,Q01693,1,,imagenesmentales.com,data/qr_images/Q01693.png,none,none,6,1,http://imagenesmentales.com/admin/update/Login/customer_center/customer-IDPP00C254/myaccount/signin/,opencv,exact,100,20,73,0,1,0,1,5,0.05,2,0,0,0,0,0,7,0,0,0,0,0,0,4.475274166548139,4,1,0,1,0,1,0,1.0,0.6418022903741575,0.4674607628749287,0.3581275939941406,1.0,4725.15364074707,0.06647491455078125,0.57220458984375,0.08203125,41.0,490.0,490.0
Q01694__clean,Q01694,0,,broken-links.com,data/qr_images/Q01694.png,none,none,5,1,https://www.broken-links.com/2013/09/20/web-speech-api-part-one-speech-synthesis/,opencv,exact,81,20,53,0,2,1,7,8,0.09876543209876543,7,0,0,0,0,0,4,0,1,0,0,0,0,4.3943729183623965,0,0,0,0,0,0,0,1.0,0.6463996588015088,0.46724696317114733,0.3503837585449219,1.0,4035.9818420410156,0.058658599853515625,0.64849853515625,0.08984375,37.0,450.0,450.0
Q01695__clean,Q01695,1,,mojinterier.sk,data/qr_images/Q01695.png,none,none,5,1,http://www.mojinterier.sk/modules/mod_banners/tmpl/wellsfargo/verify.php,opencv,exact,72,18,47,0,3,1,0,0,0.0,1,0,0,0,0,0,5,0,0,0,0,0,0,4.433319967558182,1,0,1,0,0,0,0,1.0,0.6483741760253906,0.4660234534379026,0.34845733642578125,1.0,4215.025947570801,0.06127166748046875,0.6103515625,0.08984375,37.0,450.0,450.0
Q01696__clean,Q01696,0,,azlyrics.com,data/qr_images/Q01696.png,none,none,4,1,http://www.azlyrics.com/lyrics/kendricklamar/dna.html,opencv,exact,53,16,30,0,3,1,0,0,0.0,0,0,0,0,0,0,3,0,0,0,0,0,0,4.230107662388592,0,0,0,0,0,0,0,1.0,0.6603176042145373,0.46369817076949255,0.3371620178222656,1.0,3737.547264099121,0.053882598876953125,0.3814697265625,0.09765625,33.0,410.0,410.0
Q01697__clean,Q01697,1,,box.com,data/qr_images/Q01697.png,none,none,4,1,https://app.box.com/s/bog5q0dw9nxw2zs7e01m5y6zw23oeszj,opencv,exact,54,11,35,0,2,1,0,11,0.2037037037037037,0,0,0,0,0,0,2,0,1,0,0,0,0,4.712949307598832,0,0,0,0,0,0,0,1.0,0.671621763939951,0.46007192938518326,0.3248786926269531,1.0,3471.7528381347656,0.051074981689453125,0.64849853515625,0.09765625,33.0,410.0,410.0
Q01698__clean,Q01698,0,,bway.net,data/qr_images/Q01698.png,none,none,2,1,https://bway.net/,opencv,exact,17,8,1,0,1,0,0,0,0.0,0,0,0,0,0,0,0,0,1,0,0,0,0,3.5280643115840493,0,0,0,0,0,0,0,1.0,0.702468183928845,0.4501318903878345,0.3013725280761719,1.0,2566.0873641967773,0.03765106201171875,0.457763671875,0.12109375,25.0,330.0,330.0
Q01699__clean,Q01699,1,,000webhostapp.com,data/qr_images/Q01699.png,none,none,3,1,http://glasanjetobato.000webhostapp.com/,opencv,exact,40,32,1,0,2,1,0,3,0.075,0,0,0,0,0,0,0,0,0,0,0,0,0,4.0250705203641814,0,0,0,0,0,0,0,1.0,0.7005065169988894,0.4500137350282075,0.3013191223144531,1.0,3129.172622680664,0.0440216064453125,0.6866455078125,0.107421875,29.0,370.0,370.0
Q01700__clean,Q01700,1,,huajiemu.com,data/qr_images/Q01700.png,none,none,5,1,https://ishba.huajiemu.com/qwy?kl=ZIFwknFjb2Kcla53mHJpaIZ1YKCFjJyepKZdany0j2lj/,opencv,exact,79,18,4,48,2,1,0,6,0.0759493670886076,2,0,1,1,0,0,1,1,1,0,0,0,0,5.072662001769745,0,0,0,0,0,0,0,1.0,0.6666487301097197,0.4601760639594715,0.3303031921386719,1.0,4125.378868103027,0.059787750244140625,0.762939453125,0.08984375,37.0,450.0,450.0
Q01701__clean,Q01701,0,,instructables.com,data/qr_images/Q01701.png,none,none,4,1,http://www.instructables.com/id/EMB979AFLQES9J3WIJ/,opencv,exact,51,21,23,0,2,1,0,5,0.09803921568627451,0,0,0,0,0,0,2,0,0,0,0,0,0,4.866162293368287,0,0,0,0,0,0,0,1.0,0.6603197135177313,0.4638177991545414,0.3362312316894531,1.0,3667.130714416504,0.053058624267578125,0.49591064453125,0.09765625,33.0,410.0,410.0
Q01702__clean,Q01702,0,,wisegeek.com,data/qr_images/Q01702.png,none,none,4,1,http://www.wisegeek.com/what-is-a-memory-card.htm,opencv,exact,49,16,26,0,3,1,4,0,0.0,4,0,0,0,0,0,1,0,0,0,0,0,0,4.132481466909276,0,0,0,0,0,0,0,1.0,0.6615077748018152,0.46357555385644683,0.3356208801269531,1.0,3548.2801055908203,0.0519256591796875,0.6866455078125,0.09765625,33.0,410.0,410.0
Q01703__clean,Q01703,0,,yelp.com,data/qr_images/Q01703.png,none,none,4,1,https://www.yelp.com/biz/path-train-new-york,opencv,exact,44,12,24,0,2,1,3,0,0.0,3,0,0,0,0,0,2,0,1,0,0,0,0,4.288754913993503,0,0,0,0,0,0,0,1.0,0.6686484991335402,0.4612153900401653,0.3293724060058594,1.0,3545.6997985839844,0.05141448974609375,0.57220458984375,0.09765625,33.0,410.0,410.0
Q01704__clean,Q01704,1,,drpiza.com,data/qr_images/Q01704.png,none,none,6,1,http://accountchckecker-update-now.drpiza.com/accountasecurre/update-information--safety-and-securit,opencv,exact,100,38,55,0,2,1,7,0,0.0,7,0,0,0,0,0,2,0,0,0,0,0,0,4.216622160287628,2,0,0,1,0,1,0,1.0,0.6413838704427083,0.46729234350582294,0.35889434814453125,1.0,4816.312828063965,0.06786727905273438,0.762939453125,0.08203125,41.0,490.0,490.0
Q01705__clean,Q01705,0,,mashable.com,data/qr_images/Q01705.png,none,none,5,1,http://mashable.com/2011/08/19/google-click-through-rates-fell-in-2010-study/,opencv,exact,77,12,58,0,1,0,7,12,0.15584415584415584,7,0,0,0,0,0,4,0,0,0,0,0,0,4.55845147749576,0,0,0,0,0,0,0,1.0,0.6513416065889246,0.4653451864223804,0.3452033996582031,1.0,4109.840316772461,0.059993743896484375,0.64849853515625,0.08984375,37.0,450.0,450.0
Q01706__clean,Q01706,0,,hackaday.com,data/qr_images/Q01706.png,none,none,5,1,http://hackaday.com/2017/03/22/well-engineered-radio-clock-aces-form-and-function/,opencv,exact,82,12,63,0,1,0,7,8,0.0975609756097561,7,0,0,0,0,0,4,0,0,0,0,0,0,4.518210390209813,0,0,0,0,0,0,0,1.0,0.6394886390835631,0.4691799641339249,0.3583221435546875,1.0,4178.0305252075195,0.060070037841796875,0.34332275390625,0.08984375,37.0,450.0,450.0
Q01707__clean,Q01707,1,,myappwiz.com,data/qr_images/Q01707.png,none,none,7,1,http://www.myappwiz.com/home/redirect?targetUrl=https://livraisonspeed01.cloudaccess.host/wp-includes/DHMF0JCT17E1,opencv,exact,114,16,14,76,4,1,1,6,0.05263157894736842,3,0,1,1,0,0,2,1,0,0,0,0,0,4.845000791663592,0,0,0,0,0,0,0,1.0,0.6269188226438036,0.4701337533113315,0.370819091796875,1.0,5047.130882263184,0.07296371459960938,0.762939453125,0.076171875,45.0,530.0,530.0
Q01708__clean,Q01708,0,,mightyjaxx.rocks,data/qr_images/Q01708.png,none,none,2,1,https://mightyjaxx.rocks/,opencv,exact,25,16,1,0,1,0,0,0,0.0,0,0,0,0,0,0,0,0,1,0,0,0,0,4.023465189601645,0,0,0,0,0,0,0,1.0,0.7134859272077971,0.44513048307491293,0.2899627685546875,1.0,2499.488815307617,0.036869049072265625,0.5340576171875,0.12109375,25.0,330.0,330.0
Q01709__clean,Q01709,0,,optuszoo.com.au,data/qr_images/Q01709.png,none,none,5,1,http://help.optuszoo.com.au/help/dsl/connected/windows/optus_modems/netgear_dg834g,opencv,exact,82,20,55,0,3,1,0,3,0.036585365853658534,2,0,0,0,0,0,6,0,0,0,0,0,0,4.342010621725586,0,0,0,0,0,0,0,1.0,0.6518351236979166,0.46549385565001056,0.34474945068359375,1.0,4083.9182891845703,0.0590057373046875,0.6866455078125,0.08984375,37.0,450.0,450.0
Q01710__clean,Q01710,0,,dell.com,data/qr_images/Q01710.png,none,none,6,1,http://en.community.dell.com/support-forums/network-internet-wireless/f/3324/t/19666633,opencv,exact,87,21,59,0,3,2,3,12,0.13793103448275862,3,0,0,0,0,0,6,0,0,0,0,0,0,4.500302910898217,0,0,0,0,0,0,0,1.0,0.6322182449640013,0.46957349469199305,0.36737060546875,1.0,4946.199417114258,0.069732666015625,0.49591064453125,0.08203125,41.0,490.0,490.0
Q01711__clean,Q01711,1,,upgrade-emailexchange.ml,data/qr_images/Q01711.png,none,none,9,1,http://upgrade-emailexchange.ml/owa/general/index.php?src=ZWppZXdpb2U5NDluZHNmNDBlb2RzaTRpZWprMzBka2prZWtjamtkIGNuZmk0bmZpb25ja29uc2NrIGtjIGtqIHZqayBj&amp;username=,opencv,exact,164,24,22,110,2,0,1,10,0.06097560975609756,6,0,1,2,1,0,3,2,0,0,0,0,0,5.212935410664421,0,0,0,0,0,0,0,1.0,0.5963370080087699,0.47429196464096296,0.4007759094238281,1.0,6481.873603820801,0.0899200439453125,0.80108642578125,0.06640625,53.0,610.0,610.0
Q01712__clean,Q01712,0,,midroll.com,data/qr_images/Q01712.png,none,none,2,1,http://www.midroll.com/,opencv,exact,23,15,1,0,2,1,0,0,0.0,0,0,0,0,0,0,0,0,0,0,0,0,0,3.6753108689123644,0,0,0,0,0,0,0,1.0,0.6997120127958409,0.45137567615134916,0.3038444519042969,1.0,2540.1803588867188,0.037441253662109375,0.3814697265625,0.12109375,25.0,330.0,330.0
Q01713__clean,Q01713,0,,qimacros.com,data/qr_images/Q01713.png,none,none,4,1,https://www.qimacros.com/free-excel-tips/text-mining-in-excel/,opencv,exact,62,16,38,0,2,1,5,0,0.0,5,0,0,0,0,0,2,0,1,0,0,0,0,4.214446570661587,0,0,0,0,0,0,0,1.0,0.6507992912741268,0.4669604271411088,0.3469696044921875,1.0,3610.5722732543945,0.052814483642578125,0.41961669921875,0.09765625,33.0,410.0,410.0
Q01714__clean,Q01714,1,,contacthawk.com,data/qr_images/Q01714.png,none,none,5,1,http://www.contacthawk.com/templates/beez5/blog/76b49ce9fe560c1e4ab46bee52c1a8eb/,opencv,exact,81,19,55,0,2,1,0,17,0.20987654320987653,0,0,0,0,0,0,4,0,0,0,0,0,0,4.4629453004235335,0,0,0,0,0,0,0,1.0,0.6542997771618413,0.4639755496882713,0.3424415588378906,1.0,4305.255836486816,0.062290191650390625,0.6103515625,0.08984375,37.0,450.0,450.0
Q01715__clean,Q01715,0,,nbc.com,data/qr_images/Q01715.png,none,none,3,1,http://www.nbc.com/schedule,opencv,exact,27,11,9,0,2,1,0,0,0.0,0,0,0,0,0,0,1,0,0,0,0,0,0,3.930270372293455,0,0,0,0,0,0,0,1.0,0.6807867760751761,0.45787914570572563,0.3213462829589844,1.0,3101.674285888672,0.045101165771484375,0.34332275390625,0.107421875,29.0,370.0,370.0
Q01716__clean,Q01716,1,,51haoyayi.cn,data/qr_images/Q01716.png,none,none,3,1,http://ybs.51haoyayi.cn/jplayer/vp1,opencv,exact,35,16,12,0,2,1,0,3,0.08571428571428572,0,0,0,0,0,0,2,0,0,0,0,0,0,4.171860873964196,0,0,0,0,0,0,0,1.0,0.6734809127508425,0.4608367125537658,0.3288154602050781,1.0,3152.6965408325195,0.04483795166015625,0.49591064453125,0.107421875,29.0,370.0,370.0
Q01717__clean,Q01717,0,,mozillazine.org,data/qr_images/Q01717.png,none,none,4,1,http://kb.mozillazine.org/Talk:Default_browser,opencv,exact,46,18,21,0,2,1,0,0,0.0,1,0,0,0,0,0,1,0,0,0,0,0,0,4.468576629687865,0,0,0,0,0,0,0,1.0,0.6615067725088082,0.4631402155944822,0.3359642028808594,1.0,3668.2060546875,0.053821563720703125,0.3814697265625,0.09765625,33.0,410.0,410.0
Q01718__clean,Q01718,0,,les-plus-beaux-campings.com,data/qr_images/Q01718.png,none,none,3,1,http://www.les-plus-beaux-campings.com/,opencv,exact,39,31,1,0,2,1,3,0,0.0,3,0,0,0,0,0,0,0,0,0,0,0,0,4.265544846790009,0,0,0,0,0,0,0,1.0,0.7034299962660846,0.448146591054759,0.29866790771484375,1.0,3223.171371459961,0.0461273193359375,0.57220458984375,0.107421875,29.0,370.0,370.0
Q01719__clean,Q01719,1,,tholle.co.za,data/qr_images/Q01719.png,none,none,3,1,http://tholle.co.za/BEST/login.php,opencv,exact,34,12,15,0,3,0,0,0,0.0,0,0,0,0,0,0,2,0,0,0,0,0,0,4.013070929103844,1,1,0,0,0,0,0,1.0,0.6785964816224341,0.45882410697403553,0.32324981689453125,1.0,2985.396095275879,0.0439910888671875,0.49591064453125,0.107421875,29.0,370.0,370.0
Q01720__clean,Q01720,1,,feitoparavoce-digital.com,data/qr_images/Q01720.png,none,none,3,1,http://www.feitoparavoce-digital.com/,opencv,exact,37,29,1,0,2,1,1,0,0.0,1,0,0,0,0,0,0,0,0,0,0,0,0,4.134468568039293,0,0,0,0,0,0,0,1.0,0.681517432717716,0.45759125378598614,0.3212165832519531,1.0,3107.163604736328,0.04506683349609375,0.6866455078125,0.107421875,29.0,370.0,370.0
Q01721__clean,Q01721,1,,sambas.go.id,data/qr_images/Q01721.png,none,none,3,1,http://jdih.sambas.go.id/web/coin/nat4/,opencv,exact,39,17,15,0,3,1,0,1,0.02564102564102564,0,0,0,0,0,0,3,0,0,0,0,0,0,4.092342603144791,0,0,0,0,0,0,0,1.0,0.6617949691473269,0.4648108437526353,0.3402519226074219,1.0,3147.0775985717773,0.045612335205078125,0.49591064453125,0.107421875,29.0,370.0,370.0
Q01722__clean,Q01722,1,,ezoomeranggrow.com,data/qr_images/Q01722.png,none,none,4,1,https://ezoomeranggrow.com/web/english/index.php?email,opencv,exact,54,18,22,5,2,0,0,0,0.0,1,0,1,0,0,0,3,1,1,0,0,0,0,4.316947863427458,0,0,0,0,0,0,0,1.0,0.6531788844688265,0.46613578203184847,0.3442497253417969,1.0,3604.351951599121,0.053028106689453125,0.457763671875,0.09765625,33.0,410.0,410.0
Q01723__clean,Q01723,1,,mne.edu.vn,data/qr_images/Q01723.png,none,none,4,1,http://mne.edu.vn/wp-includes/Netflix/LoginID/index.php,opencv,exact,55,10,38,0,3,0,1,0,0.0,1,0,0,0,0,0,4,0,0,0,0,0,0,4.381473923348459,1,1,0,0,0,0,0,1.0,0.6591286004758349,0.4640456490625819,0.33747100830078125,1.0,3635.9367141723633,0.05342864990234375,0.5340576171875,0.09765625,33.0,410.0,410.0
Q01724__clean,Q01724,1,,online.fr,data/qr_images/Q01724.png,none,none,7,1,http://schroffenstein.online.fr/ChfBCg58T2Svdxc/vWha4Uble.html?iwntanhs=xocghc205223&amp;rkytrh=vtcryiew181248685,opencv,exact,113,24,31,50,3,1,0,19,0.168141592920354,5,0,1,2,1,0,2,2,0,0,0,0,0,5.1309397246132304,0,0,0,0,0,0,0,1.0,0.6297657985313266,0.4687947874160877,0.3679084777832031,1.0,5248.536575317383,0.07551956176757812,0.8392333984375,0.076171875,45.0,530.0,530.0
Q01725__clean,Q01725,1,,manuelenriquesalonyspa.com,data/qr_images/Q01725.png,none,none,4,1,http://www.manuelenriquesalonyspa.com/filewords/,opencv,exact,48,30,11,0,2,1,0,0,0.0,0,0,0,0,0,0,1,0,0,0,0,0,0,4.29799505257913,0,0,0,0,0,0,0,1.0,0.6704341813629748,0.4605173524338297,0.3269996643066406,1.0,3458.6397018432617,0.050960540771484375,0.6866455078125,0.09765625,33.0,410.0,410.0
Q01726__clean,Q01726,1,,hf502.com,data/qr_images/Q01726.png,none,none,2,1,http://m.hf502.com/,opencv,exact,19,11,1,0,2,1,0,3,0.15789473684210525,0,0,0,0,0,0,0,0,0,0,0,0,0,3.576617644908665,0,0,0,0,0,0,0,1.0,0.689611442416322,0.45561457631058816,0.31427764892578125,1.0,2536.7020568847656,0.037647247314453125,0.3814697265625,0.12109375,25.0,330.0,330.0
Q01727__clean,Q01727,0,,timeanddate.com,data/qr_images/Q01727.png,none,none,5,1,https://www.timeanddate.com/worldclock/trinidad-and-tobago/port-of-spain,opencv,exact,72,19,45,0,2,1,4,0,0.0,4,0,0,0,0,0,3,0,1,0,0,0,0,4.250524697298041,0,0,0,0,0,0,0,1.0,0.6503535850375306,0.46572293314251134,0.3467903137207031,1.0,4069.325653076172,0.05960845947265625,0.49591064453125,0.08984375,37.0,450.0,450.0
Q01728__clean,Q01728,1,,hyperurl.co,data/qr_images/Q01728.png,none,none,2,1,http://hyperurl.co/ryfrhf/,opencv,exact,26,11,8,0,1,0,0,0,0.0,0,0,0,0,0,0,1,0,0,0,0,0,0,3.59448250651942,0,0,0,0,0,0,0,1.0,0.6896105598000919,0.4556327737355332,0.31417083740234375,1.0,2509.295783996582,0.037425994873046875,0.49591064453125,0.12109375,25.0,330.0,330.0
Q01729__clean,Q01729,0,,sportshub.com.sg,data/qr_images/Q01729.png,none,none,5,1,http://www.sportshub.com.sg/Directions/Documents/Sports-Hub-Traffic-Brochure.pdf,opencv,exact,80,20,53,0,4,1,3,0,0.0,3,0,0,0,0,0,3,0,0,0,0,0,0,4.4995817701478344,0,0,0,0,0,0,0,1.0,0.6631931678921569,0.4612545865446809,0.33344268798828125,1.0,4269.95027923584,0.0612030029296875,0.6866455078125,0.08984375,37.0,450.0,450.0
Q01730__clean,Q01730,1,,my-3-management-centre.com,data/qr_images/Q01730.png,none,none,3,1,http://my-3-management-centre.com,opencv,exact,33,26,0,0,1,0,3,1,0.030303030303030304,3,0,0,0,0,0,0,0,0,0,0,0,0,3.8471282101364253,0,0,0,0,0,0,0,1.0,0.6858990239162072,0.4557683427395569,0.3157539367675781,1.0,3149.422607421875,0.0454559326171875,0.5340576171875,0.107421875,29.0,370.0,370.0
Q01731__clean,Q01731,0,,genome.jp,data/qr_images/Q01731.png,none,none,3,1,http://www.genome.jp/tools/motif/,opencv,exact,33,13,13,0,2,1,0,0,0.0,0,0,0,0,0,0,2,0,0,0,0,0,0,3.821226604916021,0,0,0,0,0,0,0,1.0,0.6800565831801471,0.45814618774668714,0.3217964172363281,1.0,3159.033332824707,0.045429229736328125,0.3814697265625,0.107421875,29.0,370.0,370.0
Q01732__clean,Q01732,0,,sobem.org.hk,data/qr_images/Q01732.png,none,none,2,1,http://sobem.org.hk,opencv_aruco,exact,19,12,0,0,2,0,0,0,0.0,0,0,0,0,0,0,0,0,0,0,0,0,0,3.7216117239699,0,0,0,0,0,0,0,1.0,0.6896102157293581,0.4552503358496333,0.3143424987792969,1.0,2604.5530166625977,0.039188385009765625,0.41961669921875,0.12109375,25.0,330.0,330.0
Q01733__clean,Q01733,0,,ducic.ac.in,data/qr_images/Q01733.png,none,none,2,1,http://ducic.ac.in,opencv,exact,18,11,0,0,2,0,0,0,0.0,0,0,0,0,0,0,0,0,0,0,0,0,0,3.4613201402110083,0,0,0,0,0,0,0,1.0,0.7116482005399816,0.44595890564495155,0.292083740234375,1.0,2513.4305725097656,0.0370635986328125,0.49591064453125,0.12109375,25.0,330.0,330.0
Q01734__clean,Q01734,0,,adafruit.com,data/qr_images/Q01734.png,none,none,5,1,https://learn.adafruit.com/raspberry-pi-hosting-node-red/what-is-node-red,opencv,exact,73,18,47,0,2,1,7,0,0.0,7,0,0,0,0,0,2,0,1,0,0,0,0,4.256243184348911,0,0,0,0,0,0,0,1.0,0.6483750137628294,0.4666541403751247,0.3480224609375,1.0,3906.511917114258,0.05759429931640625,0.49591064453125,0.08984375,37.0,450.0,450.0
Q01735__clean,Q01735,0,,recursosdeautoayuda.com,data/qr_images/Q01735.png,none,none,3,1,https://www.recursosdeautoayuda.com/,opencv,exact,36,27,1,0,2,1,0,0,0.0,0,0,0,0,0,0,0,0,1,0,0,0,0,3.967585764910526,0,0,0,0,0,0,0,1.0,0.6734820048014323,0.4605949800443853,0.3283348083496094,1.0,3064.1667404174805,0.04511260986328125,0.49591064453125,0.107421875,29.0,370.0,370.0
Q01736__clean,Q01736,1,,peparena.world,data/qr_images/Q01736.png,none,none,2,1,http://peparena.world/New1,opencv,exact,26,14,5,0,1,0,0,1,0.038461538461538464,0,0,0,0,0,0,1,0,0,0,0,0,0,3.8441065448145375,0,0,0,0,0,0,0,1.0,0.7061405555874694,0.448431052800285,0.2969779968261719,1.0,2474.3311080932617,0.037151336669921875,0.457763671875,0.12109375,25.0,330.0,330.0
Q01737__clean,Q01737,0,,powershow.com,data/qr_images/Q01737.png,none,none,8,1,http://www.powershow.com/view/4f79b-YjI5M/Multiprotocol_Label_Switching_The_future_of_IP_Backbone_Technology_powerpoint_ppt_presentation,opencv,exact,136,17,112,0,2,1,1,4,0.029411764705882353,12,0,0,0,0,0,3,0,0,0,0,0,0,4.756023959238232,0,0,0,0,0,0,0,1.0,0.6127968582452512,0.47105105163940997,0.38695526123046875,1.0,4959.510101318359,0.08022308349609375,1.10626220703125,0.0703125,49.0,570.0,570.0
Q01738__clean,Q01738,1,,corfuproperty.gr,data/qr_images/Q01738.png,none,none,4,1,http://corfuproperty.gr/Secure-Doc/@@/index.php,opencv,exact,47,16,24,0,2,0,1,0,0.0,3,2,0,0,0,0,3,0,0,0,0,0,0,4.169618980830811,1,0,0,0,1,0,0,1.0,0.6745941461301317,0.45847184593605084,0.32152557373046875,1.0,3736.768997192383,0.053997039794921875,0.5340576171875,0.09765625,33.0,410.0,410.0
Q01739__clean,Q01739,1,,plataforma-segwra-bnonline1.com,data/qr_images/Q01739.png,none,none,4,1,http://plataforma-segwra-bnonline1.com/BNWeb/lnicio,opencv,exact,51,31,13,0,1,0,2,1,0.0196078431372549,2,0,0,0,0,0,2,0,0,0,0,0,0,4.436747890821421,0,0,0,0,0,0,0,1.0,0.663886859370213,0.462047735752087,0.3332557678222656,1.0,3743.2065048217773,0.054874420166015625,0.49591064453125,0.09765625,33.0,410.0,410.0
Q01740__clean,Q01740,1,,kwansasia.com,data/qr_images/Q01740.png,none,none,5,1,https://kwansasia.com/.%20/styles-link-done/d5628b6c37513bc0c2e0d0fd349b954e.txt,opencv,exact,80,13,59,0,3,0,2,22,0.275,3,0,0,0,0,1,3,0,1,0,0,0,0,4.870513920656678,0,0,0,0,0,0,0,1.0,0.6385003332998238,0.4693387585153141,0.3586616516113281,1.0,4185.699607849121,0.060497283935546875,0.457763671875,0.08984375,37.0,450.0,450.0
Q01741__clean,Q01741,1,,iwebsite.com.au,data/qr_images/Q01741.png,none,none,4,1,http://wine.iwebsite.com.au/offic/checking/provide/index.php,opencv,exact,60,20,33,0,4,1,0,0,0.0,0,0,0,0,0,0,4,0,0,0,0,0,0,4.245380854413335,0,0,0,0,0,0,0,1.0,0.6603196835985371,0.46394326572892597,0.3368568420410156,1.0,3675.4089736938477,0.053009033203125,0.57220458984375,0.09765625,33.0,410.0,410.0
Q01742__clean,Q01742,1,,kelltontech.net,data/qr_images/Q01742.png,none,none,5,1,http://test.kelltontech.net/irsuser/irs-login/eauth/pub/login.html,opencv,exact,66,20,39,0,3,1,1,0,0.0,1,0,0,0,0,0,5,0,0,0,0,0,0,4.069852074588732,1,1,0,0,0,0,0,1.0,0.6523249757056143,0.4652751601271022,0.34420013427734375,1.0,4043.8688049316406,0.058902740478515625,0.64849853515625,0.08984375,37.0,450.0,450.0
Q01743__clean,Q01743,1,,anlanjiehostel.com,data/qr_images/Q01743.png,none,none,7,1,https://www.anlanjiehostel.com/wp-includes/customize/--/Itoken-30Horas/home.html#142104.shtml-%20RC8Dr0yeK6yu@,opencv,exact,110,22,50,0,4,1,5,13,0.11818181818181818,8,1,0,0,0,1,5,0,1,0,0,0,0,4.968340483722253,0,0,0,0,0,0,0,1.0,0.6368828567804075,0.46751741902159305,0.3611640930175781,1.0,4887.031097412109,0.0715179443359375,1.10626220703125,0.076171875,45.0,530.0,530.0
Q01744__clean,Q01744,1,,ghadirigraphic.ir,data/qr_images/Q01744.png,none,none,4,1,https://ghadirigraphic.ir/grainer/index.php,opencv,exact,43,17,18,0,2,0,0,0,0.0,0,0,0,0,0,0,2,0,1,0,0,0,0,3.7837254411418493,0,0,0,0,0,0,0,1.0,0.6710278080958946,0.4598947706358852,0.3253898620605469,1.0,3632.7762603759766,0.053157806396484375,0.57220458984375,0.09765625,33.0,410.0,410.0
Q01745__clean,Q01745,1,,madsuka.com,data/qr_images/Q01745.png,none,none,4,1,http://chat.whatsapp.com.madsuka.com/invite,opencv,exact,43,29,7,0,4,3,0,0,0.0,0,0,0,0,0,0,1,0,0,0,0,0,0,4.0078061858720755,0,0,0,0,0,0,0,1.0,0.6638871436025582,0.46292613077439426,0.3329315185546875,1.0,3591.7355346679688,0.0517425537109375,0.6103515625,0.09765625,33.0,410.0,410.0
Q01746__clean,Q01746,0,,mexatk.com,data/qr_images/Q01746.png,none,none,2,1,https://www.mexatk.com/,opencv,exact,23,14,1,0,2,1,0,0,0.0,0,0,0,0,0,0,0,0,1,0,0,0,0,3.729446194905257,0,0,0,0,0,0,0,1.0,0.687773296879787,0.4563099064413605,0.31652069091796875,1.0,2537.4865188598633,0.038059234619140625,0.3814697265625,0.12109375,25.0,330.0,330.0
Q01747__clean,Q01747,1,,clearpointsupplies.com,data/qr_images/Q01747.png,none,none,7,1,http://mv.efetr65.scxw34.wdw2xz.wr35gr.5657tht.vdv.dwr3.clearpointsupplies.com/efetr65.scxw34.wdw2xz.wr3/edited/,opencv,exact,112,71,34,0,12,8,0,18,0.16071428571428573,0,0,0,0,0,0,2,0,0,0,0,0,0,4.559107436252553,0,0,0,0,0,0,0,1.0,0.6333273644540824,0.4678796388048779,0.36511993408203125,1.0,5242.904968261719,0.075408935546875,1.10626220703125,0.076171875,45.0,530.0,530.0
Q01748__clean,Q01748,1,,myshn.net,data/qr_images/Q01748.png,none,none,9,1,"https://login.live.com.office.flagstarbancorp.myshn.net/gls.srf?urlID=MSNPrivacyStatement&mkt=EN-US&vv=1600&uaid=0bba6edf82de4d0488fd3d7255e54bf6',Ay:'',C9",opencv,exact,155,47,8,91,7,5,1,22,0.14193548387096774,14,0,1,4,3,0,1,4,1,0,0,0,0,5.353148239071945,1,1,0,0,0,0,0,1.0,0.6097730748793658,0.4714981913984969,0.3885154724121094,1.0,6590.824234008789,0.09035491943359375,0.9918212890625,0.06640625,53.0,610.0,610.0
Q01749__clean,Q01749,1,,leadpanther.com,data/qr_images/Q01749.png,none,none,4,1,http://facebook-checkpoint-restore.leadpanther.com/,opencv,exact,51,43,1,0,2,1,2,0,0.0,2,0,0,0,0,0,0,0,0,0,0,0,0,4.133141156402518,0,0,0,0,0,0,0,1.0,0.6757868748085172,0.45868190087917776,0.32157135009765625,1.0,3451.119300842285,0.05043792724609375,0.6866455078125,0.09765625,33.0,410.0,410.0
Q01750__clean,Q01750,1,,ambrosecourt.com,data/qr_images/Q01750.png,none,none,4,1,http://ambrosecourt.com/Our/Ourtime/ourtime.html,opencv,exact,48,16,25,0,2,0,0,0,0.0,0,0,0,0,0,0,3,0,0,0,0,0,0,3.895512835516972,0,0,0,0,0,0,0,1.0,0.6692426943311505,0.4606111284714012,0.3277320861816406,1.0,3567.563804626465,0.052459716796875,0.57220458984375,0.09765625,33.0,410.0,410.0
Q01751__clean,Q01751,1,,perfectliker.net,data/qr_images/Q01751.png,none,none,3,1,https://www.perfectliker.net,opencv,exact,28,20,0,0,2,1,0,0,0.0,0,0,0,0,0,0,0,0,1,0,0,0,0,3.780394654123195,0,0,0,0,0,0,0,1.0,0.6815159517176012,0.4577451657224736,0.3205108642578125,1.0,3066.742477416992,0.044330596923828125,0.49591064453125,0.107421875,29.0,370.0,370.0
Q01752__clean,Q01752,1,,wellbeingresort-ci.com,data/qr_images/Q01752.png,none,none,6,1,http://wellbeingresort-ci.com/images/webmail/webmail/webmail.php?email=%7B%7Bemail%7D%7D,opencv,exact,88,22,35,23,2,0,1,4,0.045454545454545456,7,0,1,1,0,4,4,1,0,0,0,0,0,4.38714049437857,0,0,0,0,0,0,0,1.0,0.6559612648159849,0.46279560758907495,0.3448066711425781,1.0,4765.509475708008,0.06715011596679688,0.72479248046875,0.08203125,41.0,490.0,490.0
Q01753__clean,Q01753,1,,caraola.es,data/qr_images/Q01753.png,none,none,7,1,https://www.caraola.es/cmd-login=61cf5eb82326358e590acc8503fc7194?reff=ZmEzOGJhM2U3YjJkNzNlYzI4MWExMmZmNDllNDMwNDI=,opencv,exact,115,14,43,49,2,1,1,25,0.21739130434782608,5,0,1,3,0,0,1,1,1,0,0,0,0,5.425851955586278,1,1,0,0,0,0,0,1.0,0.6269195107852712,0.4693403384590606,0.37091064453125,1.0,5324.734436035156,0.07671356201171875,0.80108642578125,0.076171875,45.0,530.0,530.0
Q01754__clean,Q01754,1,,mocabonitabresil.com,data/qr_images/Q01754.png,none,none,4,1,http://mocabonitabresil.com/modules/We-Transfer/2020,opencv,exact,52,20,25,0,1,0,1,4,0.07692307692307693,1,0,0,0,0,0,3,0,0,0,0,0,0,4.443053603040049,0,0,0,0,0,0,0,1.0,0.6638878317440258,0.46248129242006525,0.33339691162109375,1.0,3637.121482849121,0.053070068359375,0.41961669921875,0.09765625,33.0,410.0,410.0
Q01755__clean,Q01755,0,,coolest-birthday-cakes.com,data/qr_images/Q01755.png,none,none,5,1,http://www.coolest-birthday-cakes.com/category/character/animated/mickey-mouse/,opencv,exact,79,30,42,0,2,1,3,0,0.0,3,0,0,0,0,0,4,0,0,0,0,0,0,4.27344672590579,0,0,0,0,0,0,0,1.0,0.6572637819776348,0.4638189495109202,0.34027099609375,1.0,3994.0948791503906,0.058109283447265625,0.6866455078125,0.08984375,37.0,450.0,450.0
Q01756__clean,Q01756,1,,com-sa.pm,data/qr_images/Q01756.png,none,none,3,1,https://appleid.apple.com-sa.pm/appleid/?,opencv,exact,41,23,9,0,3,2,1,0,0.0,2,0,1,0,0,0,1,0,1,0,0,0,0,3.790121211776855,0,0,0,0,0,0,0,1.0,0.6829767563763787,0.45719297478726373,0.31839752197265625,1.0,3003.128578186035,0.043804168701171875,0.5340576171875,0.107421875,29.0,370.0,370.0
Q01757__clean,Q01757,1,,myshn.net,data/qr_images/Q01757.png,none,none,15,1,"http://login.live.com.skyhigh9157.ms-office-365-email.skyhigh9157.myshn.net/login.srf?wa=wsignin1.0&amp;rpsnv=13&amp;ct=1586935850&amp;rver=7.0.6737.0&amp;wp=mbi_ssl&amp;wreply=outlook.live.com.skyhigh9157.ms-office-365-email.skyhigh9157.myshn.net/owa/?rpscsrfstate=91e18ed0-9dcb-e8da-73b9-1e30f2e2a836&amp;id=292841&amp;aadredir=1&amp;cbcxt=out&amp;lw=1&amp;fl=dob,flname,wld&amp;cobrandid=90015",opencv,exact,396,68,10,310,19,6,10,74,0.18686868686868688,50,0,2,13,11,0,1,12,0,0,0,0,0,5.147345484013081,2,1,0,0,0,0,0,1.0,0.5817302180271523,0.4672500398357442,0.4185371398925781,1.0,9467.532608032227,0.13457870483398438,1.64031982421875,0.046875,77.0,850.0,850.0
Q01758__clean,Q01758,1,,wz.cz,data/qr_images/Q01758.png,none,none,4,1,http://gryffilm.wz.cz/8CBF35A7E54771A2B27F0FB9615C2235/,opencv,exact,55,14,34,0,2,1,0,21,0.38181818181818183,0,0,0,0,0,0,1,0,0,0,0,0,0,4.735727440718715,0,0,0,0,0,0,0,1.0,0.6674556208591835,0.461305781569791,0.33011627197265625,1.0,3618.3112716674805,0.05268096923828125,0.6103515625,0.09765625,33.0,410.0,410.0
Q01759__clean,Q01759,1,,vtchekhov.com,data/qr_images/Q01759.png,none,none,3,1,http://vtchekhov.com/sa/?sec=AnnaLisa,opencv,exact,37,13,4,12,1,0,0,0,0.0,2,0,1,1,0,0,1,1,0,0,0,0,0,4.134468568039293,0,0,0,0,0,0,0,1.0,0.6844372917624081,0.4562404728018156,0.3173561096191406,1.0,3177.156204223633,0.045886993408203125,0.49591064453125,0.107421875,29.0,370.0,370.0
Q01760__clean,Q01760,0,,eggdonationfriends.com,data/qr_images/Q01760.png,none,none,3,1,https://www.eggdonationfriends.com/,opencv,exact,35,26,1,0,2,1,0,0,0.0,0,0,0,0,0,0,0,0,1,0,0,0,0,4.107156230921613,0,0,0,0,0,0,0,1.0,0.6932065327962239,0.45286648842197175,0.30816650390625,1.0,3010.8190307617188,0.04412841796875,0.6866455078125,0.107421875,29.0,370.0,370.0
Q01761__clean,Q01761,0,,powershow.com,data/qr_images/Q01761.png,none,none,6,1,http://www.powershow.com/view/127a46-MjA3Y/Mechanisms_in_virus_latency_powerpoint_ppt_presentation,opencv_aruco,exact,98,17,74,0,2,1,1,6,0.061224489795918366,7,0,0,0,0,0,3,0,0,0,0,0,0,4.600688478930298,0,0,0,0,0,0,0,1.0,0.647629218008004,0.46548238096266176,0.3524017333984375,1.0,4879.35954284668,0.06805038452148438,0.64849853515625,0.08203125,41.0,490.0,490.0
Q01762__clean,Q01762,1,,karim-gawad.com,data/qr_images/Q01762.png,none,none,5,1,https://karim-gawad.com/wp-admin/css/colors/coffee/db/emiratee.htm,opencv,exact,66,15,43,0,2,0,2,0,0.0,2,0,0,0,0,0,6,0,1,0,0,0,0,4.270248908300865,0,0,0,0,0,0,0,1.0,0.6473905974743412,0.4664119054413227,0.349395751953125,1.0,4107.214981079102,0.06069183349609375,0.49591064453125,0.08984375,37.0,450.0,450.0
Q01763__clean,Q01763,1,,tmweb.ru,data/qr_images/Q01763.png,none,none,5,1,http://cr43245.tmweb.ru/system/logs/Validation/mail.htm?cmd=LOB=RBGLog,opencv,exact,70,16,32,14,3,1,0,5,0.07142857142857142,3,0,1,2,0,0,4,1,0,0,0,0,0,4.82701850985823,0,0,0,0,0,0,0,1.0,0.6493626014859069,0.46637383676206706,0.34792327880859375,1.0,4054.8700103759766,0.0586395263671875,0.49591064453125,0.08984375,37.0,450.0,450.0
Q01764__clean,Q01764,0,,hersenstichting.nl,data/qr_images/Q01764.png,none,none,3,1,https://www.hersenstichting.nl/,opencv,exact,31,22,1,0,2,1,0,0,0.0,0,0,0,0,0,0,0,0,1,0,0,0,0,3.7356660681024443,0,0,0,0,0,0,0,1.0,0.6946661855660233,0.4518888325281414,0.3073310852050781,1.0,3099.9179763793945,0.04563140869140625,0.57220458984375,0.107421875,29.0,370.0,370.0
Q01765__clean,Q01765,1,,dline.info,data/qr_images/Q01765.png,none,none,4,1,http://dline.info/new/themes/sevn/home/amazon,opencv,exact,45,10,28,0,1,0,0,0,0.0,0,0,0,0,0,0,5,0,0,0,0,0,0,3.896509764289212,0,0,0,0,0,0,0,1.0,0.6585319967830883,0.4644374029403837,0.3388938903808594,1.0,3673.4868698120117,0.053104400634765625,0.49591064453125,0.09765625,33.0,410.0,410.0
Q01766__clean,Q01766,1,,csb.app,data/qr_images/Q01766.png,none,none,2,1,https://byygw.csb.app/,opencv,exact,22,13,1,0,2,1,0,0,0.0,0,0,0,0,0,0,0,0,1,0,0,0,0,3.5726236638951634,0,0,0,0,0,0,0,1.0,0.7125686196719899,0.44578663481274095,0.29095458984375,1.0,2431.165069580078,0.035915374755859375,0.57220458984375,0.12109375,25.0,330.0,330.0
Q01767__clean,Q01767,0,,techsupportalert.com,data/qr_images/Q01767.png,none,none,5,1,http://www.techsupportalert.com/content/best-free-file-manager-android.htm,opencv,exact,74,24,43,0,3,1,4,0,0.0,4,0,0,0,0,0,2,0,0,0,0,0,0,4.281503494001945,0,0,0,0,0,0,0,1.0,0.6572629143210018,0.4632400112801624,0.33905029296875,1.0,4315.812026977539,0.06162261962890625,0.5340576171875,0.08984375,37.0,450.0,450.0
Q01768__clean,Q01768,0,,torancenter.org,data/qr_images/Q01768.png,none,none,3,1,http://www.torancenter.org/,opencv,exact,27,19,1,0,2,1,0,0,0.0,0,0,0,0,0,0,0,0,0,0,0,0,0,3.6339740759971577,0,0,0,0,0,0,0,1.0,0.6917444565716911,0.45350749539372776,0.30991363525390625,1.0,3017.598602294922,0.044158935546875,0.6103515625,0.107421875,29.0,370.0,370.0
Q01769__clean,Q01769,0,,laptopmag.com,data/qr_images/Q01769.png,none,none,5,1,http://www.laptopmag.com/articles/dropbox-chromebook-file-manager,opencv,exact,65,17,41,0,2,1,3,0,0.0,3,0,0,0,0,0,2,0,0,0,0,0,0,4.356511275528548,0,0,0,0,0,0,0,1.0,0.6572669683718214,0.4634859910949304,0.33983612060546875,1.0,4093.3479766845703,0.05960845947265625,0.80108642578125,0.08984375,37.0,450.0,450.0
Q01770__clean,Q01770,1,,eiepl.com,data/qr_images/Q01770.png,none,none,4,1,http://www.eiepl.com/images/zzz/Crypt/index.php,opencv,exact,47,13,27,0,3,1,0,0,0.0,0,0,0,0,0,0,4,0,0,0,0,0,0,4.216421766792933,0,0,0,0,0,0,0,1.0,0.6745952830595129,0.458725782674551,0.32172393798828125,1.0,3661.906913757324,0.052898406982421875,0.6866455078125,0.09765625,33.0,410.0,410.0
Q01771__clean,Q01771,1,,ocry.com,data/qr_images/Q01771.png,none,none,3,1,http://verifikasi-facebook.ocry.com/,opencv,exact,36,28,1,0,2,1,1,0,0.0,1,0,0,0,0,0,0,0,0,0,0,0,0,4.162573265150912,0,0,0,0,0,0,0,1.0,0.6917424819048713,0.45357592597705076,0.3101997375488281,1.0,3028.792221069336,0.044010162353515625,0.5340576171875,0.107421875,29.0,370.0,370.0
Q01772__clean,Q01772,1,,getactive365.com,data/qr_images/Q01772.png,none,none,4,1,http://getactive365.com/wp-includes/css/upgrade/web-upgrade/,opencv,exact,60,16,37,0,1,0,2,3,0.05,2,0,0,0,0,0,4,0,0,0,0,0,0,4.39129564611606,0,0,0,0,0,0,0,1.0,0.6555586571786918,0.4652109591586307,0.3423957824707031,1.0,3658.119888305664,0.053668975830078125,0.3814697265625,0.09765625,33.0,410.0,410.0
Q01773__clean,Q01773,1,,unitus.mk.ua,data/qr_images/Q01773.png,none,none,7,1,http://unitus.mk.ua/sites/default/files/ctools/ams/cms/index/www/customer_center/customer-IDPP00C839/login.php,opencv,exact,110,12,91,0,3,0,1,5,0.045454545454545456,2,0,0,0,0,0,11,0,0,0,0,0,0,4.591476615572955,1,1,0,0,0,0,0,1.0,0.6276313781738281,0.47006249800434813,0.3706245422363281,1.0,5034.979560852051,0.072540283203125,0.9918212890625,0.076171875,45.0,530.0,530.0
Q01774__clean,Q01774,1,,cfccorp.net,data/qr_images/Q01774.png,none,none,9,1,http://cfccorp.net/afffffo/login.php?l=_JeHFUq_VJOXK0QWHtoGYDw1774256418&fid.13InboxLight.aspxn.1774256418&fid.125289964252813InboxLight99642_Product-email&email=,opencv,exact,162,11,18,125,6,0,1,43,0.2654320987654321,10,0,1,2,3,0,2,4,0,0,0,0,0,5.449290183499674,1,1,0,0,0,0,0,1.0,0.6215971554026885,0.4684209888559208,0.37656402587890625,1.0,6475.510269165039,0.0901031494140625,1.02996826171875,0.06640625,53.0,610.0,610.0
Q01775__clean,Q01775,1,,dropbox.com,data/qr_images/Q01775.png,none,none,4,1,https://www.dropbox.com/l/AADF6y5O_I_uxzPM7EarhSzPUoBxa9VQXQ0,opencv,exact,61,15,38,0,2,1,0,5,0.08196721311475409,2,0,0,0,0,0,2,0,1,0,0,0,0,5.151888567000148,0,0,0,0,0,0,0,1.0,0.6626975564395681,0.46318917545064275,0.33406829833984375,1.0,3507.0539321899414,0.051677703857421875,0.457763671875,0.09765625,33.0,410.0,410.0
Q01776__clean,Q01776,1,,flashstart.com.ar,data/qr_images/Q01776.png,none,none,6,1,https://mail.flashstart.com.ar/wp-includes/js/jquery/ui/x1x/v4/97c64c9506a4585/login.php,opencv_aruco,exact,88,22,58,0,4,1,1,14,0.1590909090909091,1,0,0,0,0,0,8,0,1,0,0,0,0,4.820647534449064,1,1,0,0,0,0,0,1.0,0.6467974344889323,0.465800823117037,0.3540840148925781,1.0,4792.84627532959,0.06714630126953125,0.6866455078125,0.08203125,41.0,490.0,490.0
Q01777__clean,Q01777,1,,getwetusa.com,data/qr_images/Q01777.png,none,none,4,1,http://transcript.login.2016.getwetusa.com/,opencv_aruco,exact,43,35,1,0,4,3,0,4,0.09302325581395349,0,0,0,0,0,0,0,0,0,0,0,0,0,4.303830742923251,1,1,0,0,0,0,0,1.0,0.6448511759440104,0.4687585331235094,0.35207366943359375,1.0,3661.58748626709,0.053249359130859375,0.34332275390625,0.09765625,33.0,410.0,410.0
Q01778__clean,Q01778,1,,lightlink.com.cn,data/qr_images/Q01778.png,none,none,4,1,http://www.lightlink.com.cn/sites/default/files/2017-09/fm09,opencv,exact,60,20,33,0,3,1,1,8,0.13333333333333333,1,0,0,0,0,0,5,0,0,0,0,0,0,4.477049763244838,0,0,0,0,0,0,0,1.0,0.6662673800599341,0.4614977671327465,0.331451416015625,1.0,3658.036911010742,0.053730010986328125,0.6103515625,0.09765625,33.0,410.0,410.0
Q01779__clean,Q01779,1,,win-install.info,data/qr_images/Q01779.png,none,none,3,1,http://jp.win-install.info/microsoft-excel,opencv,exact,42,19,16,0,2,1,2,0,0.0,2,0,0,0,0,0,1,0,0,0,0,0,0,4.225185279715572,0,0,0,0,0,0,0,1.0,0.6873625063428692,0.4551453859962815,0.31417083740234375,1.0,3077.8872833251953,0.04506683349609375,0.49591064453125,0.107421875,29.0,370.0,370.0
Q01780__clean,Q01780,1,,paper-architecture.com,data/qr_images/Q01780.png,none,none,6,1,http://paper-architecture.com/a/sigin.php?country.x=us&amp;locale.x=&amp;secureid=ndg3mdc3mjm0njqx,opencv,exact,98,22,12,56,4,0,1,3,0.030612244897959183,9,0,1,3,2,0,2,3,0,0,0,0,0,4.680210865710701,1,0,0,0,1,0,0,1.0,0.6347201927035463,0.4693093638607441,0.3646736145019531,1.0,4847.125503540039,0.067901611328125,0.64849853515625,0.08203125,41.0,490.0,490.0
Q01781__clean,Q01781,1,,alquileres.com.py,data/qr_images/Q01781.png,none,none,4,1,https://www.alquileres.com.py/completed/Dropbox/wp-incllude/,opencv,exact,60,21,31,0,3,1,1,0,0.0,1,0,0,0,0,0,3,0,1,0,0,0,0,4.363501280039722,0,0,0,0,0,0,0,1.0,0.6466366487390854,0.4684552616037044,0.3513374328613281,1.0,3510.7528228759766,0.05167388916015625,0.41961669921875,0.09765625,33.0,410.0,410.0
Q01782__clean,Q01782,1,,4able.com.br,data/qr_images/Q01782.png,none,none,11,1,https://4able.com.br/wp-admin/user/onedrive/login.php?cmd=login_submit&amp;id=8e7544a468f9e2da7162e26a9d68dc888e7544a468f9e2da7162e26a9d68dc88&amp;session=8e7544a468f9e2da7162e26a9d68dc888e7544a468f9e2da7162e26a9d68dc88,opencv,exact,219,12,33,165,3,0,1,85,0.3881278538812785,10,0,1,3,2,0,4,3,1,0,0,0,0,4.715427872471568,1,1,0,0,0,0,0,1.0,0.5984056659773285,0.4709462823885435,0.40111541748046875,1.0,8000.169128417969,0.10698699951171875,1.1444091796875,0.05859375,61.0,690.0,690.0
Q01783__clean,Q01783,1,,moonfruit.com,data/qr_images/Q01783.png,none,none,3,1,http://exr-pro33.moonfruit.com/,opencv,exact,31,23,1,0,2,1,1,2,0.06451612903225806,1,0,0,0,0,0,0,0,0,0,0,0,0,3.9779168746936358,0,0,0,0,0,0,0,1.0,0.6873576893525966,0.45508806919858796,0.3143424987792969,1.0,3179.849922180176,0.045688629150390625,0.3814697265625,0.107421875,29.0,370.0,370.0
Q01784__clean,Q01784,1,,anpectiza.tk,data/qr_images/Q01784.png,none,none,14,1,http://www.amazon.de.openid315561.anpectiza.tk/148386/german/daten/p6KCNmY8o3cU4tDBMLfhIWzlnZRGsPvwQ/kundendienst5543/vNRyuc8MhjH0gO3VTAPYS5I1FWrapZe4K/logmein.php?assoc_handle=GwMdsW6xqat3ITLZB0iQEVgK1kYUSP&amp;openid_claim=DcwKM8J0RBWZOP3j9Xea&amp;identifier_select=XA41OtpwkZ2MbJ5ujG7h&amp;pape_max=9dl5Kuxa2tPfzFLIO03yqhpsXMbrji,opencv,exact,332,39,117,168,6,4,0,44,0.13253012048192772,15,0,1,4,3,0,7,4,0,0,0,0,0,5.77260209076515,0,0,0,0,0,0,0,1.0,0.5762785668466606,0.47130778517897276,0.42597198486328125,1.0,9127.546005249023,0.12312698364257812,1.48773193359375,0.048828125,73.0,810.0,810.0
Q01785__clean,Q01785,0,,ksatelier.sk,data/qr_images/Q01785.png,none,none,2,1,http://ksatelier.sk,opencv,exact,19,12,0,0,1,0,0,0,0.0,0,0,0,0,0,0,0,0,0,0,0,0,0,3.5766176449086653,0,0,0,0,0,0,0,1.0,0.6932851604386872,0.4539067855650522,0.3108024597167969,1.0,2619.1253356933594,0.038669586181640625,0.34332275390625,0.12109375,25.0,330.0,330.0
Q01786__clean,Q01786,0,,choose-piano-lessons.com,data/qr_images/Q01786.png,none,none,4,1,http://www.choose-piano-lessons.com/piano-keys.html,opencv,exact,51,28,16,0,3,1,3,0,0.0,3,0,0,0,0,0,1,0,0,0,0,0,0,4.105495871417869,0,0,0,0,0,0,0,1.0,0.6650775984221814,0.46221164831323336,0.33155059814453125,1.0,3598.514602661133,0.0525665283203125,0.57220458984375,0.09765625,33.0,410.0,410.0
Q01787__clean,Q01787,1,,builderallwp.com,data/qr_images/Q01787.png,none,none,5,1,https://dzzas.builderallwp.com/process/customer_center/Secure731/myaccount/signin/,opencv,exact,82,22,52,0,2,1,0,3,0.036585365853658534,1,0,0,0,0,0,5,0,1,0,0,0,0,4.457473195193398,3,0,0,1,1,0,0,1.0,0.6424519856770833,0.46830182210581744,0.35524749755859375,1.0,4066.232093811035,0.059291839599609375,0.41961669921875,0.08984375,37.0,450.0,450.0
Q01788__clean,Q01788,1,,netlify.app,data/qr_images/Q01788.png,none,none,3,1,http://hopeful-wescoff-551e53.netlify.app/,opencv,exact,42,34,1,0,2,1,2,5,0.11904761904761904,2,0,0,0,0,0,0,0,0,0,0,0,0,4.243158791671846,0,0,0,0,0,0,0,1.0,0.6866327173569623,0.4554987338747656,0.31507110595703125,1.0,3288.6332626342773,0.0462799072265625,0.6866455078125,0.107421875,29.0,370.0,370.0
Q01789__clean,Q01789,0,,wonderhowto.com,data/qr_images/Q01789.png,none,none,7,1,https://null-byte.wonderhowto.com/how-to/hack-like-pro-spoof-dns-lan-redirect-traffic-your-fake-website-0151620/,opencv,exact,112,25,79,0,2,1,13,7,0.0625,13,0,0,0,0,0,2,0,1,0,0,0,0,4.533166750004372,0,0,0,0,0,0,0,1.0,0.6283443974513634,0.46972851966606993,0.3699951171875,1.0,5004.35595703125,0.07283782958984375,0.762939453125,0.076171875,45.0,530.0,530.0
Q01790__clean,Q01790,0,,swhowto.com,data/qr_images/Q01790.png,none,none,3,1,http://www.swhowto.com/CoaxStrip.htm,opencv,exact,36,15,14,0,3,1,0,0,0.0,0,0,0,0,0,0,1,0,0,0,0,0,0,3.7953710165710883,0,0,0,0,0,0,0,1.0,0.654490437227137,0.4674336401208075,0.3474159240722656,1.0,3136.885581970215,0.045131683349609375,0.457763671875,0.107421875,29.0,370.0,370.0
Q01791__clean,Q01791,0,,tsv-birkenau.de,data/qr_images/Q01791.png,none,none,3,1,http://www.tsv-birkenau.de/,opencv,exact,27,19,1,0,2,1,1,0,0.0,1,0,0,0,0,0,0,0,0,0,0,0,0,4.078418520441604,0,0,0,0,0,0,0,1.0,0.6859017016840916,0.4558243597967741,0.3160133361816406,1.0,3110.9670028686523,0.0449981689453125,0.457763671875,0.107421875,29.0,370.0,370.0
Q01792__clean,Q01792,1,,ocry.com,data/qr_images/Q01792.png,none,none,3,1,http://chat.whatsapp.grup.hd.ocry.com/,opencv,exact,38,30,1,0,5,4,0,0,0.0,0,0,0,0,0,0,0,0,0,0,0,0,0,3.8301826981560265,0,0,0,0,0,0,0,1.0,0.6844372468836167,0.45640662811463223,0.3174781799316406,1.0,3187.5400314331055,0.04569244384765625,0.5340576171875,0.107421875,29.0,370.0,370.0
Q01793__clean,Q01793,1,,lakatosfoundation.com,data/qr_images/Q01793.png,none,none,4,1,https://lakatosfoundation.com/paypal/app/process,opencv,exact,48,21,19,0,1,0,0,0,0.0,0,0,0,0,0,0,3,0,1,0,0,0,0,3.996653522439333,0,0,0,0,0,0,0,1.0,0.6918492485495175,0.4516746550173123,0.3053321838378906,1.0,3531.711959838867,0.052272796630859375,0.72479248046875,0.09765625,33.0,410.0,410.0
Q01794__clean,Q01794,1,,185.17.106.194,data/qr_images/Q01794.png,none,none,4,1,http://185.17.106.194/wp-includes/dropbox/dropbox/,opencv,exact,50,14,29,0,3,0,1,11,0.22,1,0,0,0,0,0,3,0,0,1,0,0,0,4.503465189601645,0,0,0,0,0,0,0,1.0,0.6650775984221814,0.4618974148829426,0.33220672607421875,1.0,3690.324333190918,0.053844451904296875,0.49591064453125,0.09765625,33.0,410.0,410.0
Q01795__clean,Q01795,1,,ispot.cc,data/qr_images/Q01795.png,none,none,4,1,https://wh494528.ispot.cc/updateaddress.php,opencv,exact,43,17,18,0,3,1,0,6,0.13953488372093023,0,0,0,0,0,0,1,0,1,0,0,0,0,4.1558184643976634,1,0,0,0,0,1,0,1.0,0.6995805029775582,0.44825097418018506,0.2982177734375,1.0,3540.4990768432617,0.052398681640625,0.6103515625,0.09765625,33.0,410.0,410.0
Q01796__clean,Q01796,0,,emedtv.com,data/qr_images/Q01796.png,none,none,5,1,http://herpes.emedtv.com/genital-herpes/incubation-period-for-genital-herpes.html,opencv,exact,81,17,57,0,3,1,5,0,0.0,5,0,0,0,0,0,2,0,0,0,0,0,0,4.246913309768391,0,0,0,0,0,0,0,1.0,0.6498563429888558,0.4660290544259603,0.346435546875,1.0,4014.075485229492,0.058948516845703125,0.6103515625,0.08984375,37.0,450.0,450.0
Q01797__clean,Q01797,1,,acklaimltd.com,data/qr_images/Q01797.png,none,none,4,1,http://acklaimltd.com/index/ndcu/home/login.html?,opencv,exact,49,14,27,0,2,0,0,0,0.0,1,0,1,0,0,0,4,0,0,0,0,0,0,4.103707802945662,1,1,0,0,0,0,0,1.0,0.6603167515175016,0.4638501375237911,0.3371772766113281,1.0,3572.5435485839844,0.05242919921875,0.6103515625,0.09765625,33.0,410.0,410.0
Q01798__clean,Q01798,0,,e-handball.gr,data/qr_images/Q01798.png,none,none,2,1,http://e-handball.gr,opencv,exact,20,13,0,0,1,0,1,0,0.0,1,0,0,0,0,0,0,0,0,0,0,0,0,3.821928094887362,0,0,0,0,0,0,0,1.0,0.7079773697198606,0.4473902034728977,0.29602813720703125,1.0,2566.6613845825195,0.038219451904296875,0.49591064453125,0.12109375,25.0,330.0,330.0
Q01799__clean,Q01799,1,,geekyjuice.com,data/qr_images/Q01799.png,none,none,4,1,http://geekyjuice.com/homewarranty/offi/office,opencv,exact,46,14,25,0,1,0,0,0,0.0,0,0,0,0,0,0,3,0,0,0,0,0,0,4.143476228766491,0,0,0,0,0,0,0,1.0,0.6716193554448147,0.45972824067992507,0.3260078430175781,1.0,3618.4613876342773,0.052791595458984375,0.34332275390625,0.09765625,33.0,410.0,410.0
Q01800__clean,Q01800,1,,1drv.ms,data/qr_images/Q01800.png,none,none,4,1,https://1drv.ms/w/s!Alf6qyCy8sd-aGBKZ_DrxgH_QIs,opencv,exact,47,7,32,0,1,0,1,3,0.06382978723404255,4,0,0,0,0,0,2,0,1,0,0,0,0,4.924596501157707,0,0,0,0,0,0,0,1.0,0.6757850347780714,0.4582994536144097,0.32050323486328125,1.0,3581.579460144043,0.052196502685546875,0.57220458984375,0.09765625,33.0,410.0,410.0
Q01801__clean,Q01801,0,,microsoftonline.com,data/qr_images/Q01801.png,none,none,18,1,https://login.microsoftonline.com/aa687de1-52b4-4b91-9b35-794eba4fd892/oauth2/authorize?client_id=00000003-0000-0ff1-ce00-000000000000&response_mode=form_post&response_type=code%20id_token&resource=00000003-0000-0ff1-ce00-000000000000&scope=openid&nonce=F8E39448E7F455909658C6541B1D4188B5AF5FF41A82B0C7-76F2FDDAB526860B987CC05525FB5D9EF62A21217264DAAAEC8765DBF0C7B204&redirect_uri=https:%2F%2Fossm-my.sharepoint.com%2F_forms%2Fdefault.aspx&wsucxt=1&cobrandid=11bd8083-87e0-41b5-bb78-0bc43c8a8e8a&client-request-id=be6a829e-c01e-6000-e679-24fcba0302ac,opencv_aruco,exact,550,25,54,462,5,1,24,194,0.3527272727272727,56,0,1,10,9,5,3,10,1,0,0,0,0,5.118681100848588,1,1,0,0,0,0,0,1.0,0.5835905636058134,0.46484699460320267,0.4176483154296875,1.0,11935.336112976074,0.1521759033203125,2.09808349609375,0.041015625,89.0,970.0,970.0
Q01802__clean,Q01802,1,,skyfencenet.com,data/qr_images/Q01802.png,none,none,4,1,https://www-dropbox-com.dropbox.lilyskitchen.skyfencenet.com/,opencv,exact,61,52,1,0,4,3,2,0,0.0,2,0,0,0,0,0,0,0,1,0,0,0,0,4.401487952068716,0,0,0,0,0,0,0,1.0,0.6472296770881204,0.46816591563609455,0.3502082824707031,1.0,3610.741065979004,0.0527496337890625,0.30517578125,0.09765625,33.0,410.0,410.0
Q01803__clean,Q01803,1,,209.140.29.226,data/qr_images/Q01803.png,none,none,8,1,http://209.140.29.226/~paranorm/sites/all/modules/weblinks/translations/ACCOUNTID2B1D11E519226373AC2723EA2BED2F6F/1f0bd7bbbbe3406c3fa5111355e6dfdd/Up-dating.php,opencv,exact,160,14,139,0,4,0,1,47,0.29375,2,0,0,0,0,0,9,0,0,1,0,0,0,5.1551820324455235,1,0,0,1,0,0,0,1.0,0.6220289791331571,0.4688935355629752,0.3774909973144531,1.0,5029.413833618164,0.08016586303710938,0.8392333984375,0.0703125,49.0,570.0,570.0
Q01804__clean,Q01804,0,,publicdomainsherpa.com,data/qr_images/Q01804.png,none,none,5,1,http://www.publicdomainsherpa.com/public-domain-photographs.html,opencv,exact,64,26,31,0,3,1,2,0,0.0,2,0,0,0,0,0,1,0,0,0,0,0,0,4.304632914624721,0,0,0,0,0,0,0,1.0,0.6434380475212546,0.4677938982904053,0.3529815673828125,1.0,4198.5419998168945,0.060756683349609375,0.49591064453125,0.08984375,37.0,450.0,450.0
Q01805__clean,Q01805,1,,tinyurl.com,data/qr_images/Q01805.png,none,none,5,1,https://tinyurl.com/yb77l9l4?Z6Y4UD47FP5Y1XCM6CHO5NYHCNAJK4Y902K05EYQ99E1WXTSFGMATBH,opencv,exact,84,11,9,55,1,0,0,21,0.25,1,0,1,0,0,0,1,1,1,0,0,0,0,5.381676315759939,0,0,0,0,0,0,0,1.0,0.6523276684330959,0.4651848675239222,0.3440742492675781,1.0,4138.43229675293,0.05977630615234375,0.49591064453125,0.08984375,37.0,450.0,450.0
Q01806__clean,Q01806,0,,bgr.com,data/qr_images/Q01806.png,none,none,5,1,http://bgr.com/2017/02/22/nintendo-switch-gamestop-midnight-launch/,opencv,exact,67,7,53,0,1,0,4,8,0.11940298507462686,4,0,0,0,0,0,4,0,0,0,0,0,0,4.427425758490297,0,0,0,0,0,0,0,1.0,0.6434354295917586,0.4679252302725222,0.3530120849609375,1.0,4021.182304382324,0.05925750732421875,0.6103515625,0.08984375,37.0,450.0,450.0
Q01807__clean,Q01807,1,,refresh-money.co.uk,data/qr_images/Q01807.png,none,none,6,1,http://refresh-money.co.uk/wp-includes/pomo/samdavisconstruction/c0bc7789c641fe722ca1befa6e709ed1/,opencv,exact,98,19,72,0,2,0,2,17,0.17346938775510204,2,0,0,0,0,0,4,0,0,0,0,0,0,4.769709844620569,0,0,0,0,0,0,0,1.0,0.635552604525697,0.46954755653028646,0.3645782470703125,1.0,4557.995193481445,0.0648345947265625,0.64849853515625,0.08203125,41.0,490.0,490.0
Q01808__clean,Q01808,0,,blackswallow.com.au,data/qr_images/Q01808.png,none,none,3,1,https://www.blackswallow.com.au/,opencv,exact,32,23,1,0,3,1,0,0,0.0,0,0,0,0,0,0,0,0,1,0,0,0,0,3.792837797403416,0,0,0,0,0,0,0,1.0,0.694667023303462,0.4520944195881739,0.3068084716796875,1.0,3077.9516830444336,0.044918060302734375,0.49591064453125,0.107421875,29.0,370.0,370.0
Q01809__clean,Q01809,1,,villahidalgoysugente.com,data/qr_images/Q01809.png,none,none,4,1,http://www.villahidalgoysugente.com/education/resFolder/,opencv,exact,56,28,21,0,2,1,0,0,0.0,0,0,0,0,0,0,2,0,0,0,0,0,0,4.338804369244614,0,0,0,0,0,0,0,1.0,0.6698350644579121,0.4600434121350221,0.3272552490234375,1.0,3759.294319152832,0.054737091064453125,0.57220458984375,0.09765625,33.0,410.0,410.0
Q01810__clean,Q01810,0,,consultgeri.org,data/qr_images/Q01810.png,none,none,5,1,https://consultgeri.org/try-this/general-assessment/issue-19.pdf,opencv,exact,64,15,41,0,2,0,3,2,0.03125,3,0,0,0,0,0,3,0,1,0,0,0,0,4.247217726488667,0,0,0,0,0,0,0,1.0,0.6612182467591529,0.4622770392415872,0.3354301452636719,1.0,4123.826194763184,0.059436798095703125,0.8392333984375,0.08984375,37.0,450.0,450.0
Q01811__clean,Q01811,0,,businessdictionary.com,data/qr_images/Q01811.png,none,none,5,1,http://www.businessdictionary.com/definition/transaction-cost.html,opencv_aruco,exact,66,26,33,0,3,1,1,0,0.0,1,0,0,0,0,0,2,0,0,0,0,0,0,4.186133469144905,0,0,0,0,0,0,0,1.0,0.6444240345674402,0.46787373670473303,0.3523979187011719,1.0,4033.9798431396484,0.058658599853515625,0.64849853515625,0.08984375,37.0,450.0,450.0
Q01812__clean,Q01812,1,,mcpre.ru,data/qr_images/Q01812.png,none,none,3,1,http://instagram-online.mcdir.ru.mcpre.ru/,opencv,exact,42,34,1,0,4,3,1,0,0.0,1,0,0,0,0,0,0,0,0,0,0,0,0,4.121267946939376,0,0,0,0,0,0,0,1.0,0.684439401065602,0.45671664562287145,0.31754302978515625,1.0,2987.109817504883,0.04346466064453125,0.57220458984375,0.107421875,29.0,370.0,370.0
Q01813__clean,Q01813,1,,acda.org.br,data/qr_images/Q01813.png,none,none,10,1,https://acda.org.br/56-00.6.40_24-0612-630_.hrendd46.000777-447.1.000_210-533-0245_.7hhr577743.98147644hg-6555.7.8000_5110-7/836gn77391v539-83628.63bnxds538_836stilous3e7_738shnx7-735.n537.php,opencv,exact,192,11,173,0,15,0,10,106,0.5520833333333334,17,0,0,0,0,0,2,0,1,0,0,0,0,4.563780101231268,0,0,0,0,0,0,0,1.0,0.6051929847866881,0.4702701075036674,0.3931770324707031,1.0,7091.287696838379,0.09898757934570312,0.95367431640625,0.060546875,57.0,650.0,650.0
Q01814__clean,Q01814,1,,alphacon.co.id,data/qr_images/Q01814.png,none,none,4,1,http://alphacon.co.id/loggers/kazhank/drpsze/ms.php,opencv,exact,51,14,30,0,3,0,0,0,0.0,0,0,0,0,0,0,4,0,0,0,0,0,0,4.155090479515533,0,0,0,0,0,0,0,1.0,0.6698333889830346,0.46038458480534233,0.326873779296875,1.0,3587.139846801758,0.05271148681640625,0.64849853515625,0.09765625,33.0,410.0,410.0
Q01815__clean,Q01815,0,,all-electronics.de,data/qr_images/Q01815.png,none,none,3,1,https://www.all-electronics.de/,opencv,exact,31,22,1,0,2,1,1,0,0.0,1,0,0,0,0,0,0,0,1,0,0,0,0,3.9937305842314763,0,0,0,0,0,0,0,1.0,0.6822483137542126,0.45725593904459233,0.31932830810546875,1.0,3093.439010620117,0.045101165771484375,0.41961669921875,0.107421875,29.0,370.0,370.0
Q01816__clean,Q01816,1,,a3579.com,data/qr_images/Q01816.png,none,none,4,1,http://showmore.a3579.com/2EFDC56ECF33816478A33B64D7A5B0D7,opencv,exact,58,18,33,0,2,1,0,23,0.39655172413793105,0,0,0,0,0,0,1,0,0,0,0,0,0,4.730669305726637,0,0,0,0,0,0,0,1.0,0.67459529801911,0.45879136159628914,0.322784423828125,1.0,3584.4993209838867,0.05213165283203125,0.5340576171875,0.09765625,33.0,410.0,410.0
Q01817__clean,Q01817,1,,marinasirtis.tv,data/qr_images/Q01817.png,none,none,4,1,http://www.marinasirtis.tv/libraries/mint/1/wex.asp.htm,opencv,exact,55,19,29,0,4,1,0,1,0.01818181818181818,0,0,0,0,0,0,4,0,0,0,0,0,0,3.976192213249308,0,0,0,0,0,0,0,1.0,0.6567495607862286,0.4649516904799301,0.339996337890625,1.0,3661.854949951172,0.053287506103515625,0.41961669921875,0.09765625,33.0,410.0,410.0
Q01818__clean,Q01818,0,,oracle.com,data/qr_images/Q01818.png,none,none,4,1,https://docs.oracle.com/cd/A97630_01/server.920/a96521/dba.htm,opencv,exact,62,15,39,0,4,1,0,15,0.24193548387096775,1,0,0,0,0,0,5,0,1,0,0,0,0,4.527656439840513,0,0,0,0,0,0,0,1.0,0.6567465688668045,0.465095008039057,0.34011077880859375,1.0,3638.9611892700195,0.0527496337890625,0.457763671875,0.09765625,33.0,410.0,410.0
Q01819__clean,Q01819,0,,tu-dortmund.de,data/qr_images/Q01819.png,none,none,7,1,http://www.bordsysteme.tu-dortmund.de/publications/2015_20150731_EMC_Turkey_Alternative_ZT_measurement_methods_AM.pdf,opencv,exact,117,30,80,0,4,2,1,12,0.10256410256410256,9,0,0,0,0,0,2,0,0,0,0,0,0,4.896721781012445,0,0,0,0,0,0,0,1.0,0.6269168928557751,0.4703133932153938,0.3703193664550781,1.0,5066.411163330078,0.07251739501953125,0.91552734375,0.076171875,45.0,530.0,530.0
Q01820__clean,Q01820,0,,careerjet.com,data/qr_images/Q01820.png,none,none,4,1,http://www.careerjet.com/signal-processing-engineer-jobs.html,opencv,exact,61,17,37,0,3,1,3,0,0.0,3,0,0,0,0,0,1,0,0,0,0,0,0,4.263678575731557,0,0,0,0,0,0,0,1.0,0.6710264467725566,0.4598218974656179,0.32570648193359375,1.0,3686.0764770507812,0.053684234619140625,0.6103515625,0.09765625,33.0,410.0,410.0
Q01821__clean,Q01821,0,,cookieandkate.com,data/qr_images/Q01821.png,none,none,4,1,http://cookieandkate.com/2015/thai-red-curry-recipe/,opencv,exact,52,17,28,0,1,0,3,4,0.07692307692307693,3,0,0,0,0,0,2,0,0,0,0,0,0,4.272769892034793,0,0,0,0,0,0,0,1.0,0.6674560397279029,0.4611126954312437,0.3294410705566406,1.0,3692.7567596435547,0.053699493408203125,0.457763671875,0.09765625,33.0,410.0,410.0
Q01822__clean,Q01822,0,,drivetrain.com,data/qr_images/Q01822.png,none,none,7,1,http://www.drivetrain.com/parts_catalog/manual_transmission_part_and_overhaul_kits/oil_chart_manual_transmission.html,opencv,exact,117,18,92,0,3,1,0,0,0.0,9,0,0,0,0,0,3,0,0,0,0,0,0,4.205412200566034,0,0,0,0,0,0,0,1.0,0.628343484915939,0.4699564791373449,0.3689842224121094,1.0,5011.202095031738,0.07207489013671875,1.068115234375,0.076171875,45.0,530.0,530.0
Q01823__clean,Q01823,0,,beautease.com,data/qr_images/Q01823.png,none,none,2,1,https://www.beautease.com/,opencv,exact,26,17,1,0,2,1,0,0,0.0,0,0,0,0,0,0,0,0,1,0,0,0,0,3.7381493331928657,0,0,0,0,0,0,0,1.0,0.6896102157293581,0.4557800633912482,0.3140449523925781,1.0,2435.4990005493164,0.036540985107421875,0.457763671875,0.12109375,25.0,330.0,330.0
Q01824__clean,Q01824,1,,csb.app,data/qr_images/Q01824.png,none,none,3,1,http://cnoeg.csb.app/-=-=-+_=-=-=-=-.html/,opencv,exact,42,13,22,0,3,1,7,0,0.0,15,0,0,6,0,0,1,0,0,0,0,0,0,3.9297954712258907,0,0,0,0,0,0,0,1.0,0.6888218000823376,0.45451190882810594,0.3131256103515625,1.0,3161.1750106811523,0.04561614990234375,0.64849853515625,0.107421875,29.0,370.0,370.0
Q01825__clean,Q01825,1,,venue-hire.net.au,data/qr_images/Q01825.png,none,none,4,1,http://venue-hire.net.au/secure/ok/index.php,opencv,exact,44,17,20,0,3,0,1,0,0.0,1,0,0,0,0,0,3,0,0,0,0,0,0,4.009648665414097,1,0,0,0,1,0,0,1.0,0.6710273293887867,0.46014364299608435,0.32572174072265625,1.0,3587.276870727539,0.05220794677734375,0.5340576171875,0.09765625,33.0,410.0,410.0
Q01826__clean,Q01826,1,,yovcxm.com,data/qr_images/Q01826.png,none,none,4,1,http://yovcxm.com/chase/Chase/ef195f766730a0948243465f61f8ac8d,opencv,exact,62,10,45,0,1,0,0,23,0.3709677419354839,0,0,0,0,0,0,3,0,0,0,0,0,0,4.621467431627347,0,0,0,0,0,0,0,1.0,0.6674561594046798,0.4611936594850262,0.3296966552734375,1.0,3600.9293823242188,0.053070068359375,0.49591064453125,0.09765625,33.0,410.0,410.0
Q01827__clean,Q01827,1,,12yards.ru,data/qr_images/Q01827.png,none,none,4,1,http://www.12yards.ru/wp-content/plugins/ups/ups/ups/UPS.htm,opencv,exact,60,14,39,0,3,1,1,2,0.03333333333333333,1,0,0,0,0,0,6,0,0,0,0,0,0,4.309416071742446,0,0,0,0,0,0,0,1.0,0.6710246516209023,0.46014545855398115,0.3254203796386719,1.0,3467.4411849975586,0.0515289306640625,0.6103515625,0.09765625,33.0,410.0,410.0
Q01828__clean,Q01828,0,,thefreedictionary.com,data/qr_images/Q01828.png,none,none,3,1,http://www.thefreedictionary.com/Luftwaffe,opencv,exact,42,25,10,0,2,1,0,0,0.0,0,0,0,0,0,0,1,0,0,0,0,0,0,4.097923899526372,0,0,0,0,0,0,0,1.0,0.6888226826985677,0.45482767082220843,0.313201904296875,1.0,2949.9871520996094,0.043560028076171875,0.57220458984375,0.107421875,29.0,370.0,370.0
Q01829__clean,Q01829,1,,repl.run,data/qr_images/Q01829.png,none,none,4,1,http://officialbankofamericabankingsystem.purepanic99.repl.run,opencv,exact,62,55,0,0,3,2,0,2,0.03225806451612903,0,0,0,0,0,0,0,0,0,0,0,0,0,4.345347827131159,1,0,0,0,0,0,1,1.0,0.6751902262369792,0.4584889187463568,0.3221244812011719,1.0,3563.751777648926,0.052326202392578125,0.5340576171875,0.09765625,33.0,410.0,410.0
Q01830__clean,Q01830,0,,serendipity-astrolovers.com,data/qr_images/Q01830.png,none,none,3,1,https://www.serendipity-astrolovers.com/,opencv_aruco,exact,40,31,1,0,2,1,1,0,0.0,1,0,0,0,0,0,0,0,1,0,0,0,0,4.177567157116928,0,0,0,0,0,0,0,1.0,0.6873617134842218,0.45526360789155024,0.314605712890625,1.0,3137.6274337768555,0.045131683349609375,0.5340576171875,0.107421875,29.0,370.0,370.0
Q01831__clean,Q01831,1,,kam-net.ci,data/qr_images/Q01831.png,none,none,4,1,http://kam-net.ci/1738312771/956060147/home.php,opencv,exact,47,10,30,0,2,0,1,19,0.40425531914893614,1,0,0,0,0,0,3,0,0,0,0,0,0,4.408327086125994,0,0,0,0,0,0,0,1.0,0.6799503700405943,0.45653320211645954,0.31661224365234375,1.0,3550.434555053711,0.052520751953125,0.49591064453125,0.09765625,33.0,410.0,410.0
Q01832__clean,Q01832,0,,slideserve.com,data/qr_images/Q01832.png,none,none,6,1,http://www.slideserve.com/tamanna-darshan/cs244a-an-introduction-to-computer-networks,opencv,exact,85,18,60,0,2,1,6,3,0.03529411764705882,6,0,0,0,0,0,2,0,0,0,0,0,0,4.3221426673463945,0,0,0,0,0,0,0,1.0,0.633882859173943,0.46965877386841914,0.3661346435546875,1.0,4754.841491699219,0.06718826293945312,0.5340576171875,0.08203125,41.0,490.0,490.0
Q01833__clean,Q01833,1,,samcool.org,data/qr_images/Q01833.png,none,none,4,1,http://www.samcool.org/90AB705610D8E3CD93C3E28B0C6BEFD0,opencv,exact,55,15,33,0,2,1,0,18,0.32727272727272727,0,0,0,0,0,0,1,0,0,0,0,0,0,4.696837159129303,0,0,0,0,0,0,0,1.0,0.669836919447955,0.4604604213095977,0.326202392578125,1.0,3709.864128112793,0.05329132080078125,0.57220458984375,0.09765625,33.0,410.0,410.0
Q01834__clean,Q01834,0,,davidbenavente.com,data/qr_images/Q01834.png,none,none,3,1,http://www.davidbenavente.com/,opencv,exact,30,22,1,0,2,1,0,0,0.0,0,0,0,0,0,0,0,0,0,0,0,0,0,3.9395722619867226,0,0,0,0,0,0,0,1.0,0.6815186743642769,0.4577443641747579,0.3208198547363281,1.0,3142.332992553711,0.04482269287109375,0.3814697265625,0.107421875,29.0,370.0,370.0
Q01835__clean,Q01835,0,,motiondsp.com,data/qr_images/Q01835.png,none,none,2,1,https://www.motiondsp.com/,opencv,exact,26,17,1,0,2,1,0,0,0.0,0,0,0,0,0,0,0,0,1,0,0,0,0,3.661226256269789,0,0,0,0,0,0,0,1.0,0.7162406023810891,0.4436421118800267,0.28697967529296875,1.0,2473.917366027832,0.037105560302734375,0.5340576171875,0.12109375,25.0,330.0,330.0
Q01836__clean,Q01836,0,,merriam-webster.com,data/qr_images/Q01836.png,none,none,4,1,https://www.merriam-webster.com/dictionary/tabloid,opencv,exact,50,23,19,0,2,1,1,0,0.0,1,0,0,0,0,0,2,0,1,0,0,0,0,4.191272380112911,0,0,0,0,0,0,0,1.0,0.6650790644626992,0.4623815568368814,0.3318519592285156,1.0,3575.5661087036133,0.051860809326171875,0.64849853515625,0.09765625,33.0,410.0,410.0
Q01837__clean,Q01837,0,,modir-shabake.com,data/qr_images/Q01837.png,none,none,3,1,http://www.modir-shabake.com/,opencv,exact,29,21,1,0,2,1,1,0,0.0,1,0,0,0,0,0,0,0,0,0,0,0,0,4.1162646156680225,0,0,0,0,0,0,0,1.0,0.6917395348642387,0.45347788595445293,0.31020355224609375,1.0,3086.43985748291,0.04459381103515625,0.5340576171875,0.107421875,29.0,370.0,370.0
Q01838__clean,Q01838,1,,epizy.com,data/qr_images/Q01838.png,none,none,4,1,http://smilegate-cfs.epizy.com/qualificationform.php,opencv,exact,52,23,22,0,3,1,1,0,0.0,1,0,0,0,0,0,1,0,0,0,0,0,0,4.322579324069082,0,0,0,0,0,0,0,1.0,0.6734033472397748,0.4592770249296714,0.324462890625,1.0,3594.913116455078,0.052257537841796875,0.57220458984375,0.09765625,33.0,410.0,410.0
Q01839__clean,Q01839,1,,gasecurity.com.ar,data/qr_images/Q01839.png,none,none,3,1,http://gasecurity.com.ar/wp-package/GJ3dI/,opencv,exact,42,17,18,0,2,0,1,1,0.023809523809523808,1,0,0,0,0,0,2,0,0,0,0,0,0,4.39531020894716,0,0,0,0,0,0,0,1.0,0.6778675154143688,0.4587835725385074,0.3238067626953125,1.0,3251.500961303711,0.046657562255859375,0.5340576171875,0.107421875,29.0,370.0,370.0
Q01840__clean,Q01840,0,,neocities.org,data/qr_images/Q01840.png,none,none,3,1,https://felix.neocities.org/,opencv,exact,28,19,1,0,2,1,0,0,0.0,0,0,0,0,0,0,0,0,1,0,0,0,0,3.91379956460568,0,0,0,0,0,0,0,1.0,0.6727526795630362,0.4609023892099335,0.3293800354003906,1.0,3169.720993041992,0.045589447021484375,0.49591064453125,0.107421875,29.0,370.0,370.0
Q01841__clean,Q01841,0,,smallbusinesscomputing.com,data/qr_images/Q01841.png,none,none,3,1,https://www.smallbusinesscomputing.com/,opencv,exact,39,30,1,0,2,1,0,0,0.0,0,0,0,0,0,0,0,0,1,0,0,0,0,4.089781950065052,0,0,0,0,0,0,0,1.0,0.6851726606780407,0.4559882817371687,0.3161811828613281,1.0,3184.9771118164062,0.04598236083984375,0.6103515625,0.107421875,29.0,370.0,370.0
Q01842__clean,Q01842,1,,dns-cloud.net,data/qr_images/Q01842.png,none,none,6,1,http://viccats.camcam.dns-cloud.net/Verify/YahooVerification/569c84aac5f7897a1e7250056759a35f/,opencv,exact,94,28,59,0,3,2,1,23,0.24468085106382978,1,0,0,0,0,0,3,0,0,0,0,0,0,4.735090782773394,2,0,1,0,0,0,0,1.0,0.6413831374224495,0.4674552009240451,0.3587379455566406,1.0,4764.347282409668,0.06721115112304688,0.64849853515625,0.08203125,41.0,490.0,490.0
Q01843__clean,Q01843,1,,hydropneuengg.com,data/qr_images/Q01843.png,none,none,3,1,http://webmail.hydropneuengg.com/,opencv,exact,33,25,1,0,2,1,0,0,0.0,0,0,0,0,0,0,0,0,0,0,0,0,0,4.271370634378849,0,0,0,0,0,0,0,1.0,0.703428545185164,0.4484390909527118,0.2982673645019531,1.0,3001.6732635498047,0.04375457763671875,0.5340576171875,0.107421875,29.0,370.0,370.0
Q01844__clean,Q01844,0,,roommanager.com.au,data/qr_images/Q01844.png,none,none,3,1,http://www.roommanager.com.au/,opencv,exact,30,22,1,0,3,1,0,0,0.0,0,0,0,0,0,0,0,0,0,0,0,0,0,3.8225797618424915,0,0,0,0,0,0,0,1.0,0.6734827228620941,0.460559033157262,0.3282737731933594,1.0,3040.2631454467773,0.04497528076171875,0.64849853515625,0.107421875,29.0,370.0,370.0
Q01845__clean,Q01845,0,,xfinity.com,data/qr_images/Q01845.png,none,none,3,1,http://speedtest.xfinity.com/,opencv_aruco,exact,29,21,1,0,2,1,0,0,0.0,0,0,0,0,0,0,0,0,0,0,0,0,0,3.853863219997788,0,0,0,0,0,0,0,1.0,0.6807885113884421,0.4582021700743666,0.320892333984375,1.0,2996.848190307617,0.04351806640625,0.762939453125,0.107421875,29.0,370.0,370.0
Q01846__clean,Q01846,0,,newegg.ca,data/qr_images/Q01846.png,none,none,3,1,https://www.newegg.ca/Components/Store,opencv,exact,38,13,17,0,2,1,0,0,0.0,0,0,0,0,0,0,2,0,1,0,0,0,0,3.945038697540245,0,0,0,0,0,0,0,1.0,0.6749445896522671,0.45986925200546724,0.3267936706542969,1.0,3148.666893005371,0.04598236083984375,0.457763671875,0.107421875,29.0,370.0,370.0
Q01847__clean,Q01847,0,,businessdictionary.com,data/qr_images/Q01847.png,none,none,5,1,http://www.businessdictionary.com/definition/office-automation.html,opencv,exact,67,26,34,0,3,1,1,0,0.0,1,0,0,0,0,0,2,0,0,0,0,0,0,4.233104116570089,0,0,0,0,0,0,0,1.0,0.6498588562011719,0.46602097167955764,0.34693145751953125,1.0,4237.646713256836,0.0602569580078125,0.49591064453125,0.08984375,37.0,450.0,450.0
Q01848__clean,Q01848,1,,standingovationsentertainment.com,data/qr_images/Q01848.png,none,none,7,1,https://www.standingovationsentertainment.com/uploads/package/user2/access/made-in-china.com/mades/mades/login.php,opencv,exact,114,37,69,0,4,1,2,1,0.008771929824561403,2,0,0,0,0,0,8,0,1,0,0,0,0,4.27117482363929,1,1,0,0,0,0,0,1.0,0.640445888743681,0.4665019749159673,0.35784149169921875,1.0,4966.399444580078,0.07189178466796875,1.02996826171875,0.076171875,45.0,530.0,530.0
Q01849__clean,Q01849,0,,azquotes.com,data/qr_images/Q01849.png,none,none,4,1,http://www.azquotes.com/quotes/topics/passivity.html,opencv,exact,52,16,29,0,3,1,0,0,0.0,0,0,0,0,0,0,3,0,0,0,0,0,0,4.087164421757808,0,0,0,0,0,0,0,1.0,0.6769750258501839,0.4579588766276172,0.32022857666015625,1.0,3523.55810546875,0.0514984130859375,0.6866455078125,0.09765625,33.0,410.0,410.0
Q01850__clean,Q01850,1,,imeipro.info,data/qr_images/Q01850.png,none,none,4,1,http://www.imeipro.info/att-imei-check.html,opencv,exact,43,16,20,0,3,1,2,0,0.0,2,0,0,0,0,0,1,0,0,0,0,0,0,4.036762290472924,0,0,0,0,0,0,0,1.0,0.6567462397556679,0.46498334843497446,0.3404655456542969,1.0,3619.285903930664,0.052928924560546875,0.5340576171875,0.09765625,33.0,410.0,410.0
Q01851__clean,Q01851,0,,foxtons.co.uk,data/qr_images/Q01851.png,none,none,2,1,https://www.foxtons.co.uk/,opencv,exact,26,17,1,0,3,1,0,0,0.0,0,0,0,0,0,0,0,0,1,0,0,0,0,3.7091151984942705,0,0,0,0,0,0,0,1.0,0.6896112180223652,0.4554939382037579,0.3140602111816406,1.0,2617.481903076172,0.038547515869140625,0.3814697265625,0.12109375,25.0,330.0,330.0
Q01852__clean,Q01852,1,,presentes-promocoes-premier.com,data/qr_images/Q01852.png,none,none,10,1,https://www84.presentes-promocoes-premier.com/prod1aa681837013d535fc94b74ff45b20e2lnk/iphone-8-plus-apple-256gb-dourado-4g-tela-55-retina-cam-dupla-selfie-7mp-ios-12/p/2223839/te/teip,opencv,exact,183,37,138,0,2,1,17,41,0.22404371584699453,17,0,0,0,0,0,6,0,1,0,0,0,0,4.789315773827045,0,0,0,0,0,0,0,1.0,0.6104036817363664,0.47000397648598735,0.3878898620605469,1.0,6715.946762084961,0.0946807861328125,1.25885009765625,0.060546875,57.0,650.0,650.0
Q01853__clean,Q01853,1,,wow-atlantida.com,data/qr_images/Q01853.png,none,none,3,1,http://wow-atlantida.com/files,opencv,exact,30,17,6,0,1,0,1,0,0.0,1,0,0,0,0,0,1,0,0,0,0,0,0,4.056564762130954,0,0,0,0,0,0,0,1.0,0.6822478051279105,0.45738499570116226,0.31964874267578125,1.0,3009.004219055176,0.04422760009765625,0.57220458984375,0.107421875,29.0,370.0,370.0
Q01854__clean,Q01854,0,,handshq.com,data/qr_images/Q01854.png,none,none,2,1,https://www.handshq.com/,opencv,exact,24,15,1,0,2,1,0,0,0.0,0,0,0,0,0,0,0,0,1,0,0,0,0,3.740601562950723,0,0,0,0,0,0,0,1.0,0.70063102572572,0.45084355472214416,0.30304718017578125,1.0,2475.501419067383,0.03737640380859375,0.5340576171875,0.12109375,25.0,330.0,330.0
Q01855__clean,Q01855,0,,bwvision.com,data/qr_images/Q01855.png,none,none,2,1,https://www.bwvision.com/,opencv,exact,25,16,1,0,2,1,0,0,0.0,0,0,0,0,0,0,0,0,1,0,0,0,0,3.733660689688185,0,0,0,0,0,0,0,1.0,0.6997125513413374,0.4513802005814999,0.3040122985839844,1.0,2527.6389389038086,0.03728485107421875,0.6103515625,0.12109375,25.0,330.0,330.0
Q01856__clean,Q01856,0,,wireshark.org,data/qr_images/Q01856.png,none,none,3,1,https://wiki.wireshark.org/WakeOnLAN,opencv,exact,36,18,10,0,2,1,0,0,0.0,0,0,0,0,0,0,1,0,1,0,0,0,0,4.2527152789797045,0,0,0,0,0,0,0,1.0,0.6785961076325061,0.4588863068008005,0.3228912353515625,1.0,3051.6029663085938,0.044281005859375,0.64849853515625,0.107421875,29.0,370.0,370.0
Q01857__clean,Q01857,1,,popupbarbados.com,data/qr_images/Q01857.png,none,none,4,1,http://www.popupbarbados.com/wp-includes/fonts/,opencv,exact,47,21,19,0,2,1,1,0,0.0,1,0,0,0,0,0,2,0,0,0,0,0,0,4.219928086715924,0,0,0,0,0,0,0,1.0,0.683519131529565,0.4554245181400185,0.3138160705566406,1.0,3435.7285385131836,0.05081939697265625,0.5340576171875,0.09765625,33.0,410.0,410.0
Q01858__clean,Q01858,0,,maria-black.com,data/qr_images/Q01858.png,none,none,3,1,https://www.maria-black.com/en/eu/,opencv,exact,34,19,7,0,2,1,1,0,0.0,1,0,0,0,0,0,2,0,1,0,0,0,0,4.172185915404347,0,0,0,0,0,0,0,1.0,0.6946664398791743,0.4520191281182082,0.307281494140625,1.0,3133.958183288574,0.045475006103515625,0.6866455078125,0.107421875,29.0,370.0,370.0
Q01859__clean,Q01859,0,,payscale.com,data/qr_images/Q01859.png,none,none,5,1,http://www.payscale.com/research/US/Job=Software_Engineer/Salary,opencv,exact,64,16,41,0,2,1,0,0,0.0,2,0,0,1,0,0,4,0,0,0,0,0,0,4.4506481953738835,0,0,0,0,0,0,0,1.0,0.6459057078642003,0.4672507233884024,0.350555419921875,1.0,4212.335487365723,0.0602569580078125,0.57220458984375,0.08984375,37.0,450.0,450.0
Q01860__clean,Q01860,1,,kailashcorporateservices.com,data/qr_images/Q01860.png,none,none,5,1,http://www.kailashcorporateservices.com/wp-content/plugins/safty/wetransfer/,opencv,exact,76,32,37,0,2,1,1,0,0.0,1,0,0,0,0,0,4,0,0,0,0,0,0,4.2754758312997145,0,0,0,0,0,0,0,1.0,0.6691165250890395,0.4593336577376278,0.3273735046386719,1.0,4128.120101928711,0.05980682373046875,0.6866455078125,0.08984375,37.0,450.0,450.0
Q01861__clean,Q01861,1,,sharepoint.com,data/qr_images/Q01861.png,none,none,8,1,https://cteam-my.sharepoint.com/:o:/g/personal/michael_hammes_cteam_de/Emvsa57h96dFn3pDOrq6H9QBfjiOxaqWsF3Sn9GVu8tkzQ?e=nVHBcy,opencv,exact,126,23,86,8,2,1,1,10,0.07936507936507936,6,0,1,1,0,0,5,1,1,0,0,0,0,5.205260928284166,0,0,0,0,0,0,0,1.0,0.6201835183536305,0.46863145994442273,0.3794822692871094,1.0,5167.155136108398,0.082977294921875,1.02996826171875,0.0703125,49.0,570.0,570.0
Q01862__clean,Q01862,1,,justns.ru,data/qr_images/Q01862.png,none,none,3,1,http://u801974flh.ha004.t.justns.ru/,opencv,exact,36,28,1,0,4,3,0,9,0.25,0,0,0,0,0,0,0,0,0,0,0,0,0,4.0860486123130375,0,0,0,0,0,0,0,1.0,0.6785973492790671,0.45913886521600455,0.3237419128417969,1.0,3072.9151000976562,0.0437164306640625,0.57220458984375,0.107421875,29.0,370.0,370.0
Q01863__clean,Q01863,1,,stackblitz.io,data/qr_images/Q01863.png,none,none,3,1,https://react-ba2roi.stackblitz.io,opencv,exact,34,26,0,0,2,1,1,1,0.029411764705882353,1,0,0,0,0,0,0,0,1,0,0,0,0,4.054538856580818,0,0,0,0,0,0,0,1.0,0.6800547581092984,0.4581124314891139,0.3218994140625,1.0,3159.8488540649414,0.045543670654296875,0.457763671875,0.107421875,29.0,370.0,370.0
Q01864__clean,Q01864,0,,fareastcontainers.com,data/qr_images/Q01864.png,none,none,3,1,http://www.fareastcontainers.com/,opencv,exact,33,25,1,0,2,1,0,0,0.0,0,0,0,0,0,0,0,0,0,0,0,0,0,3.945464952495108,0,0,0,0,0,0,0,1.0,0.690283322801777,0.4542527849796738,0.3120841979980469,1.0,3069.075714111328,0.044132232666015625,0.3814697265625,0.107421875,29.0,370.0,370.0
Q01865__clean,Q01865,1,,vk.com,data/qr_images/Q01865.png,none,none,7,1,https://vk.com/away.php?to=http%3A%2F%2Frajeshkhanal.com.np%2Fwp-config.php&amp;post=521188519_100&amp;cc_key=,opencv,exact,110,6,9,86,5,0,1,16,0.14545454545454545,15,0,1,3,2,4,1,3,1,0,0,0,0,4.944241270757763,0,0,0,0,0,0,0,1.0,0.6390234404919194,0.46649838756070716,0.358917236328125,1.0,5018.830223083496,0.07330703735351562,1.068115234375,0.076171875,45.0,530.0,530.0
Q01866__clean,Q01866,1,,upgradebeta.com,data/qr_images/Q01866.png,none,none,2,1,http://fb.upgradebeta.com/,opencv,exact,26,18,1,0,2,1,0,0,0.0,0,0,0,0,0,0,0,0,0,0,0,0,0,3.9500637564362093,0,0,0,0,0,0,0,1.0,0.6914484061446844,0.4549887354826587,0.3122825622558594,1.0,2476.8624267578125,0.03691864013671875,0.457763671875,0.12109375,25.0,330.0,330.0
Q01867__clean,Q01867,0,,silvergames.com,data/qr_images/Q01867.png,none,none,3,1,http://www.silvergames.com/en/t/clicker,opencv,exact,39,19,13,0,2,1,0,0,0.0,0,0,0,0,0,0,3,0,0,0,0,0,0,4.109138039864115,0,0,0,0,0,0,0,1.0,0.6661790735581342,0.46337174324773894,0.3357276916503906,1.0,3047.158821105957,0.04465484619140625,0.5340576171875,0.107421875,29.0,370.0,370.0
Q01868__clean,Q01868,1,,centurionallsuite.co.za,data/qr_images/Q01868.png,none,none,4,1,http://www.centurionallsuite.co.za/pot/History/Mxtoo/A001.htm,opencv,exact,61,27,27,0,4,1,0,3,0.04918032786885246,0,0,0,0,0,0,4,0,0,0,0,0,0,4.3810762717763145,0,0,0,0,0,0,0,1.0,0.6603186962651272,0.46382545763136207,0.33663177490234375,1.0,3592.398727416992,0.052631378173828125,0.457763671875,0.09765625,33.0,410.0,410.0
Q01869__clean,Q01869,0,,cnet.com,data/qr_images/Q01869.png,none,none,4,1,https://www.cnet.com/topics/cameras/products/,opencv,exact,45,12,25,0,2,1,0,0,0.0,0,0,0,0,0,0,3,0,1,0,0,0,0,3.9142149083365423,0,0,0,0,0,0,0,1.0,0.6507985133750765,0.46682213372178266,0.346649169921875,1.0,3704.194122314453,0.0536956787109375,0.41961669921875,0.09765625,33.0,410.0,410.0
Q01870__clean,Q01870,1,,peepschannel.com,data/qr_images/Q01870.png,none,none,3,1,https://www.peepschannel.com/fc.html,opencv,exact,36,20,8,0,3,1,0,0,0.0,0,0,0,0,0,0,1,0,1,0,0,0,0,3.891061112072652,0,0,0,0,0,0,0,1.0,0.6829773248410692,0.45687007412250585,0.318939208984375,1.0,3144.614921569824,0.0455169677734375,0.41961669921875,0.107421875,29.0,370.0,370.0
Q01871__clean,Q01871,0,,answers.com,data/qr_images/Q01871.png,none,none,5,1,http://www.answers.com/Q/How_much_is_a_Ethernet_cable_at_Walmart,opencv,exact,64,15,42,0,2,1,0,0,0.0,7,0,0,0,0,0,2,0,0,0,0,0,0,4.280388867995137,0,0,0,0,0,0,0,1.0,0.6691170935537301,0.45930646099138467,0.32769012451171875,1.0,4135.092247009277,0.059787750244140625,0.6103515625,0.08984375,37.0,450.0,450.0
Q01872__clean,Q01872,1,,handsonbeautysalon.co.uk,data/qr_images/Q01872.png,none,none,4,1,http://handsonbeautysalon.co.uk/ofiice/office,opencv,exact,45,24,14,0,2,0,0,0,0.0,0,0,0,0,0,0,2,0,0,0,0,0,0,4.138656363227873,0,0,0,0,0,0,0,1.0,0.6698367399327895,0.4603486356914099,0.3264961242675781,1.0,3734.701530456543,0.053874969482421875,0.457763671875,0.09765625,33.0,410.0,410.0
Q01873__clean,Q01873,1,,monclernorway.com,data/qr_images/Q01873.png,none,none,3,1,http://ie.monclernorway.com,opencv,exact,27,20,0,0,2,1,0,0,0.0,0,0,0,0,0,0,0,0,0,0,0,0,0,3.986187965046304,0,0,0,0,0,0,0,1.0,0.6961275138107,0.4517751432736431,0.3057708740234375,1.0,3085.543914794922,0.044246673583984375,0.457763671875,0.107421875,29.0,370.0,370.0
Q01874__clean,Q01874,0,,iloveazores.net,data/qr_images/Q01874.png,none,none,2,1,http://www.iloveazores.net,opencv,exact,26,19,0,0,2,1,0,0,0.0,0,0,0,0,0,0,0,0,0,0,0,0,0,3.921029621737614,0,0,0,0,0,0,0,1.0,0.6932831708122702,0.45407274808522097,0.31090545654296875,1.0,2502.115562438965,0.03754425048828125,0.3814697265625,0.12109375,25.0,330.0,330.0
Q01875__clean,Q01875,0,,blogspot.ru,data/qr_images/Q01875.png,none,none,4,1,http://pinkskky.blogspot.ru/2011/11/typeface-poster.html,opencv,exact,56,20,29,0,3,1,1,6,0.10714285714285714,1,0,0,0,0,0,3,0,0,0,0,0,0,4.405506824485857,0,0,0,0,0,0,0,1.0,0.6734055313409544,0.45908061943820205,0.323028564453125,1.0,3584.7431106567383,0.052562713623046875,0.57220458984375,0.09765625,33.0,410.0,410.0
Q01876__clean,Q01876,0,,nairaland.com,data/qr_images/Q01876.png,none,none,5,1,http://www.nairaland.com/1208097/meet-cnn-internationals-anchors-reporters,opencv,exact,74,17,50,0,2,1,4,7,0.0945945945945946,4,0,0,0,0,0,2,0,0,0,0,0,0,4.355959912979334,0,0,0,0,0,0,0,1.0,0.6676367815803079,0.46007276808930914,0.32904815673828125,1.0,4115.394432067871,0.058994293212890625,0.72479248046875,0.08984375,37.0,450.0,450.0
Q01877__clean,Q01877,0,,scribd.com,data/qr_images/Q01877.png,none,none,3,1,https://www.scribd.com/doc/18227467/THE-MASK-2,opencv,exact,46,14,24,0,2,1,2,9,0.1956521739130435,2,0,0,0,0,0,3,0,1,0,0,0,0,4.656729282558594,0,0,0,0,0,0,0,1.0,0.6749434826420803,0.4602877616098085,0.3270111083984375,1.0,3030.7276763916016,0.04413604736328125,0.41961669921875,0.107421875,29.0,370.0,370.0
Q01878__clean,Q01878,0,,programsgulf.com,data/qr_images/Q01878.png,none,none,3,1,https://www.programsgulf.com/,opencv,exact,29,20,1,0,2,1,0,0,0.0,0,0,0,0,0,0,0,0,1,0,0,0,0,3.978333581185264,0,0,0,0,0,0,0,1.0,0.6917431700463389,0.4537696713621447,0.3103179931640625,1.0,2964.288101196289,0.043064117431640625,0.72479248046875,0.107421875,29.0,370.0,370.0
Q01879__clean,Q01879,0,,tumblr.com,data/qr_images/Q01879.png,none,none,3,1,http://jesshanta.tumblr.com,opencv,exact,27,20,0,0,2,1,0,0,0.0,0,0,0,0,0,0,0,0,0,0,0,0,0,4.014146761422729,0,0,0,0,0,0,0,1.0,0.6932020748362822,0.45278885230724053,0.30886077880859375,1.0,3077.171516418457,0.044734954833984375,0.64849853515625,0.107421875,29.0,370.0,370.0
Q01880__clean,Q01880,1,,frankdiekman.com,data/qr_images/Q01880.png,none,none,5,1,https://frankdiekman.com/wp-content/plugins/ubb/toda/webmail.php,opencv,exact,64,16,40,0,2,0,1,0,0.0,1,0,0,0,0,0,5,0,1,0,0,0,0,4.371018072054204,0,0,0,0,0,0,0,1.0,0.6513391382553998,0.46503391343172307,0.3450660705566406,1.0,4194.193244934082,0.061428070068359375,0.6103515625,0.08984375,37.0,450.0,450.0
Q01881__clean,Q01881,0,,thejigsawpuzzles.com,data/qr_images/Q01881.png,none,none,7,1,https://2f2f2f2f2f2f2fcachedwww.thejigsawpuzzles.com/Bridges/Canadian-Freighter-in-Lorain-Ohio-jigsaw-puzzle,opencv,exact,108,44,56,0,2,1,6,7,0.06481481481481481,6,0,0,0,0,0,2,0,1,0,0,0,0,4.644108018331023,0,0,0,0,0,0,0,1.0,0.6269206776338465,0.4701572809366167,0.37162017822265625,1.0,5006.396583557129,0.0726165771484375,0.8392333984375,0.076171875,45.0,530.0,530.0
Q01882__clean,Q01882,0,,hidoc.co.kr,data/qr_images/Q01882.png,none,none,2,1,http://www.hidoc.co.kr/,opencv,exact,23,15,1,0,3,1,0,0,0.0,0,0,0,0,0,0,0,0,0,0,0,0,0,3.555533151426996,0,0,0,0,0,0,0,1.0,0.7043055665259268,0.4493814051926132,0.299896240234375,1.0,2435.6175537109375,0.03656005859375,0.41961669921875,0.12109375,25.0,330.0,330.0
Q01883__clean,Q01883,1,,jainsonbookworld.com,data/qr_images/Q01883.png,none,none,8,1,http://www.jainsonbookworld.com/js/lib/frg/Freesession/Dossier0065888456/freemobileactivation/premierepartie00945/9a170d3b69d1fa6fe031ed11c4633595/,opencv_aruco,exact,147,24,116,0,2,1,0,36,0.24489795918367346,0,0,0,0,0,0,8,0,0,0,0,0,0,4.799284347961595,0,0,0,0,0,0,0,1.0,0.6232622184005439,0.46825954396218394,0.3765144348144531,1.0,5061.348442077637,0.08119583129882812,0.95367431640625,0.0703125,49.0,570.0,570.0
Q01884__clean,Q01884,0,,ayurvedicgyan.in,data/qr_images/Q01884.png,none,none,3,1,http://www.ayurvedicgyan.in/,opencv,exact,28,20,1,0,2,1,0,0,0.0,0,0,0,0,0,0,0,0,0,0,0,0,0,4.039148671903071,0,0,0,0,0,0,0,1.0,0.6975845636106005,0.4507718987875489,0.3045616149902344,1.0,3128.864700317383,0.045398712158203125,0.762939453125,0.107421875,29.0,370.0,370.0
Q01885__clean,Q01885,1,,zaimlimit.ru,data/qr_images/Q01885.png,none,none,4,1,http://zaimlimit.ru/wp-content/themes/bin/WellsFargo/step2.php,opencv,exact,62,12,43,0,2,0,1,1,0.016129032258064516,1,0,0,0,0,0,5,0,0,0,0,0,0,4.304249739927239,0,0,0,0,0,0,0,1.0,0.6662656597062653,0.46154940944307893,0.330780029296875,1.0,3654.596466064453,0.0535125732421875,0.57220458984375,0.09765625,33.0,410.0,410.0
Q01886__clean,Q01886,0,,lamar.edu,data/qr_images/Q01886.png,none,none,4,1,http://tutorial.math.lamar.edu/classes/CalcI/Functions.aspx,opencv,exact,59,23,29,0,4,2,0,0,0.0,0,0,0,0,0,0,3,0,0,0,0,0,0,4.189586855939285,0,0,0,0,0,0,0,1.0,0.6638862759459252,0.46268164226107145,0.33353424072265625,1.0,3593.2445678710938,0.0523834228515625,0.49591064453125,0.09765625,33.0,410.0,410.0
Q01887__clean,Q01887,1,,accounts-login-idm-telekomidm.cloud,data/qr_images/Q01887.png,none,none,4,1,https://www.accounts-login-idm-telekomidm.cloud/,opencv_aruco,exact,48,39,1,0,2,1,3,0,0.0,3,0,0,0,0,0,0,0,1,0,0,0,0,4.250814583693912,2,1,0,1,0,0,0,1.0,0.6531765208524816,0.4660782395748891,0.34429931640625,1.0,3674.746337890625,0.05353546142578125,0.457763671875,0.09765625,33.0,410.0,410.0
Q01888__clean,Q01888,1,,macmoro.com,data/qr_images/Q01888.png,none,none,5,1,http://test.macmoro.com/wp-includes/file/nsw/data/UntitledNotebook1.html,opencv,exact,72,16,49,0,3,1,1,1,0.013888888888888888,1,0,0,0,0,0,5,0,0,0,0,0,0,4.356252258924369,0,0,0,0,0,0,0,1.0,0.6503504884009268,0.465886346820665,0.3458061218261719,1.0,4103.009719848633,0.05938720703125,0.5340576171875,0.08984375,37.0,450.0,450.0
Q01889__clean,Q01889,1,,imsly.com,data/qr_images/Q01889.png,none,none,9,1,http://fr.imsly.com/direct/aHR0cHM6Ly93d3cuZmFjZWJvb2suY29tL2ltcHJlc3Npb24ucGhwL2ZkYTk3YjM1ZWNjZjU4Lz9saWQ9MTE1JnBheWxvYWQ9JTdCJTIyc291cmNlJTIyJTNBJTIyanNzZGslMjIlN0Q-,opencv_aruco,exact,167,12,148,0,2,1,1,24,0.1437125748502994,1,0,0,0,0,0,2,0,0,0,0,0,0,5.45883926910932,0,0,0,0,0,0,0,1.0,0.626432456222235,0.46733859040977693,0.3713645935058594,1.0,6405.869430541992,0.08913803100585938,0.9918212890625,0.06640625,53.0,610.0,610.0
Q01890__clean,Q01890,1,,moelter-film.de,data/qr_images/Q01890.png,none,none,5,1,http://moelter-film.de/Security1/a/index.php?email=telecom@opt.nc,opencv,exact,65,15,22,20,3,0,1,1,0.015384615384615385,4,1,1,1,0,0,3,1,0,0,0,0,0,4.370305074793776,0,0,0,0,0,0,0,1.0,0.6572657566444546,0.46340008084296147,0.3398857116699219,1.0,4160.933074951172,0.060413360595703125,0.5340576171875,0.08984375,37.0,450.0,450.0
Q01891__clean,Q01891,1,,emagcreator.com,data/qr_images/Q01891.png,none,none,5,1,https://emagcreator.com/johnmills/Documents_File_Recieved_0198522/,opencv,exact,66,15,43,0,1,0,0,7,0.10606060606060606,3,0,0,0,0,0,2,0,1,0,0,0,0,4.646202074850972,0,0,0,0,0,0,0,1.0,0.6483753877527574,0.46633110619811025,0.3486175537109375,1.0,4170.8023681640625,0.06035614013671875,0.6866455078125,0.08984375,37.0,450.0,450.0
Q01892__clean,Q01892,0,,realizables.es,data/qr_images/Q01892.png,none,none,2,1,http://realizables.es,opencv,exact,21,14,0,0,1,0,0,0,0.0,0,0,0,0,0,0,0,0,0,0,0,0,0,3.689703732199547,0,0,0,0,0,0,0,1.0,0.6822633631089154,0.45854725161584603,0.32180023193359375,1.0,2509.7301712036133,0.03772735595703125,0.41961669921875,0.12109375,25.0,330.0,330.0
Q01893__clean,Q01893,1,,projonmowave.com,data/qr_images/Q01893.png,none,none,5,1,http://projonmowave.com/wp-admin/includes/HJK/VN/WellsFargo/WellsFargo/wells/,opencv,exact,77,16,54,0,1,0,1,0,0.0,1,0,0,0,0,0,7,0,0,0,0,0,0,4.529583704424018,0,0,0,0,0,0,0,1.0,0.6523269503724342,0.46552850831522974,0.34291839599609375,1.0,3952.4453201293945,0.057674407958984375,0.72479248046875,0.08984375,37.0,450.0,450.0
Q01894__clean,Q01894,0,,shmoop.com,data/qr_images/Q01894.png,none,none,3,1,http://www.shmoop.com/the-help/,opencv,exact,31,14,10,0,2,1,1,0,0.0,1,0,0,0,0,0,1,0,0,0,0,0,0,3.630985019785137,0,0,0,0,0,0,0,1.0,0.6932039148667279,0.4524348874210155,0.30852508544921875,1.0,3174.2232818603516,0.04633331298828125,0.57220458984375,0.107421875,29.0,370.0,370.0
Q01895__clean,Q01895,1,,bdo-onlineverify.xyz,data/qr_images/Q01895.png,none,none,5,1,http://bdo-onlineverify.xyz/bdoverification/security/verify/login.php,opencv,exact,69,20,42,0,2,0,1,0,0.0,1,0,0,0,0,0,4,0,0,0,0,0,0,4.3549923051884445,3,1,1,0,0,0,0,1.0,0.6562763288909313,0.4638432160858249,0.340118408203125,1.0,4144.179512023926,0.059780120849609375,0.6103515625,0.08984375,37.0,450.0,450.0
Q01896__clean,Q01896,0,,instructables.com,data/qr_images/Q01896.png,none,none,4,1,http://www.instructables.com/id/Keyboard-Cat/,opencv,exact,45,21,17,0,2,1,1,0,0.0,1,0,0,0,0,0,2,0,0,0,0,0,0,4.364540741814106,0,0,0,0,0,0,0,1.0,0.6704307256960401,0.46044537801111324,0.326629638671875,1.0,3518.7960662841797,0.05130767822265625,0.6866455078125,0.09765625,33.0,410.0,410.0
Q01897__clean,Q01897,0,,e-imamu.edu.sa,data/qr_images/Q01897.png,none,none,2,1,http://e-imamu.edu.sa,opencv,exact,21,14,0,0,2,0,1,0,0.0,1,0,0,0,0,0,0,0,0,0,0,0,0,3.7256507561120937,0,0,0,0,0,0,0,1.0,0.7116495768229166,0.44557099953407353,0.2921485900878906,1.0,2598.3345108032227,0.038593292236328125,0.457763671875,0.12109375,25.0,330.0,330.0
Q01898__clean,Q01898,0,,list.ly,data/qr_images/Q01898.png,none,none,5,1,http://list.ly/list/pXy-open-source-enterprise-architecture-modeling-tools,opencv,exact,74,7,60,0,1,0,6,0,0.0,6,0,0,0,0,0,2,0,0,0,0,0,0,4.140970225347356,0,0,0,0,0,0,0,1.0,0.6641796934838389,0.46103313467198864,0.3325309753417969,1.0,4265.64518737793,0.060882568359375,0.80108642578125,0.08984375,37.0,450.0,450.0
Q01899__clean,Q01899,0,,learningaboutelectronics.com,data/qr_images/Q01899.png,none,none,5,1,http://www.learningaboutelectronics.com/Articles/Cardiac-output-calculator.php,opencv,exact,78,32,39,0,3,1,2,0,0.0,2,0,0,0,0,0,2,0,0,0,0,0,0,4.30777602157339,0,0,0,0,0,0,0,1.0,0.6404739679074755,0.4686380553789883,0.3561363220214844,1.0,4088.3106231689453,0.060272216796875,0.3814697265625,0.08984375,37.0,450.0,450.0
Q01900__clean,Q01900,1,,encarnacionhurtado.com,data/qr_images/Q01900.png,none,none,3,1,http://encarnacionhurtado.com/img/,opencv,exact,34,22,5,0,1,0,0,0,0.0,0,0,0,0,0,0,1,0,0,0,0,0,0,3.917626443873359,0,0,0,0,0,0,0,1.0,0.6749423457126992,0.4599576264930656,0.32688140869140625,1.0,3136.665496826172,0.045795440673828125,0.3814697265625,0.107421875,29.0,370.0,370.0
Q01901__clean,Q01901,0,,osxdaily.com,data/qr_images/Q01901.png,none,none,4,1,http://osxdaily.com/mac-control-alt-delete-equivalent/,opencv,exact,54,12,35,0,1,0,4,0,0.0,4,0,0,0,0,0,1,0,0,0,0,0,0,4.208888549286358,0,0,0,0,0,0,0,1.0,0.6519899106493183,0.4664693248914694,0.34500885009765625,1.0,3665.350051879883,0.053314208984375,0.457763671875,0.09765625,33.0,410.0,410.0
Q01902__clean,Q01902,0,,slideshare.net,data/qr_images/Q01902.png,none,none,4,1,https://www.slideshare.net/gregrobertson/tp-sforblog,opencv,exact,52,18,26,0,2,1,1,0,0.0,1,0,0,0,0,0,2,0,1,0,0,0,0,4.086048623870434,0,0,0,0,0,0,0,1.0,0.663292709051394,0.4628659581023241,0.33339691162109375,1.0,3556.269561767578,0.052181243896484375,0.5340576171875,0.09765625,33.0,410.0,410.0
Q01903__clean,Q01903,0,,salary.com,data/qr_images/Q01903.png,none,none,4,1,http://www1.salary.com/MRI-technologist-salary.html,opencv,exact,51,15,29,0,3,1,2,1,0.0196078431372549,2,0,0,0,0,0,1,0,0,0,0,0,0,4.375582881433896,0,0,0,0,0,0,0,1.0,0.6603191600126379,0.46388514883957765,0.33663177490234375,1.0,3599.0107498168945,0.05260467529296875,0.6103515625,0.09765625,33.0,410.0,410.0
Q01904__clean,Q01904,1,,www1.biz,data/qr_images/Q01904.png,none,none,4,1,http://cartetitolare-it-mps.www1.biz/portaleTitolares11/,opencv,exact,56,29,20,0,2,1,2,3,0.05357142857142857,2,0,0,0,0,0,1,0,0,0,0,0,0,4.132811395078722,0,0,0,0,0,0,0,1.0,0.6734055762197457,0.4592492231991462,0.3234100341796875,1.0,3649.0231857299805,0.052684783935546875,0.64849853515625,0.09765625,33.0,410.0,410.0
Q01905__clean,Q01905,1,,1drv.ms,data/qr_images/Q01905.png,none,none,4,1,https://1drv.ms/b/s!Aru9y_X5ti8jgRBqzb4cE--s-8nJ?e=G9a1bE,opencv,exact,57,7,33,8,1,0,3,8,0.14035087719298245,7,0,1,1,0,0,2,1,1,0,0,0,0,5.126492426331574,0,0,0,0,0,0,0,1.0,0.6626942952473959,0.4628416956409171,0.3341827392578125,1.0,3635.393310546875,0.053325653076171875,0.457763671875,0.09765625,33.0,410.0,410.0
Q01906__clean,Q01906,1,,iac.org.in,data/qr_images/Q01906.png,none,none,4,1,http://www.iac.org.in/harshivgupta.com/PayPal/home/signin.htm,opencv,exact,61,14,40,0,5,1,0,0,0.0,0,0,0,0,0,0,4,0,0,0,0,0,0,4.230363986531876,1,0,0,0,0,0,0,1.0,0.6722164378446691,0.45968496459568703,0.325714111328125,1.0,3463.9465942382812,0.05138397216796875,0.64849853515625,0.09765625,33.0,410.0,410.0
Q01907__clean,Q01907,1,,revistaclipa.com,data/qr_images/Q01907.png,none,none,4,1,http://www.revistaclipa.com/wp-includes/js/message/,opencv,exact,51,20,24,0,2,1,1,0,0.0,1,0,0,0,0,0,3,0,0,0,0,0,0,4.243134106881671,0,0,0,0,0,0,0,1.0,0.6531834770651425,0.46606154086958984,0.34420013427734375,1.0,3643.506378173828,0.053394317626953125,0.457763671875,0.09765625,33.0,410.0,410.0
Q01908__clean,Q01908,0,,fotoshkola-druzya.ru,data/qr_images/Q01908.png,none,none,3,1,http://www.fotoshkola-druzya.ru/,opencv,exact,32,24,1,0,2,1,1,0,0.0,1,0,0,0,0,0,0,0,0,0,0,0,0,4.093139062229566,0,0,0,0,0,0,0,1.0,0.6837097616756663,0.4569579578354992,0.3181495666503906,1.0,3039.6201171875,0.0439453125,0.49591064453125,0.107421875,29.0,370.0,370.0
Q01909__clean,Q01909,1,,chauffagethermopompeclimatisation.ca,data/qr_images/Q01909.png,none,none,5,1,http://chauffagethermopompeclimatisation.ca/layouts/tap/view.htm,opencv,exact,64,36,21,0,2,0,0,0,0.0,0,0,0,0,0,0,3,0,0,0,0,0,0,4.15599980576557,0,0,0,0,0,0,0,1.0,0.6543035469803156,0.464792989154166,0.3426170349121094,1.0,4044.603614807129,0.058574676513671875,0.72479248046875,0.08984375,37.0,450.0,450.0
Q01910__clean,Q01910,1,,m9e4.com,data/qr_images/Q01910.png,none,none,5,1,http://www.m9e4.com/labanquepostale.fr/service-mobile-pass/ac451/phone.php,opencv,exact,74,12,55,0,4,1,2,5,0.06756756756756757,2,0,0,0,0,0,4,0,0,0,0,0,0,4.495804717649563,0,0,0,0,0,0,0,1.0,0.6562752966787301,0.46405734607352317,0.3411216735839844,1.0,4017.5164337158203,0.05843353271484375,0.72479248046875,0.08984375,37.0,450.0,450.0
Q01911__clean,Q01911,1,,banconesecurity.com,data/qr_images/Q01911.png,none,none,3,1,http://banconesecurity.com/login.php,opencv,exact,36,19,10,0,2,0,0,0,0.0,0,0,0,0,0,0,1,0,0,0,0,0,0,4.155221528859511,1,1,0,0,0,0,0,1.0,0.6888200647690716,0.454444152647067,0.3135185241699219,1.0,3192.605339050293,0.0459136962890625,0.41961669921875,0.107421875,29.0,370.0,370.0
Q01912__clean,Q01912,1,,wpage.cc,data/qr_images/Q01912.png,none,none,2,1,http://p.wpage.cc/,opencv,exact,18,10,1,0,2,1,0,0,0.0,0,0,0,0,0,0,0,0,0,0,0,0,0,3.30827083453526,0,0,0,0,0,0,0,1.0,0.6951212864296109,0.45320401919203046,0.3083229064941406,1.0,2537.4754943847656,0.037937164306640625,0.3814697265625,0.12109375,25.0,330.0,330.0
Q01913__clean,Q01913,1,,personalportfolio.com.au,data/qr_images/Q01913.png,none,none,4,1,http://www.personalportfolio.com.au/login.php,opencv,exact,45,28,10,0,4,1,0,0,0.0,0,0,0,0,0,0,1,0,0,0,0,0,0,4.066542752164839,1,1,0,0,0,0,0,1.0,0.6698360966701133,0.4603763580002882,0.32752227783203125,1.0,3519.1781997680664,0.05230712890625,0.57220458984375,0.09765625,33.0,410.0,410.0
Q01914__clean,Q01914,1,,codesandbox.io,data/qr_images/Q01914.png,none,none,3,1,https://xmley.codesandbox.io/index3.html,opencv,exact,40,20,12,0,3,1,0,1,0.025,0,0,0,0,0,0,1,0,1,0,0,0,0,4.189822782008755,0,0,0,0,0,0,0,1.0,0.6975872563380822,0.45087891682267195,0.3041191101074219,1.0,3196.33984375,0.04563140869140625,0.57220458984375,0.107421875,29.0,370.0,370.0
Q01915__clean,Q01915,1,,nxcli.net,data/qr_images/Q01915.png,none,none,6,1,https://ecb9547832.nxcli.net/images/alibaba/cmd-login=2fa960a1990a231b18bfe6368da9c911/copyright.php,opencv,exact,100,20,72,0,3,1,1,28,0.28,2,0,0,1,0,0,4,0,1,0,0,0,0,4.841335195516003,1,1,0,0,0,0,0,1.0,0.6330493702607997,0.4700836388153241,0.36609649658203125,1.0,4685.104797363281,0.06619644165039062,0.6866455078125,0.08203125,41.0,490.0,490.0
Q01916__clean,Q01916,0,,hubspot.com,data/qr_images/Q01916.png,none,none,5,1,https://blog.hubspot.com/marketing/email-open-click-rate-benchmark,opencv,exact,66,16,42,0,2,1,4,0,0.0,4,0,0,0,0,0,2,0,1,0,0,0,0,4.2980550138102505,0,0,0,0,0,0,0,1.0,0.6503512962191713,0.4654251054031419,0.34609222412109375,1.0,4221.804100036621,0.06142425537109375,0.8392333984375,0.08984375,37.0,450.0,450.0
Q01917__clean,Q01917,0,,pdpics.com,data/qr_images/Q01917.png,none,none,2,1,http://pdpics.com/,opencv,exact,18,10,1,0,1,0,0,0,0.0,0,0,0,0,0,0,0,0,0,0,0,0,0,3.419381945646371,0,0,0,0,0,0,0,1.0,0.6932838290345436,0.4540959192502694,0.31048583984375,1.0,2499.4746170043945,0.03729248046875,0.5340576171875,0.12109375,25.0,330.0,330.0
Q01918__clean,Q01918,0,,ka-cn.com,data/qr_images/Q01918.png,none,none,2,1,https://www.ka-cn.com/,opencv,exact,22,13,1,0,2,1,1,0,0.0,1,0,0,0,0,0,0,0,1,0,0,0,0,3.7544418457133446,0,0,0,0,0,0,0,1.0,0.6785901836320466,0.4600537829411529,0.3255882263183594,1.0,2549.326202392578,0.037921905517578125,0.34332275390625,0.12109375,25.0,330.0,330.0
Q01919__clean,Q01919,0,,playtool.com,data/qr_images/Q01919.png,none,none,4,1,http://www.playtool.com/pages/installvid/install.html,opencv,exact,53,16,30,0,3,1,0,0,0.0,0,0,0,0,0,0,3,0,0,0,0,0,0,4.0430105499189,0,0,0,0,0,0,0,1.0,0.6519918105181526,0.46666908436959426,0.3453788757324219,1.0,3567.999725341797,0.05233001708984375,0.41961669921875,0.09765625,33.0,410.0,410.0
Q01920__clean,Q01920,1,,office.com,data/qr_images/Q01920.png,none,none,8,1,https://forms.office.com/Pages/ResponsePage.aspx?id=DQSIkWdsW0yxEjajBLZtrQAAAAAAAAAAAAYAAAUNXyRUMTZMRlNNV1hWVFdWR1ZINVZUTFRTVkE0Ty4u,opencv,exact,132,16,24,83,3,1,0,5,0.03787878787878788,2,0,1,1,0,0,2,1,1,0,0,0,0,5.281073385627024,0,0,0,0,0,0,0,1.0,0.6207974003810509,0.4688990799310866,0.3788795471191406,1.0,5116.076469421387,0.08126449584960938,0.91552734375,0.0703125,49.0,570.0,570.0
Q01921__clean,Q01921,1,,189.36.52.206,data/qr_images/Q01921.png,none,none,3,1,http://189.36.52.206/#!/login,opencv,exact,29,13,1,0,3,0,0,10,0.3448275862068966,2,0,0,0,0,0,0,0,0,1,0,0,0,4.21126073643228,1,1,0,0,0,0,0,1.0,0.6873584522920496,0.4548501043973776,0.3143043518066406,1.0,3162.3152389526367,0.046222686767578125,0.5340576171875,0.107421875,29.0,370.0,370.0
Q01922__clean,Q01922,1,,marketinghelper.com.au,data/qr_images/Q01922.png,none,none,6,1,http://marketinghelper.com.au/themes/sports/wp-content/net/352407221afb776e3143e8a1a0577885,opencv,exact,91,22,62,0,2,0,1,25,0.27472527472527475,1,0,0,0,0,0,5,0,0,0,0,0,0,4.673190624397682,0,0,0,0,0,0,0,1.0,0.6347189809761795,0.46891809114191296,0.36547088623046875,1.0,4917.600135803223,0.06949615478515625,0.6103515625,0.08203125,41.0,490.0,490.0
Q01923__clean,Q01923,1,,mace-paris.com,data/qr_images/Q01923.png,none,none,5,1,http://mace-paris.com/sites/default/files/css/components/servlet/session/,opencv,exact,73,14,52,0,1,0,1,0,0.0,1,0,0,0,0,0,7,0,0,0,0,0,0,3.963013034646754,0,0,0,0,0,0,0,1.0,0.6394866943359375,0.4689860272871699,0.3566932678222656,1.0,4146.304931640625,0.06049346923828125,0.6103515625,0.08984375,37.0,450.0,450.0
Q01924__clean,Q01924,0,,crownhoteltm.com,data/qr_images/Q01924.png,none,none,3,1,https://www.crownhoteltm.com/,opencv,exact,29,20,1,0,2,1,0,0,0.0,0,0,0,0,0,0,0,0,1,0,0,0,0,3.7024715122197467,0,0,0,0,0,0,0,1.0,0.7005085963828891,0.4493622528712948,0.30121612548828125,1.0,3144.8209228515625,0.045745849609375,0.57220458984375,0.107421875,29.0,370.0,370.0
Q01925__clean,Q01925,1,,ryder-dutton.co.uk,data/qr_images/Q01925.png,none,none,4,1,https://autodiscover.ryder-dutton.co.uk/owa/auth/logon.aspx,opencv,exact,59,31,20,0,4,1,1,0,0.0,1,0,0,0,0,0,3,0,1,0,0,0,0,4.271870804621884,0,0,0,0,0,0,0,1.0,0.6484210444431678,0.4678119755055657,0.3489036560058594,1.0,3621.0864868164062,0.05281829833984375,0.49591064453125,0.09765625,33.0,410.0,410.0
Q01926__clean,Q01926,0,,50plus.de,data/qr_images/Q01926.png,none,none,2,1,http://www.50plus.de/,opencv,exact,21,13,1,0,2,1,0,2,0.09523809523809523,0,0,0,0,0,0,0,0,0,0,0,0,0,3.6537567082870006,0,0,0,0,0,0,0,1.0,0.7061385809206495,0.4482530048790171,0.29759979248046875,1.0,2537.147964477539,0.03800201416015625,0.57220458984375,0.12109375,25.0,330.0,330.0
Q01927__clean,Q01927,0,,heartmus.dk,data/qr_images/Q01927.png,none,none,2,1,http://heartmus.dk,opencv,exact,18,11,0,0,1,0,0,0,0.0,0,0,0,0,0,0,0,0,0,0,0,0,0,3.6835423624332306,0,0,0,0,0,0,0,1.0,0.7061399572035846,0.44837233817104816,0.2975807189941406,1.0,2532.772750854492,0.037647247314453125,0.49591064453125,0.12109375,25.0,330.0,330.0
Q01928__clean,Q01928,1,,zdravets.org,data/qr_images/Q01928.png,none,none,4,1,http://zdravets.org/Scripts/Supplier/weblogin.html,opencv,exact,50,12,31,0,2,0,0,0,0.0,0,0,0,0,0,0,3,0,0,0,0,0,0,4.334177320667443,1,1,0,0,0,0,0,1.0,0.6793526593376609,0.4568389225673678,0.3165473937988281,1.0,3633.4753494262695,0.05269622802734375,0.64849853515625,0.09765625,33.0,410.0,410.0
Q01929__clean,Q01929,0,,techguy.org,data/qr_images/Q01929.png,none,none,5,1,https://forums.techguy.org/threads/device-driver-not-found-mscd001.52810/,opencv,exact,73,18,47,0,3,1,4,8,0.1095890410958904,4,0,0,0,0,0,2,0,1,0,0,0,0,4.548418533085478,0,0,0,0,0,0,0,1.0,0.6473884133731618,0.4667206777631533,0.3490257263183594,1.0,4030.944953918457,0.059192657470703125,0.457763671875,0.08984375,37.0,450.0,450.0
Q01930__clean,Q01930,0,,lebara.com.au,data/qr_images/Q01930.png,none,none,2,1,https://www.lebara.com.au/,opencv,exact,26,17,1,0,3,1,0,0,0.0,0,0,0,0,0,0,0,0,1,0,0,0,0,3.891995487039019,0,0,0,0,0,0,0,1.0,0.7098155900543811,0.4466321832303732,0.2933921813964844,1.0,2521.7506408691406,0.037689208984375,0.49591064453125,0.12109375,25.0,330.0,330.0
Q01931__clean,Q01931,0,,vocabulary.com,data/qr_images/Q01931.png,none,none,4,1,https://www.vocabulary.com/dictionary/dynasty,opencv,exact,45,18,19,0,2,1,0,0,0.0,0,0,0,0,0,0,2,0,1,0,0,0,0,4.197082818407667,0,0,0,0,0,0,0,1.0,0.659125877829159,0.4640004253425209,0.3383369445800781,1.0,3683.7371520996094,0.053852081298828125,0.457763671875,0.09765625,33.0,410.0,410.0
Q01932__clean,Q01932,0,,dictionarist.com,data/qr_images/Q01932.png,none,none,4,1,http://www.dictionarist.com/french-english/Sonar,opencv,exact,48,20,21,0,2,1,1,0,0.0,1,0,0,0,0,0,2,0,0,0,0,0,0,4.256328385912463,0,0,0,0,0,0,0,1.0,0.6626965391869638,0.4628258722945298,0.33443450927734375,1.0,3713.19775390625,0.053775787353515625,0.457763671875,0.09765625,33.0,410.0,410.0
Q01933__clean,Q01933,0,,britannica.com,data/qr_images/Q01933.png,none,none,4,1,https://www.britannica.com/technology/computer-memory,opencv,exact,53,18,27,0,2,1,1,0,0.0,1,0,0,0,0,0,2,0,1,0,0,0,0,4.251716096874,0,0,0,0,0,0,0,1.0,0.6400914210899203,0.4702875162135808,0.3571319580078125,1.0,3624.1355361938477,0.053009033203125,0.41961669921875,0.09765625,33.0,410.0,410.0
Q01934__clean,Q01934,0,,visitparkcity.com,data/qr_images/Q01934.png,none,none,3,1,https://www.visitparkcity.com/,opencv,exact,30,21,1,0,2,1,0,0,0.0,0,0,0,0,0,0,0,0,1,0,0,0,0,3.8980685120588388,0,0,0,0,0,0,0,1.0,0.6800550273820466,0.45807358522803293,0.3218536376953125,1.0,3176.5040588378906,0.045696258544921875,0.49591064453125,0.107421875,29.0,370.0,370.0
Q01935__clean,Q01935,1,,reippl.com,data/qr_images/Q01935.png,none,none,8,1,http://signin.eday.co.uk.ws.edayisapi.dllsign.inusingsslpuseridcopartnerid2siteid.zdfxx949xyss1pnbh0soabfdzgdh2kppnu.reippl.com/,opencv,exact,128,120,1,0,10,9,0,7,0.0546875,0,0,0,0,0,0,0,0,0,0,0,0,0,4.568664968892781,1,0,0,0,0,0,0,1.0,0.621416488348269,0.4686301734595528,0.3782615661621094,1.0,5134.488525390625,0.08198165893554688,1.1444091796875,0.0703125,49.0,570.0,570.0
Q01936__clean,Q01936,0,,seriouseats.com,data/qr_images/Q01936.png,none,none,6,1,http://www.seriouseats.com/recipes/2015/07/grilled-pork-belly-kebabs-gochujang-chili-recipe.html,opencv,exact,96,19,70,0,3,1,6,6,0.0625,6,0,0,0,0,0,4,0,0,0,0,0,0,4.6144230844251535,0,0,0,0,0,0,0,1.0,0.6551276861452588,0.4630219290703805,0.34552001953125,1.0,4863.055908203125,0.06786727905273438,0.6866455078125,0.08203125,41.0,490.0,490.0
Q01937__clean,Q01937,0,,onlineocr.net,data/qr_images/Q01937.png,none,none,2,1,https://www.onlineocr.net,opencv,exact,25,17,0,0,2,1,0,0,0.0,0,0,0,0,0,0,0,0,1,0,0,0,0,3.7532696895151076,0,0,0,0,0,0,0,1.0,0.6896092882343366,0.455421097865326,0.3145103454589844,1.0,2604.103416442871,0.03874969482421875,0.3814697265625,0.12109375,25.0,330.0,330.0
Q01938__clean,Q01938,0,,wikia.com,data/qr_images/Q01938.png,none,none,4,1,http://psychology.wikia.com/wiki/Cladistics,opencv,exact,43,20,16,0,2,1,0,0,0.0,0,0,0,0,0,0,2,0,0,0,0,0,0,4.065117661376962,0,0,0,0,0,0,0,1.0,0.6627009373085172,0.46330724648763394,0.33461761474609375,1.0,3460.580810546875,0.050907135009765625,0.6103515625,0.09765625,33.0,410.0,410.0
Q01939__clean,Q01939,0,,lunarium.co.uk,data/qr_images/Q01939.png,none,none,4,1,http://www.lunarium.co.uk/calendar/gardening.jsp,opencv,exact,48,18,23,0,4,1,0,0,0.0,0,0,0,0,0,0,2,0,0,0,0,0,0,4.28778203183594,0,0,0,0,0,0,0,1.0,0.6662662580901502,0.4613602891610334,0.3307991027832031,1.0,3726.8393630981445,0.054401397705078125,0.3814697265625,0.09765625,33.0,410.0,410.0
Q01940__clean,Q01940,1,,xyzguyz.com,data/qr_images/Q01940.png,none,none,4,1,http://www.xyzguyz.com/admin1/G.Docs/index.php,opencv,exact,46,15,24,0,4,1,0,1,0.021739130434782608,0,0,0,0,0,0,3,0,0,0,0,0,0,4.412270315214323,0,0,0,0,0,0,0,1.0,0.6507990967993643,0.4665335075520307,0.3467216491699219,1.0,3774.6855087280273,0.055042266845703125,0.49591064453125,0.09765625,33.0,410.0,410.0
Q01941__clean,Q01941,1,,vintostal.pl,data/qr_images/Q01941.png,none,none,2,1,http://www.vintostal.pl/,opencv,exact,24,16,1,0,2,1,0,0,0.0,0,0,0,0,0,0,0,0,0,0,0,0,0,3.605388542207534,0,0,0,0,0,0,0,1.0,0.6969584147135417,0.45278933041491076,0.306610107421875,1.0,2439.4570083618164,0.03619384765625,0.457763671875,0.12109375,25.0,330.0,330.0
Q01942__clean,Q01942,1,,goldensealstudio.com,data/qr_images/Q01942.png,none,none,4,1,http://paypa1verification.goldensealstudio.com/login,opencv,exact,52,39,6,0,2,1,0,1,0.019230769230769232,0,0,0,0,0,0,1,0,0,0,0,0,0,4.296714363147036,2,1,0,0,0,0,0,1.0,0.6638887442794501,0.4624136049707768,0.3329315185546875,1.0,3686.21142578125,0.053661346435546875,0.49591064453125,0.09765625,33.0,410.0,410.0
Q01943__clean,Q01943,1,,voilaparisinterior.com,data/qr_images/Q01943.png,none,none,3,1,https://voilaparisinterior.com/ebay.de/,opencv,exact,39,22,9,0,2,0,0,0,0.0,0,0,0,0,0,0,1,0,1,0,0,0,0,4.111698692943855,0,0,0,0,0,0,0,1.0,0.6990471335018382,0.4501209836775495,0.3026847839355469,1.0,3156.0424041748047,0.045604705810546875,0.57220458984375,0.107421875,29.0,370.0,370.0
Q01944__clean,Q01944,0,,0930-69.com,data/qr_images/Q01944.png,none,none,2,1,http://www.0930-69.com/,opencv,exact,23,15,1,0,2,1,1,6,0.2608695652173913,1,0,0,0,0,0,0,0,0,0,0,0,0,3.7622673906514947,0,0,0,0,0,0,0,1.0,0.7015484080595129,0.4505105089804257,0.3021812438964844,1.0,2507.0802841186523,0.03725433349609375,0.5340576171875,0.12109375,25.0,330.0,330.0
Q01945__clean,Q01945,1,,acostamueble.com,data/qr_images/Q01945.png,none,none,3,1,http://www.acostamueble.com/img/,opencv,exact,32,20,5,0,2,1,0,0,0.0,0,0,0,0,0,0,1,0,0,0,0,0,0,3.9917292966721747,0,0,0,0,0,0,0,1.0,0.6815174775965074,0.4574194480220383,0.3210411071777344,1.0,3190.7265625,0.0459747314453125,0.457763671875,0.107421875,29.0,370.0,370.0
Q01946__clean,Q01946,1,,gminawilkow.pl,data/qr_images/Q01946.png,none,none,4,1,http://www.gminawilkow.pl/modules/blog/Online/index.php,opencv,exact,55,18,30,0,3,1,0,0,0.0,0,0,0,0,0,0,4,0,0,0,0,0,0,4.199655741530278,0,0,0,0,0,0,0,1.0,0.6722163032082951,0.45954960743247614,0.3250846862792969,1.0,3610.161964416504,0.05272674560546875,0.72479248046875,0.09765625,33.0,410.0,410.0
Q01947__clean,Q01947,1,,thewcollection.co.uk,data/qr_images/Q01947.png,none,none,6,1,http://thewcollection.co.uk/wp-includes/certificates/ii.php?rand=13inboxlightaspxn.1774256418,opencv,exact,93,20,32,33,4,0,1,12,0.12903225806451613,3,0,1,1,0,0,3,1,0,0,0,0,0,4.755669737312679,0,0,0,0,0,0,0,1.0,0.643885025323606,0.46660850657761327,0.3561058044433594,1.0,4782.609275817871,0.06760787963867188,0.57220458984375,0.08203125,41.0,490.0,490.0
Q01948__clean,Q01948,0,,softsea.com,data/qr_images/Q01948.png,none,none,4,1,http://www.softsea.com/review/Text-File-Splitter.html,opencv,exact,53,15,31,0,3,1,2,0,0.0,2,0,0,0,0,0,2,0,0,0,0,0,0,4.229318153332621,0,0,0,0,0,0,0,1.0,0.6775689966538373,0.4577774633144753,0.3193550109863281,1.0,3514.5218353271484,0.0513458251953125,0.64849853515625,0.09765625,33.0,410.0,410.0
Q01949__clean,Q01949,1,,tonidicoimbra.club,data/qr_images/Q01949.png,none,none,4,1,http://10ideiasdenegocios1.tonidicoimbra.club/,opencv,exact,46,38,1,0,2,1,0,3,0.06521739130434782,0,0,0,0,0,0,0,0,0,0,0,0,0,4.23477472746692,0,0,0,0,0,0,0,1.0,0.6662668415144378,0.4615315824861999,0.3313407897949219,1.0,3647.333427429199,0.053455352783203125,0.5340576171875,0.09765625,33.0,410.0,410.0
Q01950__clean,Q01950,0,,kirith.com,data/qr_images/Q01950.png,none,none,5,1,https://www.kirith.com/random-wizard/articles/b1-quasqueton-iowa-greyhawk.html,opencv,exact,78,14,56,0,3,1,4,1,0.01282051282051282,4,0,0,0,0,0,3,0,1,0,0,0,0,4.511327905465516,0,0,0,0,0,0,0,1.0,0.6602278615914139,0.46225610557513447,0.3370361328125,1.0,4154.981674194336,0.060588836669921875,0.72479248046875,0.08984375,37.0,450.0,450.0
Q01951__clean,Q01951,0,,healthrid.org,data/qr_images/Q01951.png,none,none,2,1,http://www.healthrid.org/,opencv,exact,25,17,1,0,2,1,0,0,0.0,0,0,0,0,0,0,0,0,0,0,0,0,0,3.7230741894285684,0,0,0,0,0,0,0,1.0,0.7006296644023821,0.45083329006926454,0.30310821533203125,1.0,2519.356735229492,0.03772735595703125,0.49591064453125,0.12109375,25.0,330.0,330.0
Q01952__clean,Q01952,0,,ehow.com,data/qr_images/Q01952.png,none,none,5,1,http://www.ehow.com/facts_6806326_peer-support-specialist-job-description.html,opencv,exact,78,12,59,0,3,1,4,7,0.08974358974358974,6,0,0,0,0,0,1,0,0,0,0,0,0,4.570471213825608,0,0,0,0,0,0,0,1.0,0.6681318096086091,0.4597850592346103,0.3291015625,1.0,4070.479507446289,0.059131622314453125,0.57220458984375,0.08984375,37.0,450.0,450.0
Q01953__clean,Q01953,1,,intnet.mu,data/qr_images/Q01953.png,none,none,3,1,http://albel.intnet.mu/File/index.php,opencv,exact,37,15,15,0,3,1,0,0,0.0,0,0,0,0,0,0,2,0,0,0,0,0,0,3.864198297769022,0,0,0,0,0,0,0,1.0,0.6859010733810126,0.4559461668153506,0.31597900390625,1.0,3082.8972702026367,0.044544219970703125,0.5340576171875,0.107421875,29.0,370.0,370.0
Q01954__clean,Q01954,0,,helpdeskgeek.com,data/qr_images/Q01954.png,none,none,6,1,http://helpdeskgeek.com/help-desk/fix-base-system-device-not-found-in-device-manager/,opencv,exact,85,16,62,0,1,0,9,0,0.0,9,0,0,0,0,0,2,0,0,0,0,0,0,4.330000638640411,0,0,0,0,0,0,0,1.0,0.6480478024950215,0.46537440840932637,0.3514442443847656,1.0,4770.893798828125,0.06725311279296875,0.6866455078125,0.08203125,41.0,490.0,490.0
Q01955__clean,Q01955,0,,xn--mhringen-n4a.de,data/qr_images/Q01955.png,none,none,3,1,https://www.xn--mhringen-n4a.de/,opencv,exact,32,23,1,0,2,1,3,1,0.03125,3,0,0,0,0,0,0,0,1,0,1,0,0,4.054229296672174,0,0,0,0,0,0,0,1.0,0.6815175823136872,0.4574192524361431,0.3204002380371094,1.0,3104.7333908081055,0.045452117919921875,0.5340576171875,0.107421875,29.0,370.0,370.0
Q01956__clean,Q01956,1,,nabihdent.com,data/qr_images/Q01956.png,none,none,6,1,http://nabihdent.com/tw5/enn/3280d8bfdf5592f411fbf7c003316512/Up-dating.php?log=ScsPage,opencv,exact,87,13,55,11,2,0,1,23,0.26436781609195403,3,0,1,1,0,0,4,1,0,0,0,0,0,4.91268276082449,0,0,0,0,0,0,0,1.0,0.6517964381797641,0.46431618509640615,0.34900665283203125,1.0,4623.667831420898,0.06585311889648438,0.6866455078125,0.08203125,41.0,490.0,490.0
Q01957__clean,Q01957,1,,starmak.com.tr,data/qr_images/Q01957.png,none,none,4,1,http://starmak.com.tr/950CAAEA0281AA2BEBED8F9ECCA4BD30?sec=MDebera,opencv,exact,66,14,33,11,2,0,0,13,0.19696969696969696,2,0,1,1,0,0,1,1,0,0,0,0,0,4.77850207357611,0,0,0,0,0,0,0,1.0,0.6555575052897136,0.46570183359853784,0.3412322998046875,1.0,3585.633987426758,0.051868438720703125,0.5340576171875,0.09765625,33.0,410.0,410.0
Q01958__clean,Q01958,0,,studytonight.com,data/qr_images/Q01958.png,none,none,5,1,http://www.studytonight.com/computer-networks/network-topology-types,opencv,exact,68,20,41,0,2,1,3,0,0.0,3,0,0,0,0,0,2,0,0,0,0,0,0,4.166825209866107,0,0,0,0,0,0,0,1.0,0.6567727182425704,0.4635117483006083,0.3398475646972656,1.0,4292.902931213379,0.061122894287109375,0.6103515625,0.08984375,37.0,450.0,450.0
Q01959__clean,Q01959,1,,facebaak.gq,data/qr_images/Q01959.png,none,none,4,1,https://copiar.facebaak.gq/sites/11/1595545178/,opencv,exact,47,18,21,0,2,1,0,12,0.2553191489361702,0,0,0,0,0,0,3,0,1,0,0,0,0,4.2988537451105335,0,0,0,0,0,0,0,1.0,0.6615085078220742,0.4635470713206546,0.335845947265625,1.0,3525.486686706543,0.05182647705078125,0.41961669921875,0.09765625,33.0,410.0,410.0
Q01960__clean,Q01960,0,,bandaacehkota.go.id,data/qr_images/Q01960.png,none,none,2,1,http://bandaacehkota.go.id,opencv,exact,26,19,0,0,2,0,0,0,0.0,0,0,0,0,0,0,0,0,0,0,0,0,0,3.8252517372886508,0,0,0,0,0,0,0,1.0,0.7171614254222197,0.44326117538123994,0.2876091003417969,1.0,2482.220573425293,0.03704833984375,0.72479248046875,0.12109375,25.0,330.0,330.0
Q01961__clean,Q01961,1,,habfurdo.com,data/qr_images/Q01961.png,none,none,6,1,http://www.habfurdo.com/wp-content/plugins/bbpress/home/signin/Security/myaccount/signin/,opencv,exact,89,16,66,0,2,1,1,0,0.0,1,0,0,0,0,0,8,0,0,0,0,0,0,4.3445350405417695,2,0,0,1,0,0,0,1.0,0.6355530084348192,0.46894727576976947,0.3645591735839844,1.0,4779.536560058594,0.06801986694335938,0.6103515625,0.08203125,41.0,490.0,490.0
Q01962__clean,Q01962,0,,sakenin.com,data/qr_images/Q01962.png,none,none,2,1,https://www.sakenin.com/,opencv,exact,24,15,1,0,2,1,0,0,0.0,0,0,0,0,0,0,0,0,1,0,0,0,0,3.8553885422075345,0,0,0,0,0,0,0,1.0,0.693284517176011,0.45410711645124924,0.31061553955078125,1.0,2531.1217193603516,0.03765106201171875,0.3814697265625,0.12109375,25.0,330.0,330.0
Q01963__clean,Q01963,0,,juristenkoffer.de,data/qr_images/Q01963.png,none,none,3,1,https://www.juristenkoffer.de/,opencv,exact,30,21,1,0,2,1,0,0,0.0,0,0,0,0,0,0,0,0,1,0,0,0,0,4.0062389286533895,0,0,0,0,0,0,0,1.0,0.6859005497951134,0.4557704240544021,0.31622314453125,1.0,3266.0348587036133,0.046100616455078125,0.5340576171875,0.107421875,29.0,370.0,370.0
Q01964__clean,Q01964,0,,balloonsaloon.com,data/qr_images/Q01964.png,none,none,5,1,http://www.balloonsaloon.com/fun-mylar-balloon-shapes/mega-number-balloons.html,opencv,exact,79,21,51,0,3,1,5,0,0.0,5,0,0,0,0,0,2,0,0,0,0,0,0,4.161836090653271,0,0,0,0,0,0,0,1.0,0.6325715756883808,0.47120424571656633,0.3638343811035156,1.0,4060.8842544555664,0.059429168701171875,0.34332275390625,0.08984375,37.0,450.0,450.0
Q01965__clean,Q01965,0,,brightspyre.com,data/qr_images/Q01965.png,none,none,3,1,http://www.brightspyre.com/,opencv,exact,27,19,1,0,2,1,0,0,0.0,0,0,0,0,0,0,0,0,0,0,0,0,0,3.930270372293455,0,0,0,0,0,0,0,1.0,0.6895534290986902,0.4544146939417027,0.3123817443847656,1.0,3040.486526489258,0.044345855712890625,0.6103515625,0.107421875,29.0,370.0,370.0
Q01966__clean,Q01966,1,,danielschreurs.com,data/qr_images/Q01966.png,none,none,4,1,http://paypal-express-checkout.danielschreurs.com/,opencv,exact,50,42,1,0,2,1,2,0,0.0,2,0,0,0,0,0,0,0,0,0,0,0,0,4.2561746300696415,0,0,0,0,0,0,0,1.0,0.6876824173272825,0.45364259320036765,0.3087348937988281,1.0,3626.1624603271484,0.05226898193359375,0.80108642578125,0.09765625,33.0,410.0,410.0
Q01967__clean,Q01967,0,,slideserve.com,data/qr_images/Q01967.png,none,none,5,1,http://www.slideserve.com/yuri/csc-9010-text-mining-applications,opencv,exact,64,18,39,0,2,1,4,4,0.0625,4,0,0,0,0,0,2,0,0,0,0,0,0,4.509623781480404,0,0,0,0,0,0,0,1.0,0.6562762690525429,0.4642899185476648,0.34018707275390625,1.0,4082.719512939453,0.058300018310546875,0.57220458984375,0.08984375,37.0,450.0,450.0
Q01968__clean,Q01968,1,,qpass.com,data/qr_images/Q01968.png,none,none,4,1,https://cingular-oac.qpass.com/oac/html/signin.do,opencv,exact,49,22,19,0,3,1,1,0,0.0,1,0,0,0,0,0,3,0,1,0,0,0,0,4.132481466909276,1,0,0,0,0,0,0,1.0,0.6579396715351179,0.46465445893198226,0.33901214599609375,1.0,3660.3806228637695,0.053131103515625,0.49591064453125,0.09765625,33.0,410.0,410.0
Q01969__clean,Q01969,0,,slideserve.com,data/qr_images/Q01969.png,none,none,5,1,http://www.slideserve.com/khalil/thin-clients-vs-thick-fat-clients,opencv,exact,66,18,41,0,2,1,5,0,0.0,5,0,0,0,0,0,2,0,0,0,0,0,0,4.179097204800813,0,0,0,0,0,0,0,1.0,0.6523272794835707,0.4648904234007768,0.3446998596191406,1.0,4115.995956420898,0.060474395751953125,0.80108642578125,0.08984375,37.0,450.0,450.0
Q01970__clean,Q01970,0,,populuslive.com,data/qr_images/Q01970.png,none,none,3,1,https://www.populuslive.com/,opencv,exact,28,19,1,0,2,1,0,0,0.0,0,0,0,0,0,0,0,0,1,0,0,0,0,3.8693312611115185,0,0,0,0,0,0,0,1.0,0.6822458454206878,0.4573915913898473,0.3198966979980469,1.0,2992.260711669922,0.044063568115234375,0.3814697265625,0.107421875,29.0,370.0,370.0
Q01971__clean,Q01971,1,,everythingwakeboard.com,data/qr_images/Q01971.png,none,none,4,1,http://www.everythingwakeboard.com/Cap/Pack/,opencv,exact,44,27,10,0,2,1,0,0,0.0,0,0,0,0,0,0,2,0,0,0,0,0,0,4.297626721392666,0,0,0,0,0,0,0,1.0,0.6698359021953508,0.46049733868865844,0.32674407958984375,1.0,3619.352508544922,0.0525970458984375,0.5340576171875,0.09765625,33.0,410.0,410.0
Q01972__clean,Q01972,0,,ccmservicios.com.mx,data/qr_images/Q01972.png,none,none,2,1,http://ccmservicios.com.mx,opencv,exact,26,19,0,0,2,0,0,0,0.0,0,0,0,0,0,0,0,0,0,0,0,0,0,3.7483286603655737,0,0,0,0,0,0,0,1.0,0.70430248484892,0.4490222585378382,0.2996673583984375,1.0,2555.842414855957,0.03839874267578125,0.5340576171875,0.12109375,25.0,330.0,330.0
Q01973__clean,Q01973,0,,dittomusic.com,data/qr_images/Q01973.png,none,none,3,1,https://www.dittomusic.com/,opencv,exact,27,18,1,0,2,1,0,0,0.0,0,0,0,0,0,0,0,0,1,0,0,0,0,3.661932872373582,0,0,0,0,0,0,0,1.0,0.687360367120481,0.4548003512937475,0.31451416015625,1.0,3157.0547637939453,0.046360015869140625,0.457763671875,0.107421875,29.0,370.0,370.0
Q01974__clean,Q01974,1,,4able.com.br,data/qr_images/Q01974.png,none,none,11,1,http://4able.com.br/wp-admin/user/onedrive/login.php?cmd=login_submit&amp;id=e56ab7abe46f81ceab71c668c90b5a55e56ab7abe46f81ceab71c668c90b5a55&amp;session=e56ab7abe46f81ceab71c668c90b5a55e56ab7abe46f81ceab71c668c90b5a55,opencv,exact,218,12,33,165,3,0,1,69,0.3165137614678899,10,0,1,3,2,0,4,3,0,0,0,0,0,4.7024373947806595,1,1,0,0,0,0,0,1.0,0.6042890660903033,0.4698822885937434,0.39617919921875,1.0,7906.961708068848,0.10554885864257812,0.95367431640625,0.05859375,61.0,690.0,690.0
Q01975__clean,Q01975,1,,joshtobye.com,data/qr_images/Q01975.png,none,none,12,1,http://joshtobye.com/3.mtb.com/www3.mtb.com/emsslv9082.php?YmjBYuHwX9i3fqlQEfWPf514qjqXpr6tN4KRN4j1rFLK3BwXJQJGDsFL9aKbrYAJLPYDh8nuP3gxmumzrfWbqaOBPk7oD0GJPYfPxtOEE18IaF2iH0SGv9nM5DjwqVdCH69VQo6J9x0QDNDyNWJi6XxRfbQQyV4z6ivS1H8Y2tQ7e8u87WpBdKAzjb319BX2prmMyk5f,opencv,exact,259,13,38,200,6,0,0,47,0.18146718146718147,1,0,1,0,0,0,3,1,0,0,0,0,0,5.812558918531429,0,0,0,0,0,0,0,1.0,0.5965551338943781,0.4689475891996199,0.4035987854003906,1.0,7325.414924621582,0.110107421875,1.2969970703125,0.0546875,65.0,730.0,730.0
Q01976__clean,Q01976,0,,teatroscanal.com,data/qr_images/Q01976.png,none,none,3,1,http://www.teatroscanal.com/,opencv,exact,28,20,1,0,2,1,0,0,0.0,0,0,0,0,0,0,0,0,0,0,0,0,0,3.7979026896829464,0,0,0,0,0,0,0,1.0,0.6837091184129902,0.45701576955951145,0.3180732727050781,1.0,2919.9995651245117,0.042938232421875,0.57220458984375,0.107421875,29.0,370.0,370.0
Q01977__clean,Q01977,0,,havwoods.co.uk,data/qr_images/Q01977.png,none,none,3,1,https://www.havwoods.co.uk/,opencv,exact,27,18,1,0,3,1,0,0,0.0,0,0,0,0,0,0,0,0,1,0,0,0,0,3.708048150071232,0,0,0,0,0,0,0,1.0,0.696127872841031,0.45113007531113064,0.30539703369140625,1.0,3184.626045227051,0.04644012451171875,0.72479248046875,0.107421875,29.0,370.0,370.0
Q01978__clean,Q01978,1,,citrulline.fr,data/qr_images/Q01978.png,none,none,8,1,https://citrulline.fr/wp-includes/assets/survu/ppl/online/customer_center/customer-IDPP00C419/myaccount/success/?cmd=_session=EG&amp;amp,opencv,exact,136,13,91,23,1,0,2,5,0.03676470588235294,9,0,1,2,1,0,9,2,1,0,0,0,0,4.64797157870694,1,0,0,1,0,0,0,1.0,0.6158756330901501,0.47031861995131885,0.38372802734375,1.0,5101.552040100098,0.08076858520507812,0.8392333984375,0.0703125,49.0,570.0,570.0
Q01979__clean,Q01979,1,,irfantrading.com,data/qr_images/Q01979.png,none,none,5,1,http://www.irfantrading.com/Style/logi/userverify/loginspf/login.html,opencv,exact,69,20,42,0,3,1,0,0,0.0,0,0,0,0,0,0,5,0,0,0,0,0,0,4.34910285654255,2,1,1,0,0,0,0,1.0,0.6488694284476486,0.46641837913604445,0.3483619689941406,1.0,4003.917823791504,0.0586395263671875,0.72479248046875,0.08984375,37.0,450.0,450.0
Q01980__clean,Q01980,0,,builditsolar.com,data/qr_images/Q01980.png,none,none,5,1,http://www.builditsolar.com/Projects/SolarHomes/constructionps.htm,opencv,exact,66,20,39,0,3,1,0,0,0.0,0,0,0,0,0,0,3,0,0,0,0,0,0,4.312626128926675,0,0,0,0,0,0,0,1.0,0.6612164964862898,0.4619788201288905,0.3350067138671875,1.0,4251.856468200684,0.061038970947265625,0.49591064453125,0.08984375,37.0,450.0,450.0
Q01981__clean,Q01981,1,,subcultuur.nl,data/qr_images/Q01981.png,none,none,4,1,http://mail.subcultuur.nl/~u43730p39181/pki-validation,opencv_aruco,exact,54,18,29,0,2,1,1,10,0.18518518518518517,2,0,0,0,0,0,2,0,0,0,0,0,0,4.572030039553706,0,0,0,0,0,0,0,1.0,0.6668616799747242,0.461699747679065,0.3298149108886719,1.0,3531.7396087646484,0.051700592041015625,0.6103515625,0.09765625,33.0,410.0,410.0
Q01982__clean,Q01982,0,,kompost.ch,data/qr_images/Q01982.png,none,none,2,1,http://www.kompost.ch/,opencv,exact,22,14,1,0,2,1,0,0,0.0,0,0,0,0,0,0,0,0,0,0,0,0,0,3.4474015047059146,0,0,0,0,0,0,0,1.0,0.6896090339211857,0.4553953946694522,0.3140296936035156,1.0,2567.0643997192383,0.0383453369140625,0.457763671875,0.12109375,25.0,330.0,330.0
Q01983__clean,Q01983,1,,freetakipci.net,data/qr_images/Q01983.png,none,none,3,1,https://freetakipci.net/instalogins,opencv,exact,35,15,12,0,1,0,0,0,0.0,0,0,0,0,0,0,1,0,1,0,0,0,0,3.911306145999517,1,1,0,0,0,0,0,1.0,0.6807871949438955,0.4579799632255586,0.32091522216796875,1.0,3074.8057556152344,0.044567108154296875,0.49591064453125,0.107421875,29.0,370.0,370.0
Q01984__clean,Q01984,1,,000webhostapp.com,data/qr_images/Q01984.png,none,none,3,1,https://instargrams.000webhostapp.com/,opencv,exact,38,29,1,0,2,1,0,3,0.07894736842105263,0,0,0,0,0,0,0,0,1,0,0,0,0,4.063202513215852,0,0,0,0,0,0,0,1.0,0.7005085066253064,0.4495187314519488,0.3008155822753906,1.0,3083.867500305176,0.045017242431640625,0.6866455078125,0.107421875,29.0,370.0,370.0
Q01985__clean,Q01985,0,,missfiga.com,data/qr_images/Q01985.png,none,none,2,1,https://www.missfiga.com/,opencv,exact,25,16,1,0,2,1,0,0,0.0,0,0,0,0,0,0,0,0,1,0,0,0,0,3.7532696895151076,0,0,0,0,0,0,0,1.0,0.6859370811312806,0.45711070607814763,0.3182411193847656,1.0,2556.871292114258,0.038059234619140625,0.457763671875,0.12109375,25.0,330.0,330.0
Q01986__clean,Q01986,1,,magix.net,data/qr_images/Q01986.png,none,none,2,1,http://pgrimard.magix.net/,opencv,exact,26,18,1,0,2,1,0,0,0.0,0,0,0,0,0,0,0,0,0,0,0,0,0,3.796217602590056,0,0,0,0,0,0,0,1.0,0.7070580575980392,0.4482829822784737,0.2963714599609375,1.0,2431.171455383301,0.036075592041015625,0.457763671875,0.12109375,25.0,330.0,330.0
Q01987__clean,Q01987,0,,itrelease.com,data/qr_images/Q01987.png,none,none,5,1,http://www.itrelease.com/2012/12/examples-and-types-of-networks/,opencv,exact,64,17,40,0,2,1,4,6,0.09375,4,0,0,0,0,0,3,0,0,0,0,0,0,4.409524219659049,0,0,0,0,0,0,0,1.0,0.6503503537645527,0.4653719596821232,0.3458595275878906,1.0,4194.576377868652,0.06148529052734375,0.5340576171875,0.08984375,37.0,450.0,450.0
Q01988__clean,Q01988,1,,intnet.mu,data/qr_images/Q01988.png,none,none,6,1,http://albel.intnet.mu/File/file_doc.php?l=_JeHFUq_VJOXJoGYDw_OXK0K0QWHtoGYDw_Product-UserID,opencv,exact,92,15,18,51,3,1,1,2,0.021739130434782608,8,0,1,1,0,0,2,1,0,0,0,0,0,5.1538525161837,0,0,0,0,0,0,0,1.0,0.6451346004710478,0.466073785615627,0.3548164367675781,1.0,4825.309181213379,0.0679931640625,0.762939453125,0.08203125,41.0,490.0,490.0
Q01989__clean,Q01989,0,,wootware.co.za,data/qr_images/Q01989.png,none,none,2,1,http://www.wootware.co.za/,opencv,exact,26,18,1,0,3,1,0,0,0.0,0,0,0,0,0,0,0,0,0,0,0,0,0,3.445470853406835,0,0,0,0,0,0,0,1.0,0.7033861796061198,0.4496600017605903,0.2997283935546875,1.0,2466.5088424682617,0.037109375,0.457763671875,0.12109375,25.0,330.0,330.0
Q01990__clean,Q01990,0,,torproject.org,data/qr_images/Q01990.png,none,none,4,1,https://www.torproject.org/download/download,opencv,exact,44,18,18,0,2,1,0,0,0.0,0,0,0,0,0,0,2,0,1,0,0,0,0,3.868158608841763,0,0,0,0,0,0,0,1.0,0.6680534661984912,0.46133061776272627,0.32947540283203125,1.0,3494.3427505493164,0.051273345947265625,0.5340576171875,0.09765625,33.0,410.0,410.0
Q01991__clean,Q01991,1,,neilmacqueen.com,data/qr_images/Q01991.png,none,none,4,1,http://www.neilmacqueen.com/wp-includes/css/login.jsp.php,opencv,exact,57,20,30,0,4,1,1,0,0.0,1,0,0,0,0,0,3,0,0,0,0,0,0,4.241152190424379,1,1,0,0,0,0,0,1.0,0.6555608861586627,0.46516108092409264,0.3415679931640625,1.0,3732.213882446289,0.0542755126953125,0.457763671875,0.09765625,33.0,410.0,410.0
Q01992__clean,Q01992,1,,jaleco.com,data/qr_images/Q01992.png,none,none,3,1,https://microsoft-excel.kr.jaleco.com/,opencv,exact,38,29,1,0,3,2,1,0,0.0,1,0,0,0,0,0,0,0,1,0,0,0,0,4.115834092163221,0,0,0,0,0,0,0,1.0,0.6807892743278953,0.45775027402290036,0.3206939697265625,1.0,3188.4563598632812,0.0459747314453125,0.49591064453125,0.107421875,29.0,370.0,370.0
Q01993__clean,Q01993,1,,stolizaparketa.ru,data/qr_images/Q01993.png,none,none,7,1,http://stolizaparketa.ru/wp-content/themes/twentyfifteen/css/read/chinavali/index.php?email=_xxx@yyy.com____/,opencv,exact,109,17,61,23,3,0,1,0,0.0,9,1,1,1,0,0,7,1,0,0,0,0,0,4.535866932397395,0,0,0,0,0,0,0,1.0,0.634751922009038,0.4679910060156486,0.363128662109375,1.0,5057.1335525512695,0.07290267944335938,0.9918212890625,0.076171875,45.0,530.0,530.0
Q01994__clean,Q01994,1,,ovh.net,data/qr_images/Q01994.png,none,none,3,1,http://vps-e8c88472.vps.ovh.net/,opencv,exact,32,24,1,0,3,2,1,6,0.1875,1,0,0,0,0,0,0,0,0,0,0,0,0,3.9209585933443494,0,0,0,0,0,0,0,1.0,0.6720214245366115,0.46105070312421453,0.3297615051269531,1.0,3180.533515930176,0.04602813720703125,0.41961669921875,0.107421875,29.0,370.0,370.0
Q01995__clean,Q01995,1,,app.link,data/qr_images/Q01995.png,none,none,3,1,https://f37xs.app.link/ozrMd3aJt4,opencv,exact,33,14,11,0,2,1,0,4,0.12121212121212122,0,0,0,0,0,0,1,0,1,0,0,0,0,4.369707376737533,0,0,0,0,0,0,0,1.0,0.692474604587929,0.4529826510615483,0.3096923828125,1.0,3129.1184844970703,0.045375823974609375,0.41961669921875,0.107421875,29.0,370.0,370.0
Q01996__clean,Q01996,1,,1drv.ms,data/qr_images/Q01996.png,none,none,4,1,https://1drv.ms/b/s!AnSp6MIjwcqubF6w6W7f9Eeekmk?e=E46MPA,opencv,exact,56,7,32,8,1,0,0,8,0.14285714285714285,3,0,1,1,0,0,2,1,1,0,0,0,0,5.030394654123197,0,0,0,0,0,0,0,1.0,0.6686466740626915,0.46055040145668863,0.32801055908203125,1.0,3725.5105895996094,0.054286956787109375,0.34332275390625,0.09765625,33.0,410.0,410.0
Q01997__clean,Q01997,0,,tulsapolice.org,data/qr_images/Q01997.png,none,none,5,1,https://www.tulsapolice.org/police-report/collision-report.aspx,opencv,exact,63,19,36,0,3,1,2,0,0.0,2,0,0,0,0,0,2,0,1,0,0,0,0,4.068472885586725,0,0,0,0,0,0,0,1.0,0.6552889206830192,0.46466104991223367,0.341400146484375,1.0,3974.336067199707,0.05764007568359375,0.87738037109375,0.08984375,37.0,450.0,450.0
Q01998__clean,Q01998,1,,office.com,data/qr_images/Q01998.png,none,none,8,1,https://click.email.office.com/?qs=9cf30363dd29315c3e11be7b9f86e0023a565c20a2375038e17cde83e3918d351e9c862894eecd698e1a9bb86157937bcf1b994ad1bf797a,opencv,exact,147,22,1,115,3,2,0,73,0.4965986394557823,2,0,1,1,0,0,0,1,1,0,0,0,0,4.5420705341856795,0,0,0,0,0,0,0,1.0,0.631882775998583,0.4651935944323826,0.3678092956542969,1.0,5319.70011138916,0.08438491821289062,1.068115234375,0.0703125,49.0,570.0,570.0
Q01999__clean,Q01999,1,,sovve.nl,data/qr_images/Q01999.png,none,none,2,1,http://sovve.nl/cs/,opencv,exact,19,8,4,0,1,0,0,0,0.0,0,0,0,0,0,0,1,0,0,0,0,0,0,3.5110854081804264,0,0,0,0,0,0,0,1.0,0.6987919227749694,0.4515214311316851,0.30522918701171875,1.0,2553.0176162719727,0.03829193115234375,0.57220458984375,0.12109375,25.0,330.0,330.0
