original_qr_id,label,image_path,url_length,qr_version,qr_modules_per_side,decode_success,decoded_matches_original,decode_outcome,decoder_name
Q00000,1,data/qr_images/Q00000.png,458,17,85,1,1,exact,opencv_aruco
Q00001,0,data/qr_images/Q00001.png,54,4,33,1,1,exact,opencv
Q00002,1,data/qr_images/Q00002.png,31,3,29,1,1,exact,opencv
Q00003,0,data/qr_images/Q00003.png,54,4,33,1,1,exact,opencv
Q00004,1,data/qr_images/Q00004.png,34,3,29,1,1,exact,opencv
Q00005,1,data/qr_images/Q00005.png,30,3,29,1,1,exact,opencv
Q00006,0,data/qr_images/Q00006.png,50,4,33,1,1,exact,opencv
Q00007,1,data/qr_images/Q00007.png,55,4,33,1,1,exact,opencv
Q00008,0,data/qr_images/Q00008.png,73,5,37,1,1,exact,opencv
Q00009,1,data/qr_images/Q00009.png,72,5,37,1,1,exact,opencv
Q00010,0,data/qr_images/Q00010.png,74,5,37,1,1,exact,opencv
Q00011,1,data/qr_images/Q00011.png,125,8,49,1,1,exact,opencv
Q00012,1,data/qr_images/Q00012.png,239,11,61,1,1,exact,opencv
Q00013,0,data/qr_images/Q00013.png,26,2,25,1,1,exact,opencv
Q00014,0,data/qr_images/Q00014.png,26,2,25,1,1,exact,opencv
Q00015,0,data/qr_images/Q00015.png,43,4,33,1,1,exact,opencv
Q00016,0,data/qr_images/Q00016.png,63,5,37,1,1,exact,opencv
Q00017,0,data/qr_images/Q00017.png,63,5,37,1,1,exact,opencv
Q00018,1,data/qr_images/Q00018.png,100,6,41,1,1,exact,opencv
Q00019,1,data/qr_images/Q00019.png,98,6,41,1,1,exact,opencv
Q00020,0,data/qr_images/Q00020.png,39,3,29,1,1,exact,opencv
Q00021,1,data/qr_images/Q00021.png,59,4,33,1,1,exact,opencv
Q00022,1,data/qr_images/Q00022.png,36,3,29,1,1,exact,opencv
Q00023,1,data/qr_images/Q00023.png,35,3,29,1,1,exact,opencv
Q00024,1,data/qr_images/Q00024.png,126,8,49,1,1,exact,opencv
Q00025,0,data/qr_images/Q00025.png,47,4,33,1,1,exact,opencv
Q00026,1,data/qr_images/Q00026.png,54,4,33,1,1,exact,opencv
Q00027,0,data/qr_images/Q00027.png,36,3,29,1,1,exact,opencv
Q00028,0,data/qr_images/Q00028.png,17,2,25,1,1,exact,opencv
Q00029,0,data/qr_images/Q00029.png,68,5,37,1,1,exact,opencv
Q00030,0,data/qr_images/Q00030.png,32,3,29,1,1,exact,opencv
Q00031,0,data/qr_images/Q00031.png,24,2,25,1,1,exact,opencv
Q00032,0,data/qr_images/Q00032.png,29,3,29,1,1,exact,opencv
Q00033,0,data/qr_images/Q00033.png,109,7,45,1,1,exact,opencv
Q00034,1,data/qr_images/Q00034.png,206,10,57,1,1,exact,opencv
Q00035,0,data/qr_images/Q00035.png,23,2,25,1,1,exact,opencv
Q00036,1,data/qr_images/Q00036.png,65,5,37,1,1,exact,opencv
Q00037,1,data/qr_images/Q00037.png,47,4,33,1,1,exact,opencv
Q00038,1,data/qr_images/Q00038.png,67,5,37,1,1,exact,opencv_aruco
Q00039,0,data/qr_images/Q00039.png,70,5,37,1,1,exact,opencv
Q00040,0,data/qr_images/Q00040.png,29,3,29,1,1,exact,opencv
Q00041,1,data/qr_images/Q00041.png,58,4,33,1,1,exact,opencv
Q00042,0,data/qr_images/Q00042.png,22,2,25,1,1,exact,opencv
Q00043,0,data/qr_images/Q00043.png,43,4,33,1,1,exact,opencv
Q00044,1,data/qr_images/Q00044.png,64,5,37,1,1,exact,opencv
Q00045,0,data/qr_images/Q00045.png,26,2,25,1,1,exact,opencv
Q00046,0,data/qr_images/Q00046.png,38,3,29,1,1,exact,opencv
Q00047,0,data/qr_images/Q00047.png,26,2,25,1,1,exact,opencv
Q00048,0,data/qr_images/Q00048.png,32,3,29,1,1,exact,opencv
Q00049,1,data/qr_images/Q00049.png,55,4,33,1,1,exact,opencv
Q00050,1,data/qr_images/Q00050.png,41,3,29,1,1,exact,opencv
Q00051,0,data/qr_images/Q00051.png,28,3,29,1,1,exact,opencv
Q00052,1,data/qr_images/Q00052.png,48,4,33,1,1,exact,opencv
Q00053,0,data/qr_images/Q00053.png,49,4,33,1,1,exact,opencv
Q00054,0,data/qr_images/Q00054.png,57,4,33,1,1,exact,opencv
Q00055,1,data/qr_images/Q00055.png,52,4,33,1,1,exact,opencv
Q00056,1,data/qr_images/Q00056.png,157,9,53,1,1,exact,opencv
Q00057,1,data/qr_images/Q00057.png,126,8,49,1,1,exact,opencv
Q00058,1,data/qr_images/Q00058.png,50,4,33,1,1,exact,opencv
Q00059,0,data/qr_images/Q00059.png,116,7,45,1,1,exact,opencv
Q00060,1,data/qr_images/Q00060.png,40,3,29,1,1,exact,opencv
Q00061,0,data/qr_images/Q00061.png,47,4,33,1,1,exact,opencv
Q00062,1,data/qr_images/Q00062.png,66,5,37,1,1,exact,opencv
Q00063,1,data/qr_images/Q00063.png,46,4,33,1,1,exact,opencv
Q00064,1,data/qr_images/Q00064.png,47,4,33,1,1,exact,opencv
Q00065,1,data/qr_images/Q00065.png,30,3,29,1,1,exact,opencv_aruco
Q00066,0,data/qr_images/Q00066.png,54,4,33,1,1,exact,opencv
Q00067,1,data/qr_images/Q00067.png,293,13,69,1,1,exact,opencv
Q00068,0,data/qr_images/Q00068.png,26,2,25,1,1,exact,opencv
Q00069,1,data/qr_images/Q00069.png,33,3,29,1,1,exact,opencv
Q00070,1,data/qr_images/Q00070.png,409,15,77,1,1,exact,opencv
Q00071,0,data/qr_images/Q00071.png,54,4,33,1,1,exact,opencv
Q00072,1,data/qr_images/Q00072.png,96,6,41,1,1,exact,opencv
Q00073,1,data/qr_images/Q00073.png,32,3,29,1,1,exact,opencv
Q00074,0,data/qr_images/Q00074.png,61,4,33,1,1,exact,opencv
Q00075,0,data/qr_images/Q00075.png,113,7,45,1,1,exact,opencv
Q00076,1,data/qr_images/Q00076.png,276,12,65,1,1,exact,opencv
Q00077,0,data/qr_images/Q00077.png,36,3,29,1,1,exact,opencv
Q00078,0,data/qr_images/Q00078.png,62,4,33,1,1,exact,opencv
Q00079,1,data/qr_images/Q00079.png,19,2,25,1,1,exact,opencv
Q00080,0,data/qr_images/Q00080.png,49,4,33,1,1,exact,opencv
Q00081,0,data/qr_images/Q00081.png,33,3,29,1,1,exact,opencv
Q00082,1,data/qr_images/Q00082.png,32,3,29,1,1,exact,opencv
Q00083,1,data/qr_images/Q00083.png,56,4,33,1,1,exact,opencv_aruco
Q00084,1,data/qr_images/Q00084.png,94,6,41,1,1,exact,opencv
Q00085,1,data/qr_images/Q00085.png,109,7,45,1,1,exact,opencv
Q00086,1,data/qr_images/Q00086.png,501,17,85,1,1,exact,opencv
Q00087,0,data/qr_images/Q00087.png,44,4,33,1,1,exact,opencv
Q00088,0,data/qr_images/Q00088.png,27,3,29,1,1,exact,opencv
Q00089,1,data/qr_images/Q00089.png,49,4,33,1,1,exact,opencv
Q00090,1,data/qr_images/Q00090.png,53,4,33,1,1,exact,opencv
Q00091,1,data/qr_images/Q00091.png,77,5,37,1,1,exact,opencv
Q00092,0,data/qr_images/Q00092.png,30,3,29,1,1,exact,opencv
Q00093,0,data/qr_images/Q00093.png,28,3,29,1,1,exact,opencv
Q00094,1,data/qr_images/Q00094.png,81,5,37,1,1,exact,opencv
Q00095,1,data/qr_images/Q00095.png,51,4,33,1,1,exact,opencv
Q00096,0,data/qr_images/Q00096.png,25,2,25,1,1,exact,opencv
Q00097,1,data/qr_images/Q00097.png,70,5,37,1,1,exact,opencv
Q00098,1,data/qr_images/Q00098.png,39,3,29,1,1,exact,opencv
Q00099,1,data/qr_images/Q00099.png,262,12,65,1,1,exact,opencv
Q00100,0,data/qr_images/Q00100.png,21,2,25,1,1,exact,opencv
Q00101,0,data/qr_images/Q00101.png,99,6,41,1,1,exact,opencv
Q00102,0,data/qr_images/Q00102.png,31,3,29,1,1,exact,opencv_aruco
Q00103,1,data/qr_images/Q00103.png,57,4,33,1,1,exact,opencv
Q00104,0,data/qr_images/Q00104.png,39,3,29,1,1,exact,opencv
Q00105,0,data/qr_images/Q00105.png,31,3,29,1,1,exact,opencv
Q00106,0,data/qr_images/Q00106.png,22,2,25,1,1,exact,opencv
Q00107,0,data/qr_images/Q00107.png,84,5,37,1,1,exact,opencv
Q00108,0,data/qr_images/Q00108.png,45,4,33,1,1,exact,opencv
Q00109,0,data/qr_images/Q00109.png,48,4,33,1,1,exact,opencv
Q00110,0,data/qr_images/Q00110.png,46,4,33,1,1,exact,opencv
Q00111,1,data/qr_images/Q00111.png,53,4,33,1,1,exact,opencv
Q00112,1,data/qr_images/Q00112.png,19,2,25,1,1,exact,opencv
Q00113,1,data/qr_images/Q00113.png,20,2,25,1,1,exact,opencv
Q00114,0,data/qr_images/Q00114.png,33,3,29,1,1,exact,opencv
Q00115,0,data/qr_images/Q00115.png,49,4,33,1,1,exact,opencv
Q00116,1,data/qr_images/Q00116.png,278,12,65,1,1,exact,opencv
Q00117,0,data/qr_images/Q00117.png,27,3,29,1,1,exact,opencv
Q00118,0,data/qr_images/Q00118.png,61,4,33,1,1,exact,opencv
Q00119,1,data/qr_images/Q00119.png,32,3,29,1,1,exact,opencv
Q00120,1,data/qr_images/Q00120.png,70,5,37,1,1,exact,opencv
Q00121,1,data/qr_images/Q00121.png,20,2,25,1,1,exact,opencv
Q00122,1,data/qr_images/Q00122.png,75,5,37,1,1,exact,opencv
Q00123,0,data/qr_images/Q00123.png,45,4,33,1,1,exact,opencv
Q00124,0,data/qr_images/Q00124.png,48,4,33,1,1,exact,opencv
Q00125,1,data/qr_images/Q00125.png,20,2,25,1,1,exact,opencv
Q00126,0,data/qr_images/Q00126.png,32,3,29,1,1,exact,opencv
Q00127,0,data/qr_images/Q00127.png,24,2,25,1,1,exact,opencv
Q00128,1,data/qr_images/Q00128.png,47,4,33,1,1,exact,opencv
Q00129,0,data/qr_images/Q00129.png,97,6,41,1,1,exact,opencv
Q00130,1,data/qr_images/Q00130.png,60,4,33,1,1,exact,opencv
Q00131,1,data/qr_images/Q00131.png,48,4,33,1,1,exact,opencv
Q00132,0,data/qr_images/Q00132.png,48,4,33,1,1,exact,opencv
Q00133,0,data/qr_images/Q00133.png,45,4,33,1,1,exact,opencv
Q00134,0,data/qr_images/Q00134.png,34,3,29,1,1,exact,opencv
Q00135,1,data/qr_images/Q00135.png,32,3,29,1,1,exact,opencv
Q00136,1,data/qr_images/Q00136.png,19,2,25,1,1,exact,opencv
Q00137,1,data/qr_images/Q00137.png,132,8,49,1,1,exact,opencv
Q00138,1,data/qr_images/Q00138.png,31,3,29,1,1,exact,opencv
Q00139,1,data/qr_images/Q00139.png,44,4,33,1,1,exact,opencv
Q00140,1,data/qr_images/Q00140.png,41,3,29,1,1,exact,opencv
Q00141,0,data/qr_images/Q00141.png,31,3,29,1,1,exact,opencv
Q00142,1,data/qr_images/Q00142.png,46,4,33,1,1,exact,opencv
Q00143,0,data/qr_images/Q00143.png,52,4,33,1,1,exact,opencv
Q00144,1,data/qr_images/Q00144.png,35,3,29,1,1,exact,opencv
Q00145,0,data/qr_images/Q00145.png,84,5,37,1,1,exact,opencv
Q00146,0,data/qr_images/Q00146.png,24,2,25,1,1,exact,opencv
Q00147,1,data/qr_images/Q00147.png,32,3,29,1,1,exact,opencv
Q00148,0,data/qr_images/Q00148.png,26,2,25,1,1,exact,opencv
Q00149,0,data/qr_images/Q00149.png,23,2,25,1,1,exact,opencv
Q00150,1,data/qr_images/Q00150.png,55,4,33,1,1,exact,opencv
Q00151,0,data/qr_images/Q00151.png,83,5,37,1,1,exact,opencv
Q00152,0,data/qr_images/Q00152.png,50,4,33,1,1,exact,opencv
Q00153,1,data/qr_images/Q00153.png,128,8,49,1,1,exact,opencv
Q00154,0,data/qr_images/Q00154.png,24,2,25,1,1,exact,opencv
Q00155,0,data/qr_images/Q00155.png,65,5,37,1,1,exact,opencv
Q00156,0,data/qr_images/Q00156.png,41,3,29,1,1,exact,opencv
Q00157,1,data/qr_images/Q00157.png,29,3,29,1,1,exact,opencv
Q00158,0,data/qr_images/Q00158.png,26,2,25,1,1,exact,opencv
Q00159,1,data/qr_images/Q00159.png,138,8,49,1,1,exact,opencv_aruco
Q00160,0,data/qr_images/Q00160.png,29,3,29,1,1,exact,opencv
Q00161,0,data/qr_images/Q00161.png,21,2,25,1,1,exact,opencv
Q00162,0,data/qr_images/Q00162.png,30,3,29,1,1,exact,opencv
Q00163,1,data/qr_images/Q00163.png,65,5,37,1,1,exact,opencv
Q00164,1,data/qr_images/Q00164.png,29,3,29,1,1,exact,opencv
Q00165,1,data/qr_images/Q00165.png,263,12,65,1,1,exact,opencv
Q00166,1,data/qr_images/Q00166.png,93,6,41,1,1,exact,opencv
Q00167,1,data/qr_images/Q00167.png,34,3,29,1,1,exact,opencv
Q00168,0,data/qr_images/Q00168.png,28,3,29,1,1,exact,opencv
Q00169,1,data/qr_images/Q00169.png,126,8,49,1,1,exact,opencv
Q00170,1,data/qr_images/Q00170.png,120,7,45,1,1,exact,opencv
Q00171,0,data/qr_images/Q00171.png,34,3,29,1,1,exact,opencv
Q00172,1,data/qr_images/Q00172.png,54,4,33,1,1,exact,opencv
Q00173,1,data/qr_images/Q00173.png,462,17,85,1,1,exact,opencv_aruco
Q00174,0,data/qr_images/Q00174.png,25,2,25,1,1,exact,opencv
Q00175,1,data/qr_images/Q00175.png,30,3,29,1,1,exact,opencv
Q00176,0,data/qr_images/Q00176.png,36,3,29,1,1,exact,opencv
Q00177,1,data/qr_images/Q00177.png,74,5,37,1,1,exact,opencv_aruco
Q00178,0,data/qr_images/Q00178.png,34,3,29,1,1,exact,opencv
Q00179,1,data/qr_images/Q00179.png,36,3,29,1,1,exact,opencv
Q00180,1,data/qr_images/Q00180.png,67,4,33,1,1,exact,opencv
Q00181,0,data/qr_images/Q00181.png,101,6,41,1,1,exact,opencv
Q00182,1,data/qr_images/Q00182.png,53,4,33,1,1,exact,opencv
Q00183,1,data/qr_images/Q00183.png,88,6,41,1,1,exact,opencv
Q00184,0,data/qr_images/Q00184.png,31,3,29,1,1,exact,opencv
Q00185,0,data/qr_images/Q00185.png,32,3,29,1,1,exact,opencv
Q00186,1,data/qr_images/Q00186.png,33,3,29,1,1,exact,opencv
Q00187,1,data/qr_images/Q00187.png,41,3,29,1,1,exact,opencv
Q00188,1,data/qr_images/Q00188.png,40,3,29,1,1,exact,opencv
Q00189,1,data/qr_images/Q00189.png,163,9,53,1,1,exact,opencv
Q00190,0,data/qr_images/Q00190.png,117,7,45,1,1,exact,opencv
Q00191,0,data/qr_images/Q00191.png,30,3,29,1,1,exact,opencv
Q00192,1,data/qr_images/Q00192.png,53,4,33,1,1,exact,opencv
Q00193,0,data/qr_images/Q00193.png,29,3,29,1,1,exact,opencv
Q00194,0,data/qr_images/Q00194.png,36,3,29,1,1,exact,opencv
Q00195,0,data/qr_images/Q00195.png,28,3,29,1,1,exact,opencv
Q00196,1,data/qr_images/Q00196.png,31,3,29,1,1,exact,opencv_aruco
Q00197,0,data/qr_images/Q00197.png,68,5,37,1,1,exact,opencv
Q00198,0,data/qr_images/Q00198.png,31,3,29,1,1,exact,opencv
Q00199,1,data/qr_images/Q00199.png,23,2,25,1,1,exact,opencv
Q00200,1,data/qr_images/Q00200.png,69,5,37,1,1,exact,opencv
Q00201,0,data/qr_images/Q00201.png,34,3,29,1,1,exact,opencv
Q00202,0,data/qr_images/Q00202.png,61,4,33,1,1,exact,opencv
Q00203,0,data/qr_images/Q00203.png,31,3,29,1,1,exact,opencv
Q00204,0,data/qr_images/Q00204.png,19,2,25,1,1,exact,opencv
Q00205,0,data/qr_images/Q00205.png,40,3,29,1,1,exact,opencv
Q00206,1,data/qr_images/Q00206.png,60,4,33,1,1,exact,opencv
Q00207,1,data/qr_images/Q00207.png,51,4,33,1,1,exact,opencv
Q00208,1,data/qr_images/Q00208.png,51,4,33,1,1,exact,opencv
Q00209,0,data/qr_images/Q00209.png,31,3,29,1,1,exact,opencv
Q00210,1,data/qr_images/Q00210.png,32,3,29,1,1,exact,opencv
Q00211,0,data/qr_images/Q00211.png,35,3,29,1,1,exact,opencv
Q00212,0,data/qr_images/Q00212.png,55,4,33,1,1,exact,opencv
Q00213,0,data/qr_images/Q00213.png,58,4,33,1,1,exact,opencv
Q00214,0,data/qr_images/Q00214.png,27,3,29,1,1,exact,opencv
Q00215,1,data/qr_images/Q00215.png,102,6,41,1,1,exact,opencv
Q00216,1,data/qr_images/Q00216.png,80,5,37,1,1,exact,opencv
Q00217,0,data/qr_images/Q00217.png,57,4,33,1,1,exact,opencv
Q00218,0,data/qr_images/Q00218.png,33,3,29,1,1,exact,opencv
Q00219,1,data/qr_images/Q00219.png,38,3,29,1,1,exact,opencv
Q00220,0,data/qr_images/Q00220.png,23,2,25,1,1,exact,opencv
Q00221,0,data/qr_images/Q00221.png,54,4,33,1,1,exact,opencv
Q00222,0,data/qr_images/Q00222.png,24,2,25,1,1,exact,opencv
Q00223,1,data/qr_images/Q00223.png,48,4,33,1,1,exact,opencv
Q00224,1,data/qr_images/Q00224.png,35,3,29,1,1,exact,opencv
Q00225,1,data/qr_images/Q00225.png,56,4,33,1,1,exact,opencv
Q00226,0,data/qr_images/Q00226.png,41,3,29,1,1,exact,opencv
Q00227,0,data/qr_images/Q00227.png,43,4,33,1,1,exact,opencv
Q00228,1,data/qr_images/Q00228.png,57,4,33,1,1,exact,opencv
Q00229,0,data/qr_images/Q00229.png,44,4,33,1,1,exact,opencv
Q00230,1,data/qr_images/Q00230.png,53,4,33,1,1,exact,opencv
Q00231,0,data/qr_images/Q00231.png,65,5,37,1,1,exact,opencv
Q00232,1,data/qr_images/Q00232.png,50,4,33,1,1,exact,opencv
Q00233,1,data/qr_images/Q00233.png,20,2,25,1,1,exact,opencv
Q00234,1,data/qr_images/Q00234.png,37,3,29,1,1,exact,opencv
Q00235,0,data/qr_images/Q00235.png,58,4,33,1,1,exact,opencv_aruco
Q00236,1,data/qr_images/Q00236.png,41,3,29,1,1,exact,opencv
Q00237,0,data/qr_images/Q00237.png,56,4,33,1,1,exact,opencv
Q00238,1,data/qr_images/Q00238.png,136,8,49,1,1,exact,opencv
Q00239,0,data/qr_images/Q00239.png,74,5,37,1,1,exact,opencv_aruco
Q00240,0,data/qr_images/Q00240.png,61,4,33,1,1,exact,opencv
Q00241,1,data/qr_images/Q00241.png,132,8,49,1,1,exact,opencv
Q00242,0,data/qr_images/Q00242.png,27,3,29,1,1,exact,opencv
Q00243,0,data/qr_images/Q00243.png,135,8,49,1,1,exact,opencv
Q00244,1,data/qr_images/Q00244.png,38,3,29,1,1,exact,opencv
Q00245,0,data/qr_images/Q00245.png,26,2,25,1,1,exact,opencv
Q00246,0,data/qr_images/Q00246.png,28,3,29,1,1,exact,opencv
Q00247,1,data/qr_images/Q00247.png,163,9,53,1,1,exact,opencv
Q00248,0,data/qr_images/Q00248.png,17,2,25,1,1,exact,opencv
Q00249,1,data/qr_images/Q00249.png,39,3,29,1,1,exact,opencv
Q00250,1,data/qr_images/Q00250.png,37,3,29,1,1,exact,opencv
Q00251,0,data/qr_images/Q00251.png,54,4,33,1,1,exact,opencv
Q00252,1,data/qr_images/Q00252.png,62,4,33,1,1,exact,opencv
Q00253,0,data/qr_images/Q00253.png,40,3,29,1,1,exact,opencv
Q00254,1,data/qr_images/Q00254.png,36,3,29,1,1,exact,opencv
Q00255,1,data/qr_images/Q00255.png,45,4,33,1,1,exact,opencv
Q00256,0,data/qr_images/Q00256.png,21,2,25,1,1,exact,opencv
Q00257,0,data/qr_images/Q00257.png,28,3,29,1,1,exact,opencv
Q00258,1,data/qr_images/Q00258.png,32,3,29,1,1,exact,opencv
Q00259,1,data/qr_images/Q00259.png,44,4,33,1,1,exact,opencv
Q00260,0,data/qr_images/Q00260.png,30,3,29,1,1,exact,opencv
Q00261,1,data/qr_images/Q00261.png,127,8,49,1,1,exact,opencv
Q00262,0,data/qr_images/Q00262.png,77,5,37,1,1,exact,opencv
Q00263,1,data/qr_images/Q00263.png,64,5,37,1,1,exact,opencv
Q00264,1,data/qr_images/Q00264.png,123,8,49,1,1,exact,opencv
Q00265,1,data/qr_images/Q00265.png,39,3,29,1,1,exact,opencv
Q00266,0,data/qr_images/Q00266.png,26,2,25,1,1,exact,opencv
Q00267,0,data/qr_images/Q00267.png,47,4,33,1,1,exact,opencv
Q00268,0,data/qr_images/Q00268.png,65,5,37,1,1,exact,opencv
Q00269,1,data/qr_images/Q00269.png,53,4,33,1,1,exact,opencv
Q00270,1,data/qr_images/Q00270.png,36,3,29,1,1,exact,opencv
Q00271,1,data/qr_images/Q00271.png,30,3,29,1,1,exact,opencv
Q00272,0,data/qr_images/Q00272.png,31,3,29,1,1,exact,opencv
Q00273,1,data/qr_images/Q00273.png,80,5,37,1,1,exact,opencv
Q00274,1,data/qr_images/Q00274.png,59,4,33,1,1,exact,opencv
Q00275,1,data/qr_images/Q00275.png,32,3,29,1,1,exact,opencv
Q00276,0,data/qr_images/Q00276.png,90,6,41,1,1,exact,opencv
Q00277,0,data/qr_images/Q00277.png,34,3,29,1,1,exact,opencv
Q00278,1,data/qr_images/Q00278.png,133,8,49,1,1,exact,opencv
Q00279,0,data/qr_images/Q00279.png,57,4,33,1,1,exact,opencv
Q00280,1,data/qr_images/Q00280.png,72,5,37,1,1,exact,opencv
Q00281,1,data/qr_images/Q00281.png,51,4,33,1,1,exact,opencv
Q00282,0,data/qr_images/Q00282.png,26,2,25,1,1,exact,opencv
Q00283,1,data/qr_images/Q00283.png,106,6,41,1,1,exact,opencv
Q00284,1,data/qr_images/Q00284.png,48,4,33,1,1,exact,opencv
Q00285,0,data/qr_images/Q00285.png,52,4,33,1,1,exact,opencv
Q00286,0,data/qr_images/Q00286.png,59,4,33,1,1,exact,opencv
Q00287,1,data/qr_images/Q00287.png,33,3,29,1,1,exact,opencv
Q00288,0,data/qr_images/Q00288.png,27,3,29,1,1,exact,opencv
Q00289,0,data/qr_images/Q00289.png,43,4,33,1,1,exact,opencv
Q00290,1,data/qr_images/Q00290.png,72,5,37,1,1,exact,opencv
Q00291,1,data/qr_images/Q00291.png,36,3,29,1,1,exact,opencv
Q00292,1,data/qr_images/Q00292.png,179,9,53,1,1,exact,opencv
Q00293,1,data/qr_images/Q00293.png,68,5,37,1,1,exact,opencv
Q00294,0,data/qr_images/Q00294.png,36,3,29,1,1,exact,opencv
Q00295,0,data/qr_images/Q00295.png,25,2,25,1,1,exact,opencv
Q00296,0,data/qr_images/Q00296.png,34,3,29,1,1,exact,opencv
Q00297,1,data/qr_images/Q00297.png,42,3,29,1,1,exact,opencv
Q00298,1,data/qr_images/Q00298.png,28,3,29,1,1,exact,opencv
Q00299,0,data/qr_images/Q00299.png,32,3,29,1,1,exact,opencv
Q00300,0,data/qr_images/Q00300.png,61,4,33,1,1,exact,opencv
Q00301,0,data/qr_images/Q00301.png,70,5,37,1,1,exact,opencv
Q00302,1,data/qr_images/Q00302.png,48,4,33,1,1,exact,opencv
Q00303,1,data/qr_images/Q00303.png,76,5,37,1,1,exact,opencv
Q00304,0,data/qr_images/Q00304.png,52,4,33,1,1,exact,opencv
Q00305,1,data/qr_images/Q00305.png,84,5,37,1,1,exact,opencv
Q00306,1,data/qr_images/Q00306.png,31,3,29,1,1,exact,opencv
Q00307,1,data/qr_images/Q00307.png,51,4,33,1,1,exact,opencv
Q00308,0,data/qr_images/Q00308.png,59,4,33,1,1,exact,opencv
Q00309,0,data/qr_images/Q00309.png,85,6,41,1,1,exact,opencv
Q00310,1,data/qr_images/Q00310.png,29,3,29,1,1,exact,opencv
Q00311,1,data/qr_images/Q00311.png,50,4,33,1,1,exact,opencv
Q00312,1,data/qr_images/Q00312.png,57,4,33,1,1,exact,opencv
Q00313,0,data/qr_images/Q00313.png,61,4,33,1,1,exact,opencv
Q00314,1,data/qr_images/Q00314.png,38,3,29,1,1,exact,opencv
Q00315,0,data/qr_images/Q00315.png,33,3,29,1,1,exact,opencv
Q00316,1,data/qr_images/Q00316.png,43,4,33,1,1,exact,opencv
Q00317,1,data/qr_images/Q00317.png,76,5,37,1,1,exact,opencv
Q00318,1,data/qr_images/Q00318.png,66,5,37,1,1,exact,opencv
Q00319,1,data/qr_images/Q00319.png,18,2,25,1,1,exact,opencv_aruco
Q00320,0,data/qr_images/Q00320.png,35,3,29,1,1,exact,opencv
Q00321,1,data/qr_images/Q00321.png,84,5,37,1,1,exact,opencv
Q00322,0,data/qr_images/Q00322.png,38,3,29,1,1,exact,opencv
Q00323,0,data/qr_images/Q00323.png,41,3,29,1,1,exact,opencv
Q00324,0,data/qr_images/Q00324.png,36,3,29,1,1,exact,opencv
Q00325,0,data/qr_images/Q00325.png,50,4,33,1,1,exact,opencv
Q00326,1,data/qr_images/Q00326.png,136,8,49,1,1,exact,opencv
Q00327,0,data/qr_images/Q00327.png,40,3,29,1,1,exact,opencv
Q00328,1,data/qr_images/Q00328.png,116,7,45,1,1,exact,opencv
Q00329,0,data/qr_images/Q00329.png,25,2,25,1,1,exact,opencv
Q00330,0,data/qr_images/Q00330.png,137,7,45,1,1,exact,opencv
Q00331,0,data/qr_images/Q00331.png,48,4,33,1,1,exact,opencv
Q00332,1,data/qr_images/Q00332.png,39,3,29,1,1,exact,opencv
Q00333,0,data/qr_images/Q00333.png,83,5,37,1,1,exact,opencv
Q00334,0,data/qr_images/Q00334.png,20,2,25,1,1,exact,opencv
Q00335,1,data/qr_images/Q00335.png,51,4,33,1,1,exact,opencv
Q00336,0,data/qr_images/Q00336.png,107,7,45,1,1,exact,opencv
Q00337,0,data/qr_images/Q00337.png,23,2,25,1,1,exact,opencv
Q00338,1,data/qr_images/Q00338.png,32,3,29,1,1,exact,opencv
Q00339,1,data/qr_images/Q00339.png,19,2,25,1,1,exact,opencv
Q00340,1,data/qr_images/Q00340.png,39,3,29,1,1,exact,opencv
Q00341,0,data/qr_images/Q00341.png,29,3,29,1,1,exact,opencv
Q00342,1,data/qr_images/Q00342.png,106,6,41,1,1,exact,opencv
Q00343,0,data/qr_images/Q00343.png,53,4,33,1,1,exact,opencv
Q00344,0,data/qr_images/Q00344.png,64,5,37,1,1,exact,opencv
Q00345,1,data/qr_images/Q00345.png,27,3,29,1,1,exact,opencv
Q00346,0,data/qr_images/Q00346.png,58,4,33,1,1,exact,opencv
Q00347,1,data/qr_images/Q00347.png,126,8,49,1,1,exact,opencv
Q00348,1,data/qr_images/Q00348.png,33,3,29,1,1,exact,opencv
Q00349,0,data/qr_images/Q00349.png,34,3,29,1,1,exact,opencv
Q00350,0,data/qr_images/Q00350.png,58,4,33,1,1,exact,opencv
Q00351,0,data/qr_images/Q00351.png,36,3,29,1,1,exact,opencv
Q00352,1,data/qr_images/Q00352.png,70,5,37,1,1,exact,opencv
Q00353,1,data/qr_images/Q00353.png,43,4,33,1,1,exact,opencv
Q00354,0,data/qr_images/Q00354.png,23,2,25,1,1,exact,opencv
Q00355,0,data/qr_images/Q00355.png,30,3,29,1,1,exact,opencv
Q00356,1,data/qr_images/Q00356.png,37,3,29,1,1,exact,opencv
Q00357,1,data/qr_images/Q00357.png,183,10,57,1,1,exact,opencv
Q00358,1,data/qr_images/Q00358.png,39,3,29,1,1,exact,opencv
Q00359,1,data/qr_images/Q00359.png,56,4,33,1,1,exact,opencv
Q00360,0,data/qr_images/Q00360.png,51,4,33,1,1,exact,opencv
Q00361,0,data/qr_images/Q00361.png,53,4,33,1,1,exact,opencv
Q00362,0,data/qr_images/Q00362.png,91,6,41,1,1,exact,opencv
Q00363,0,data/qr_images/Q00363.png,21,2,25,1,1,exact,opencv
Q00364,0,data/qr_images/Q00364.png,83,5,37,1,1,exact,opencv
Q00365,0,data/qr_images/Q00365.png,23,2,25,1,1,exact,opencv
Q00366,1,data/qr_images/Q00366.png,44,4,33,1,1,exact,opencv
Q00367,0,data/qr_images/Q00367.png,38,3,29,1,1,exact,opencv
Q00368,1,data/qr_images/Q00368.png,68,5,37,1,1,exact,opencv
Q00369,0,data/qr_images/Q00369.png,22,2,25,1,1,exact,opencv
Q00370,1,data/qr_images/Q00370.png,53,4,33,1,1,exact,opencv
Q00371,1,data/qr_images/Q00371.png,63,5,37,1,1,exact,opencv
Q00372,0,data/qr_images/Q00372.png,76,5,37,1,1,exact,opencv
Q00373,1,data/qr_images/Q00373.png,124,8,49,1,1,exact,opencv
Q00374,1,data/qr_images/Q00374.png,22,2,25,1,1,exact,opencv
Q00375,1,data/qr_images/Q00375.png,42,3,29,1,1,exact,opencv
Q00376,0,data/qr_images/Q00376.png,40,3,29,1,1,exact,opencv
Q00377,1,data/qr_images/Q00377.png,101,6,41,1,1,exact,opencv
Q00378,1,data/qr_images/Q00378.png,119,7,45,1,1,exact,opencv
Q00379,1,data/qr_images/Q00379.png,328,13,69,1,1,exact,opencv
Q00380,1,data/qr_images/Q00380.png,35,3,29,1,1,exact,opencv
Q00381,0,data/qr_images/Q00381.png,40,3,29,1,1,exact,opencv
Q00382,0,data/qr_images/Q00382.png,28,3,29,1,1,exact,opencv
Q00383,1,data/qr_images/Q00383.png,84,5,37,1,1,exact,opencv
Q00384,1,data/qr_images/Q00384.png,48,4,33,1,1,exact,opencv
Q00385,0,data/qr_images/Q00385.png,37,3,29,1,1,exact,opencv
Q00386,0,data/qr_images/Q00386.png,25,2,25,1,1,exact,opencv
Q00387,1,data/qr_images/Q00387.png,42,3,29,1,1,exact,opencv
Q00388,0,data/qr_images/Q00388.png,28,3,29,1,1,exact,opencv
Q00389,1,data/qr_images/Q00389.png,36,3,29,1,1,exact,opencv
Q00390,1,data/qr_images/Q00390.png,61,4,33,1,1,exact,opencv
Q00391,1,data/qr_images/Q00391.png,32,3,29,1,1,exact,opencv
Q00392,0,data/qr_images/Q00392.png,79,5,37,1,1,exact,opencv_aruco
Q00393,0,data/qr_images/Q00393.png,25,2,25,1,1,exact,opencv
Q00394,0,data/qr_images/Q00394.png,89,6,41,1,1,exact,opencv
Q00395,0,data/qr_images/Q00395.png,16,2,25,1,1,exact,opencv
Q00396,1,data/qr_images/Q00396.png,32,3,29,1,1,exact,opencv
Q00397,1,data/qr_images/Q00397.png,127,8,49,1,1,exact,opencv_aruco
Q00398,0,data/qr_images/Q00398.png,40,3,29,1,1,exact,opencv
Q00399,0,data/qr_images/Q00399.png,63,4,33,1,1,exact,opencv
Q00400,0,data/qr_images/Q00400.png,44,4,33,1,1,exact,opencv
Q00401,0,data/qr_images/Q00401.png,33,3,29,1,1,exact,opencv
Q00402,0,data/qr_images/Q00402.png,19,2,25,1,1,exact,opencv
Q00403,0,data/qr_images/Q00403.png,46,4,33,1,1,exact,opencv
Q00404,0,data/qr_images/Q00404.png,28,3,29,1,1,exact,opencv
Q00405,1,data/qr_images/Q00405.png,48,4,33,1,1,exact,opencv
Q00406,1,data/qr_images/Q00406.png,71,5,37,1,1,exact,opencv
Q00407,0,data/qr_images/Q00407.png,110,7,45,1,1,exact,opencv
Q00408,1,data/qr_images/Q00408.png,64,5,37,1,1,exact,opencv
Q00409,1,data/qr_images/Q00409.png,66,5,37,1,1,exact,opencv
Q00410,0,data/qr_images/Q00410.png,41,3,29,1,1,exact,opencv
Q00411,0,data/qr_images/Q00411.png,99,6,41,1,1,exact,opencv
Q00412,1,data/qr_images/Q00412.png,126,8,49,1,1,exact,opencv
Q00413,0,data/qr_images/Q00413.png,32,3,29,1,1,exact,opencv
Q00414,0,data/qr_images/Q00414.png,36,3,29,1,1,exact,opencv
Q00415,1,data/qr_images/Q00415.png,51,4,33,1,1,exact,opencv_aruco
Q00416,0,data/qr_images/Q00416.png,74,5,37,1,1,exact,opencv_aruco
Q00417,0,data/qr_images/Q00417.png,63,5,37,1,1,exact,opencv
Q00418,0,data/qr_images/Q00418.png,28,3,29,1,1,exact,opencv
Q00419,1,data/qr_images/Q00419.png,32,3,29,1,1,exact,opencv
Q00420,0,data/qr_images/Q00420.png,29,3,29,1,1,exact,opencv
Q00421,0,data/qr_images/Q00421.png,28,3,29,1,1,exact,opencv
Q00422,1,data/qr_images/Q00422.png,41,3,29,1,1,exact,opencv
Q00423,0,data/qr_images/Q00423.png,27,3,29,1,1,exact,opencv
Q00424,1,data/qr_images/Q00424.png,52,4,33,1,1,exact,opencv
Q00425,1,data/qr_images/Q00425.png,94,6,41,1,1,exact,opencv
Q00426,1,data/qr_images/Q00426.png,76,5,37,1,1,exact,opencv
Q00427,1,data/qr_images/Q00427.png,66,5,37,1,1,exact,opencv
Q00428,1,data/qr_images/Q00428.png,33,3,29,1,1,exact,opencv
Q00429,1,data/qr_images/Q00429.png,78,5,37,1,1,exact,opencv
Q00430,0,data/qr_images/Q00430.png,23,2,25,1,1,exact,opencv
Q00431,1,data/qr_images/Q00431.png,78,5,37,1,1,exact,opencv
Q00432,1,data/qr_images/Q00432.png,159,9,53,1,1,exact,opencv
Q00433,0,data/qr_images/Q00433.png,25,2,25,1,1,exact,opencv
Q00434,1,data/qr_images/Q00434.png,102,6,41,1,1,exact,opencv
Q00435,1,data/qr_images/Q00435.png,102,6,41,1,1,exact,opencv
Q00436,1,data/qr_images/Q00436.png,174,9,53,1,1,exact,opencv
Q00437,0,data/qr_images/Q00437.png,34,3,29,1,1,exact,opencv
Q00438,0,data/qr_images/Q00438.png,27,3,29,1,1,exact,opencv
Q00439,1,data/qr_images/Q00439.png,48,4,33,1,1,exact,opencv
Q00440,0,data/qr_images/Q00440.png,45,4,33,1,1,exact,opencv
Q00441,0,data/qr_images/Q00441.png,27,3,29,1,1,exact,opencv
Q00442,1,data/qr_images/Q00442.png,22,2,25,1,1,exact,opencv
Q00443,0,data/qr_images/Q00443.png,15,2,25,1,1,exact,opencv
Q00444,1,data/qr_images/Q00444.png,127,8,49,1,1,exact,opencv
Q00445,0,data/qr_images/Q00445.png,30,3,29,1,1,exact,opencv
Q00446,0,data/qr_images/Q00446.png,78,5,37,1,1,exact,opencv
Q00447,1,data/qr_images/Q00447.png,75,5,37,1,1,exact,opencv
Q00448,0,data/qr_images/Q00448.png,59,4,33,1,1,exact,opencv
Q00449,1,data/qr_images/Q00449.png,66,5,37,1,1,exact,opencv
Q00450,0,data/qr_images/Q00450.png,20,2,25,1,1,exact,opencv
Q00451,1,data/qr_images/Q00451.png,30,3,29,1,1,exact,opencv
Q00452,0,data/qr_images/Q00452.png,77,5,37,1,1,exact,opencv
Q00453,1,data/qr_images/Q00453.png,62,4,33,1,1,exact,opencv
Q00454,1,data/qr_images/Q00454.png,67,5,37,1,1,exact,opencv
Q00455,1,data/qr_images/Q00455.png,116,7,45,1,1,exact,opencv
Q00456,0,data/qr_images/Q00456.png,20,2,25,1,1,exact,opencv
Q00457,1,data/qr_images/Q00457.png,89,6,41,1,1,exact,opencv
Q00458,1,data/qr_images/Q00458.png,115,7,45,1,1,exact,opencv
Q00459,0,data/qr_images/Q00459.png,47,4,33,1,1,exact,opencv
Q00460,0,data/qr_images/Q00460.png,38,3,29,1,1,exact,opencv
Q00461,0,data/qr_images/Q00461.png,29,3,29,1,1,exact,opencv
Q00462,0,data/qr_images/Q00462.png,71,5,37,1,1,exact,opencv
Q00463,1,data/qr_images/Q00463.png,71,5,37,1,1,exact,opencv
Q00464,0,data/qr_images/Q00464.png,28,3,29,1,1,exact,opencv
Q00465,0,data/qr_images/Q00465.png,19,2,25,1,1,exact,opencv
Q00466,0,data/qr_images/Q00466.png,81,5,37,1,1,exact,opencv
Q00467,0,data/qr_images/Q00467.png,34,3,29,1,1,exact,opencv
Q00468,0,data/qr_images/Q00468.png,36,3,29,1,1,exact,opencv
Q00469,0,data/qr_images/Q00469.png,26,2,25,1,1,exact,opencv
Q00470,0,data/qr_images/Q00470.png,32,3,29,1,1,exact,opencv
Q00471,0,data/qr_images/Q00471.png,21,2,25,1,1,exact,opencv
Q00472,0,data/qr_images/Q00472.png,45,4,33,1,1,exact,opencv
Q00473,1,data/qr_images/Q00473.png,41,3,29,1,1,exact,opencv
Q00474,1,data/qr_images/Q00474.png,87,6,41,1,1,exact,opencv
Q00475,0,data/qr_images/Q00475.png,41,3,29,1,1,exact,opencv
Q00476,0,data/qr_images/Q00476.png,36,3,29,1,1,exact,opencv
Q00477,0,data/qr_images/Q00477.png,67,5,37,1,1,exact,opencv
Q00478,0,data/qr_images/Q00478.png,25,2,25,1,1,exact,opencv
Q00479,1,data/qr_images/Q00479.png,67,4,33,1,1,exact,opencv
Q00480,1,data/qr_images/Q00480.png,99,6,41,1,1,exact,opencv
Q00481,1,data/qr_images/Q00481.png,46,4,33,1,1,exact,opencv
Q00482,0,data/qr_images/Q00482.png,88,6,41,1,1,exact,opencv
Q00483,0,data/qr_images/Q00483.png,32,3,29,1,1,exact,opencv
Q00484,1,data/qr_images/Q00484.png,49,4,33,1,1,exact,opencv
Q00485,1,data/qr_images/Q00485.png,92,6,41,1,1,exact,opencv
Q00486,0,data/qr_images/Q00486.png,28,3,29,1,1,exact,opencv
Q00487,0,data/qr_images/Q00487.png,69,5,37,1,1,exact,opencv
Q00488,0,data/qr_images/Q00488.png,89,6,41,1,1,exact,opencv
Q00489,0,data/qr_images/Q00489.png,27,3,29,1,1,exact,opencv
Q00490,1,data/qr_images/Q00490.png,118,7,45,1,1,exact,opencv
Q00491,0,data/qr_images/Q00491.png,24,2,25,1,1,exact,opencv
Q00492,1,data/qr_images/Q00492.png,50,4,33,1,1,exact,opencv
Q00493,0,data/qr_images/Q00493.png,61,4,33,1,1,exact,opencv
Q00494,0,data/qr_images/Q00494.png,108,7,45,1,1,exact,opencv
Q00495,0,data/qr_images/Q00495.png,60,4,33,1,1,exact,opencv
Q00496,1,data/qr_images/Q00496.png,42,3,29,1,1,exact,opencv
Q00497,0,data/qr_images/Q00497.png,38,3,29,1,1,exact,opencv
Q00498,1,data/qr_images/Q00498.png,79,5,37,1,1,exact,opencv
Q00499,0,data/qr_images/Q00499.png,40,3,29,1,1,exact,opencv
Q00500,1,data/qr_images/Q00500.png,39,3,29,1,1,exact,opencv
Q00501,0,data/qr_images/Q00501.png,30,3,29,1,1,exact,opencv
Q00502,0,data/qr_images/Q00502.png,23,2,25,1,1,exact,opencv
Q00503,1,data/qr_images/Q00503.png,38,3,29,1,1,exact,opencv
Q00504,1,data/qr_images/Q00504.png,34,3,29,1,1,exact,opencv
Q00505,1,data/qr_images/Q00505.png,118,7,45,1,1,exact,opencv
Q00506,1,data/qr_images/Q00506.png,259,12,65,1,1,exact,opencv
Q00507,0,data/qr_images/Q00507.png,29,3,29,1,1,exact,opencv
Q00508,1,data/qr_images/Q00508.png,238,11,61,1,1,exact,opencv_aruco
Q00509,1,data/qr_images/Q00509.png,154,9,53,1,1,exact,opencv
Q00510,0,data/qr_images/Q00510.png,44,4,33,1,1,exact,opencv
Q00511,0,data/qr_images/Q00511.png,23,2,25,1,1,exact,opencv
Q00512,0,data/qr_images/Q00512.png,33,3,29,1,1,exact,opencv
Q00513,1,data/qr_images/Q00513.png,30,3,29,1,1,exact,opencv
Q00514,1,data/qr_images/Q00514.png,67,5,37,1,1,exact,opencv
Q00515,1,data/qr_images/Q00515.png,35,3,29,1,1,exact,opencv
Q00516,0,data/qr_images/Q00516.png,33,3,29,1,1,exact,opencv
Q00517,0,data/qr_images/Q00517.png,107,7,45,1,1,exact,opencv
Q00518,1,data/qr_images/Q00518.png,76,5,37,1,1,exact,opencv
Q00519,1,data/qr_images/Q00519.png,37,3,29,1,1,exact,opencv
Q00520,1,data/qr_images/Q00520.png,44,4,33,1,1,exact,opencv
Q00521,0,data/qr_images/Q00521.png,26,2,25,1,1,exact,opencv
Q00522,1,data/qr_images/Q00522.png,73,5,37,1,1,exact,opencv
Q00523,0,data/qr_images/Q00523.png,62,4,33,1,1,exact,opencv
Q00524,0,data/qr_images/Q00524.png,45,4,33,1,1,exact,opencv
Q00525,0,data/qr_images/Q00525.png,42,3,29,1,1,exact,opencv
Q00526,0,data/qr_images/Q00526.png,27,3,29,1,1,exact,opencv
Q00527,0,data/qr_images/Q00527.png,49,4,33,1,1,exact,opencv
Q00528,0,data/qr_images/Q00528.png,79,5,37,1,1,exact,opencv
Q00529,1,data/qr_images/Q00529.png,87,6,41,1,1,exact,opencv
Q00530,1,data/qr_images/Q00530.png,92,6,41,1,1,exact,opencv
Q00531,1,data/qr_images/Q00531.png,46,4,33,1,1,exact,opencv
Q00532,0,data/qr_images/Q00532.png,32,3,29,1,1,exact,opencv
Q00533,0,data/qr_images/Q00533.png,32,3,29,1,1,exact,opencv
Q00534,0,data/qr_images/Q00534.png,44,4,33,1,1,exact,opencv
Q00535,1,data/qr_images/Q00535.png,131,8,49,1,1,exact,opencv
Q00536,1,data/qr_images/Q00536.png,38,3,29,1,1,exact,opencv
Q00537,0,data/qr_images/Q00537.png,44,4,33,1,1,exact,opencv
Q00538,0,data/qr_images/Q00538.png,25,2,25,1,1,exact,opencv
Q00539,1,data/qr_images/Q00539.png,80,5,37,1,1,exact,opencv
Q00540,0,data/qr_images/Q00540.png,48,4,33,1,1,exact,opencv
Q00541,1,data/qr_images/Q00541.png,23,2,25,1,1,exact,opencv
Q00542,1,data/qr_images/Q00542.png,58,4,33,1,1,exact,opencv
Q00543,1,data/qr_images/Q00543.png,44,4,33,1,1,exact,opencv
Q00544,1,data/qr_images/Q00544.png,132,8,49,1,1,exact,opencv
Q00545,0,data/qr_images/Q00545.png,47,4,33,1,1,exact,opencv
Q00546,0,data/qr_images/Q00546.png,23,2,25,1,1,exact,opencv
Q00547,1,data/qr_images/Q00547.png,62,4,33,1,1,exact,opencv
Q00548,1,data/qr_images/Q00548.png,77,5,37,1,1,exact,opencv_aruco
Q00549,1,data/qr_images/Q00549.png,49,4,33,1,1,exact,opencv
Q00550,0,data/qr_images/Q00550.png,77,5,37,1,1,exact,opencv
Q00551,0,data/qr_images/Q00551.png,24,2,25,1,1,exact,opencv
Q00552,0,data/qr_images/Q00552.png,62,4,33,1,1,exact,opencv
Q00553,1,data/qr_images/Q00553.png,44,4,33,1,1,exact,opencv
Q00554,0,data/qr_images/Q00554.png,30,3,29,1,1,exact,opencv
Q00555,1,data/qr_images/Q00555.png,68,5,37,1,1,exact,opencv
Q00556,1,data/qr_images/Q00556.png,69,5,37,1,1,exact,opencv
Q00557,1,data/qr_images/Q00557.png,98,6,41,1,1,exact,opencv
Q00558,0,data/qr_images/Q00558.png,43,4,33,1,1,exact,opencv
Q00559,1,data/qr_images/Q00559.png,76,5,37,1,1,exact,opencv
Q00560,0,data/qr_images/Q00560.png,43,4,33,1,1,exact,opencv
Q00561,1,data/qr_images/Q00561.png,127,8,49,1,1,exact,opencv
Q00562,0,data/qr_images/Q00562.png,32,3,29,1,1,exact,opencv
Q00563,0,data/qr_images/Q00563.png,36,3,29,1,1,exact,opencv
Q00564,0,data/qr_images/Q00564.png,44,4,33,1,1,exact,opencv
Q00565,1,data/qr_images/Q00565.png,94,6,41,1,1,exact,opencv
Q00566,1,data/qr_images/Q00566.png,271,12,65,1,1,exact,opencv
Q00567,0,data/qr_images/Q00567.png,21,2,25,1,1,exact,opencv
Q00568,1,data/qr_images/Q00568.png,96,6,41,1,1,exact,opencv
Q00569,0,data/qr_images/Q00569.png,56,4,33,1,1,exact,opencv
Q00570,1,data/qr_images/Q00570.png,33,3,29,1,1,exact,opencv
Q00571,1,data/qr_images/Q00571.png,43,4,33,1,1,exact,opencv
Q00572,1,data/qr_images/Q00572.png,48,4,33,1,1,exact,opencv_aruco
Q00573,1,data/qr_images/Q00573.png,84,5,37,1,1,exact,opencv
Q00574,0,data/qr_images/Q00574.png,24,2,25,1,1,exact,opencv
Q00575,1,data/qr_images/Q00575.png,58,4,33,1,1,exact,opencv
Q00576,0,data/qr_images/Q00576.png,24,2,25,1,1,exact,opencv
Q00577,1,data/qr_images/Q00577.png,36,3,29,1,1,exact,opencv
Q00578,1,data/qr_images/Q00578.png,72,5,37,1,1,exact,opencv
Q00579,1,data/qr_images/Q00579.png,113,7,45,1,1,exact,opencv
Q00580,1,data/qr_images/Q00580.png,42,3,29,1,1,exact,opencv
Q00581,1,data/qr_images/Q00581.png,67,5,37,1,1,exact,opencv
Q00582,1,data/qr_images/Q00582.png,50,4,33,1,1,exact,opencv
Q00583,0,data/qr_images/Q00583.png,52,4,33,1,1,exact,opencv
Q00584,0,data/qr_images/Q00584.png,28,3,29,1,1,exact,opencv
Q00585,0,data/qr_images/Q00585.png,41,3,29,1,1,exact,opencv
Q00586,1,data/qr_images/Q00586.png,23,2,25,1,1,exact,opencv
Q00587,1,data/qr_images/Q00587.png,131,8,49,1,1,exact,opencv
Q00588,0,data/qr_images/Q00588.png,26,2,25,1,1,exact,opencv
Q00589,0,data/qr_images/Q00589.png,43,4,33,1,1,exact,opencv
Q00590,1,data/qr_images/Q00590.png,62,4,33,1,1,exact,opencv
Q00591,0,data/qr_images/Q00591.png,36,3,29,1,1,exact,opencv
Q00592,1,data/qr_images/Q00592.png,57,4,33,1,1,exact,opencv
Q00593,1,data/qr_images/Q00593.png,50,4,33,1,1,exact,opencv
Q00594,1,data/qr_images/Q00594.png,30,3,29,1,1,exact,opencv
Q00595,0,data/qr_images/Q00595.png,24,2,25,1,1,exact,opencv
Q00596,1,data/qr_images/Q00596.png,95,6,41,1,1,exact,opencv
Q00597,1,data/qr_images/Q00597.png,69,5,37,1,1,exact,opencv
Q00598,0,data/qr_images/Q00598.png,40,3,29,1,1,exact,opencv
Q00599,0,data/qr_images/Q00599.png,23,2,25,1,1,exact,opencv
Q00600,0,data/qr_images/Q00600.png,26,2,25,1,1,exact,opencv
Q00601,0,data/qr_images/Q00601.png,31,3,29,1,1,exact,opencv
Q00602,0,data/qr_images/Q00602.png,58,4,33,1,1,exact,opencv
Q00603,1,data/qr_images/Q00603.png,45,4,33,1,1,exact,opencv
Q00604,1,data/qr_images/Q00604.png,127,8,49,1,1,exact,opencv
Q00605,1,data/qr_images/Q00605.png,44,4,33,1,1,exact,opencv
Q00606,1,data/qr_images/Q00606.png,50,4,33,1,1,exact,opencv
Q00607,1,data/qr_images/Q00607.png,84,5,37,1,1,exact,opencv
Q00608,0,data/qr_images/Q00608.png,83,5,37,1,1,exact,opencv
Q00609,1,data/qr_images/Q00609.png,32,3,29,1,1,exact,opencv
Q00610,1,data/qr_images/Q00610.png,35,3,29,1,1,exact,opencv
Q00611,0,data/qr_images/Q00611.png,75,5,37,1,1,exact,opencv
Q00612,0,data/qr_images/Q00612.png,24,2,25,1,1,exact,opencv
Q00613,1,data/qr_images/Q00613.png,22,2,25,1,1,exact,opencv
Q00614,1,data/qr_images/Q00614.png,76,5,37,1,1,exact,opencv
Q00615,1,data/qr_images/Q00615.png,28,3,29,1,1,exact,opencv
Q00616,1,data/qr_images/Q00616.png,29,3,29,1,1,exact,opencv
Q00617,1,data/qr_images/Q00617.png,118,7,45,1,1,exact,opencv
Q00618,0,data/qr_images/Q00618.png,19,2,25,1,1,exact,opencv
Q00619,0,data/qr_images/Q00619.png,41,3,29,1,1,exact,opencv
Q00620,1,data/qr_images/Q00620.png,45,4,33,1,1,exact,opencv
Q00621,1,data/qr_images/Q00621.png,74,5,37,1,1,exact,opencv
Q00622,0,data/qr_images/Q00622.png,77,5,37,1,1,exact,opencv
Q00623,0,data/qr_images/Q00623.png,32,3,29,1,1,exact,opencv
Q00624,1,data/qr_images/Q00624.png,49,4,33,1,1,exact,opencv
Q00625,1,data/qr_images/Q00625.png,118,7,45,1,1,exact,opencv
Q00626,1,data/qr_images/Q00626.png,90,6,41,1,1,exact,opencv
Q00627,1,data/qr_images/Q00627.png,37,3,29,1,1,exact,opencv
Q00628,0,data/qr_images/Q00628.png,31,3,29,1,1,exact,opencv
Q00629,1,data/qr_images/Q00629.png,24,2,25,1,1,exact,opencv
Q00630,0,data/qr_images/Q00630.png,62,4,33,1,1,exact,opencv
Q00631,1,data/qr_images/Q00631.png,63,5,37,1,1,exact,opencv
Q00632,0,data/qr_images/Q00632.png,24,2,25,1,1,exact,opencv
Q00633,1,data/qr_images/Q00633.png,38,3,29,1,1,exact,opencv
Q00634,0,data/qr_images/Q00634.png,25,2,25,1,1,exact,opencv
Q00635,0,data/qr_images/Q00635.png,49,4,33,1,1,exact,opencv
Q00636,1,data/qr_images/Q00636.png,74,5,37,1,1,exact,opencv
Q00637,1,data/qr_images/Q00637.png,36,3,29,1,1,exact,opencv
Q00638,0,data/qr_images/Q00638.png,42,3,29,1,1,exact,opencv
Q00639,1,data/qr_images/Q00639.png,79,5,37,1,1,exact,opencv
Q00640,1,data/qr_images/Q00640.png,40,3,29,1,1,exact,opencv
Q00641,0,data/qr_images/Q00641.png,67,5,37,1,1,exact,opencv
Q00642,0,data/qr_images/Q00642.png,43,4,33,1,1,exact,opencv
Q00643,1,data/qr_images/Q00643.png,44,4,33,1,1,exact,opencv
Q00644,1,data/qr_images/Q00644.png,165,9,53,1,1,exact,opencv
Q00645,1,data/qr_images/Q00645.png,47,4,33,1,1,exact,opencv
Q00646,0,data/qr_images/Q00646.png,21,2,25,1,1,exact,opencv
Q00647,0,data/qr_images/Q00647.png,35,3,29,1,1,exact,opencv
Q00648,1,data/qr_images/Q00648.png,31,3,29,1,1,exact,opencv
Q00649,1,data/qr_images/Q00649.png,62,4,33,1,1,exact,opencv
Q00650,1,data/qr_images/Q00650.png,138,8,49,1,1,exact,opencv
Q00651,1,data/qr_images/Q00651.png,32,3,29,1,1,exact,opencv
Q00652,1,data/qr_images/Q00652.png,17,2,25,1,1,exact,opencv
Q00653,1,data/qr_images/Q00653.png,202,10,57,1,1,exact,opencv_aruco
Q00654,1,data/qr_images/Q00654.png,34,3,29,1,1,exact,opencv
Q00655,0,data/qr_images/Q00655.png,30,3,29,1,1,exact,opencv
Q00656,1,data/qr_images/Q00656.png,22,2,25,1,1,exact,opencv
Q00657,1,data/qr_images/Q00657.png,26,2,25,1,1,exact,opencv
Q00658,0,data/qr_images/Q00658.png,90,6,41,1,1,exact,opencv
Q00659,0,data/qr_images/Q00659.png,26,2,25,1,1,exact,opencv
Q00660,0,data/qr_images/Q00660.png,24,2,25,1,1,exact,opencv
Q00661,0,data/qr_images/Q00661.png,76,5,37,1,1,exact,opencv
Q00662,1,data/qr_images/Q00662.png,30,3,29,1,1,exact,opencv
Q00663,0,data/qr_images/Q00663.png,27,3,29,1,1,exact,opencv
Q00664,1,data/qr_images/Q00664.png,77,5,37,1,1,exact,opencv
Q00665,1,data/qr_images/Q00665.png,68,5,37,1,1,exact,opencv
Q00666,0,data/qr_images/Q00666.png,40,3,29,1,1,exact,opencv
Q00667,1,data/qr_images/Q00667.png,219,11,61,1,1,exact,opencv_aruco
Q00668,0,data/qr_images/Q00668.png,33,3,29,1,1,exact,opencv
Q00669,0,data/qr_images/Q00669.png,26,2,25,1,1,exact,opencv
Q00670,0,data/qr_images/Q00670.png,67,5,37,1,1,exact,opencv
Q00671,1,data/qr_images/Q00671.png,155,9,53,1,1,exact,opencv
Q00672,0,data/qr_images/Q00672.png,52,4,33,1,1,exact,opencv
Q00673,0,data/qr_images/Q00673.png,47,4,33,1,1,exact,opencv
Q00674,0,data/qr_images/Q00674.png,48,4,33,1,1,exact,opencv
Q00675,0,data/qr_images/Q00675.png,46,4,33,1,1,exact,opencv
Q00676,1,data/qr_images/Q00676.png,69,5,37,1,1,exact,opencv_aruco
Q00677,0,data/qr_images/Q00677.png,54,4,33,1,1,exact,opencv
Q00678,0,data/qr_images/Q00678.png,35,3,29,1,1,exact,opencv
Q00679,1,data/qr_images/Q00679.png,72,5,37,1,1,exact,opencv
Q00680,1,data/qr_images/Q00680.png,73,5,37,1,1,exact,opencv
Q00681,1,data/qr_images/Q00681.png,127,8,49,1,1,exact,opencv
Q00682,0,data/qr_images/Q00682.png,25,2,25,1,1,exact,opencv
Q00683,1,data/qr_images/Q00683.png,47,4,33,1,1,exact,opencv
Q00684,1,data/qr_images/Q00684.png,38,3,29,1,1,exact,opencv
Q00685,1,data/qr_images/Q00685.png,40,3,29,1,1,exact,opencv
Q00686,1,data/qr_images/Q00686.png,29,3,29,1,1,exact,opencv
Q00687,1,data/qr_images/Q00687.png,24,2,25,1,1,exact,opencv
Q00688,1,data/qr_images/Q00688.png,58,4,33,1,1,exact,opencv
Q00689,1,data/qr_images/Q00689.png,92,6,41,1,1,exact,opencv
Q00690,0,data/qr_images/Q00690.png,39,3,29,1,1,exact,opencv
Q00691,0,data/qr_images/Q00691.png,46,4,33,1,1,exact,opencv
Q00692,0,data/qr_images/Q00692.png,32,3,29,1,1,exact,opencv
Q00693,1,data/qr_images/Q00693.png,59,4,33,1,1,exact,opencv
Q00694,1,data/qr_images/Q00694.png,53,4,33,1,1,exact,opencv
Q00695,1,data/qr_images/Q00695.png,31,3,29,1,1,exact,opencv
Q00696,0,data/qr_images/Q00696.png,41,3,29,1,1,exact,opencv
Q00697,1,data/qr_images/Q00697.png,43,4,33,1,1,exact,opencv
Q00698,0,data/qr_images/Q00698.png,37,3,29,1,1,exact,opencv
Q00699,0,data/qr_images/Q00699.png,30,3,29,1,1,exact,opencv
Q00700,1,data/qr_images/Q00700.png,52,4,33,1,1,exact,opencv
Q00701,1,data/qr_images/Q00701.png,39,3,29,1,1,exact,opencv
Q00702,0,data/qr_images/Q00702.png,47,4,33,1,1,exact,opencv
Q00703,1,data/qr_images/Q00703.png,44,4,33,1,1,exact,opencv
Q00704,0,data/qr_images/Q00704.png,41,3,29,1,1,exact,opencv
Q00705,1,data/qr_images/Q00705.png,30,3,29,1,1,exact,opencv
Q00706,0,data/qr_images/Q00706.png,23,2,25,1,1,exact,opencv
Q00707,0,data/qr_images/Q00707.png,19,2,25,1,1,exact,opencv
Q00708,0,data/qr_images/Q00708.png,31,3,29,1,1,exact,opencv
Q00709,0,data/qr_images/Q00709.png,50,4,33,1,1,exact,opencv
Q00710,0,data/qr_images/Q00710.png,84,5,37,1,1,exact,opencv
Q00711,1,data/qr_images/Q00711.png,70,5,37,1,1,exact,opencv
Q00712,0,data/qr_images/Q00712.png,34,3,29,1,1,exact,opencv
Q00713,0,data/qr_images/Q00713.png,27,3,29,1,1,exact,opencv
Q00714,0,data/qr_images/Q00714.png,36,3,29,1,1,exact,opencv
Q00715,0,data/qr_images/Q00715.png,26,2,25,1,1,exact,opencv
Q00716,1,data/qr_images/Q00716.png,37,3,29,1,1,exact,opencv
Q00717,0,data/qr_images/Q00717.png,42,3,29,1,1,exact,opencv
Q00718,0,data/qr_images/Q00718.png,33,3,29,1,1,exact,opencv
Q00719,1,data/qr_images/Q00719.png,69,5,37,1,1,exact,opencv
Q00720,0,data/qr_images/Q00720.png,32,3,29,1,1,exact,opencv
Q00721,1,data/qr_images/Q00721.png,68,5,37,1,1,exact,opencv
Q00722,0,data/qr_images/Q00722.png,77,5,37,1,1,exact,opencv
Q00723,1,data/qr_images/Q00723.png,30,3,29,1,1,exact,opencv
Q00724,1,data/qr_images/Q00724.png,112,7,45,1,1,exact,opencv
Q00725,0,data/qr_images/Q00725.png,34,3,29,1,1,exact,opencv
Q00726,0,data/qr_images/Q00726.png,135,8,49,1,1,exact,opencv
Q00727,0,data/qr_images/Q00727.png,73,5,37,1,1,exact,opencv
Q00728,0,data/qr_images/Q00728.png,30,3,29,1,1,exact,opencv
Q00729,0,data/qr_images/Q00729.png,39,3,29,1,1,exact,opencv
Q00730,0,data/qr_images/Q00730.png,39,3,29,1,1,exact,opencv
Q00731,0,data/qr_images/Q00731.png,31,3,29,1,1,exact,opencv
Q00732,0,data/qr_images/Q00732.png,47,4,33,1,1,exact,opencv
Q00733,0,data/qr_images/Q00733.png,21,2,25,1,1,exact,opencv
Q00734,1,data/qr_images/Q00734.png,24,2,25,1,1,exact,opencv_aruco
Q00735,0,data/qr_images/Q00735.png,68,5,37,1,1,exact,opencv
Q00736,1,data/qr_images/Q00736.png,51,4,33,1,1,exact,opencv
Q00737,1,data/qr_images/Q00737.png,89,6,41,1,1,exact,opencv
Q00738,0,data/qr_images/Q00738.png,35,3,29,1,1,exact,opencv
Q00739,0,data/qr_images/Q00739.png,57,4,33,1,1,exact,opencv
Q00740,0,data/qr_images/Q00740.png,31,3,29,1,1,exact,opencv
Q00741,1,data/qr_images/Q00741.png,28,3,29,1,1,exact,opencv
Q00742,0,data/qr_images/Q00742.png,27,3,29,1,1,exact,opencv
Q00743,0,data/qr_images/Q00743.png,37,3,29,1,1,exact,opencv
Q00744,0,data/qr_images/Q00744.png,52,4,33,1,1,exact,opencv
Q00745,0,data/qr_images/Q00745.png,40,3,29,1,1,exact,opencv
Q00746,0,data/qr_images/Q00746.png,20,2,25,1,1,exact,opencv
Q00747,0,data/qr_images/Q00747.png,43,4,33,1,1,exact,opencv
Q00748,1,data/qr_images/Q00748.png,45,4,33,1,1,exact,opencv_aruco
Q00749,1,data/qr_images/Q00749.png,18,2,25,1,1,exact,opencv
Q00750,1,data/qr_images/Q00750.png,77,5,37,1,1,exact,opencv
Q00751,1,data/qr_images/Q00751.png,159,9,53,1,1,exact,opencv_aruco
Q00752,1,data/qr_images/Q00752.png,45,4,33,1,1,exact,opencv
Q00753,0,data/qr_images/Q00753.png,43,4,33,1,1,exact,opencv
Q00754,1,data/qr_images/Q00754.png,30,3,29,1,1,exact,opencv
Q00755,0,data/qr_images/Q00755.png,49,4,33,1,1,exact,opencv
Q00756,1,data/qr_images/Q00756.png,40,3,29,1,1,exact,opencv
Q00757,1,data/qr_images/Q00757.png,24,2,25,1,1,exact,opencv
Q00758,0,data/qr_images/Q00758.png,20,2,25,1,1,exact,opencv
Q00759,1,data/qr_images/Q00759.png,46,4,33,1,1,exact,opencv
Q00760,1,data/qr_images/Q00760.png,56,4,33,1,1,exact,opencv
Q00761,0,data/qr_images/Q00761.png,50,4,33,1,1,exact,opencv_aruco
Q00762,0,data/qr_images/Q00762.png,55,4,33,1,1,exact,opencv_aruco
Q00763,1,data/qr_images/Q00763.png,49,4,33,1,1,exact,opencv
Q00764,1,data/qr_images/Q00764.png,47,4,33,1,1,exact,opencv
Q00765,1,data/qr_images/Q00765.png,32,3,29,1,1,exact,opencv
Q00766,1,data/qr_images/Q00766.png,67,5,37,1,1,exact,opencv
Q00767,1,data/qr_images/Q00767.png,81,5,37,1,1,exact,opencv
Q00768,0,data/qr_images/Q00768.png,38,3,29,1,1,exact,opencv
Q00769,1,data/qr_images/Q00769.png,45,4,33,1,1,exact,opencv
Q00770,0,data/qr_images/Q00770.png,32,3,29,1,1,exact,opencv
Q00771,1,data/qr_images/Q00771.png,44,4,33,1,1,exact,opencv
Q00772,1,data/qr_images/Q00772.png,106,6,41,1,1,exact,opencv
Q00773,1,data/qr_images/Q00773.png,85,6,41,1,1,exact,opencv
Q00774,0,data/qr_images/Q00774.png,21,2,25,1,1,exact,opencv
Q00775,0,data/qr_images/Q00775.png,23,2,25,1,1,exact,opencv
Q00776,1,data/qr_images/Q00776.png,29,3,29,1,1,exact,opencv
Q00777,1,data/qr_images/Q00777.png,118,7,45,1,1,exact,opencv
Q00778,0,data/qr_images/Q00778.png,44,4,33,1,1,exact,opencv
Q00779,0,data/qr_images/Q00779.png,27,3,29,1,1,exact,opencv
Q00780,0,data/qr_images/Q00780.png,42,3,29,1,1,exact,opencv
Q00781,0,data/qr_images/Q00781.png,47,4,33,1,1,exact,opencv
Q00782,0,data/qr_images/Q00782.png,53,4,33,1,1,exact,opencv
Q00783,0,data/qr_images/Q00783.png,45,4,33,1,1,exact,opencv
Q00784,0,data/qr_images/Q00784.png,122,7,45,1,1,exact,opencv
Q00785,1,data/qr_images/Q00785.png,101,6,41,1,1,exact,opencv
Q00786,0,data/qr_images/Q00786.png,74,5,37,1,1,exact,opencv
Q00787,0,data/qr_images/Q00787.png,24,2,25,1,1,exact,opencv
Q00788,1,data/qr_images/Q00788.png,110,7,45,1,1,exact,opencv
Q00789,0,data/qr_images/Q00789.png,25,2,25,1,1,exact,opencv
Q00790,1,data/qr_images/Q00790.png,33,3,29,1,1,exact,opencv
Q00791,1,data/qr_images/Q00791.png,106,6,41,1,1,exact,opencv
Q00792,0,data/qr_images/Q00792.png,29,3,29,1,1,exact,opencv
Q00793,1,data/qr_images/Q00793.png,26,2,25,1,1,exact,opencv
Q00794,0,data/qr_images/Q00794.png,72,5,37,1,1,exact,opencv
Q00795,0,data/qr_images/Q00795.png,63,5,37,1,1,exact,opencv
Q00796,0,data/qr_images/Q00796.png,68,5,37,1,1,exact,opencv
Q00797,1,data/qr_images/Q00797.png,77,5,37,1,1,exact,opencv
Q00798,1,data/qr_images/Q00798.png,65,5,37,1,1,exact,opencv
Q00799,0,data/qr_images/Q00799.png,49,4,33,1,1,exact,opencv
Q00800,0,data/qr_images/Q00800.png,28,3,29,1,1,exact,opencv
Q00801,1,data/qr_images/Q00801.png,30,3,29,1,1,exact,opencv
Q00802,0,data/qr_images/Q00802.png,106,6,41,1,1,exact,opencv
Q00803,0,data/qr_images/Q00803.png,97,6,41,1,1,exact,opencv
Q00804,1,data/qr_images/Q00804.png,48,4,33,1,1,exact,opencv
Q00805,0,data/qr_images/Q00805.png,26,2,25,1,1,exact,opencv
Q00806,0,data/qr_images/Q00806.png,74,5,37,1,1,exact,opencv
Q00807,1,data/qr_images/Q00807.png,51,4,33,1,1,exact,opencv
Q00808,0,data/qr_images/Q00808.png,69,5,37,1,1,exact,opencv
Q00809,0,data/qr_images/Q00809.png,31,3,29,1,1,exact,opencv
Q00810,1,data/qr_images/Q00810.png,46,4,33,1,1,exact,opencv
Q00811,0,data/qr_images/Q00811.png,36,3,29,1,1,exact,opencv
Q00812,1,data/qr_images/Q00812.png,110,7,45,1,1,exact,opencv
Q00813,0,data/qr_images/Q00813.png,29,3,29,1,1,exact,opencv
Q00814,1,data/qr_images/Q00814.png,89,6,41,1,1,exact,opencv
Q00815,1,data/qr_images/Q00815.png,59,4,33,1,1,exact,opencv
Q00816,1,data/qr_images/Q00816.png,30,3,29,1,1,exact,opencv
Q00817,1,data/qr_images/Q00817.png,46,4,33,1,1,exact,opencv
Q00818,1,data/qr_images/Q00818.png,64,5,37,1,1,exact,opencv
Q00819,1,data/qr_images/Q00819.png,31,3,29,1,1,exact,opencv
Q00820,1,data/qr_images/Q00820.png,30,3,29,1,1,exact,opencv
Q00821,0,data/qr_images/Q00821.png,84,5,37,1,1,exact,opencv
Q00822,1,data/qr_images/Q00822.png,47,4,33,1,1,exact,opencv
Q00823,0,data/qr_images/Q00823.png,29,3,29,1,1,exact,opencv
Q00824,0,data/qr_images/Q00824.png,44,4,33,1,1,exact,opencv
Q00825,0,data/qr_images/Q00825.png,69,5,37,1,1,exact,opencv
Q00826,1,data/qr_images/Q00826.png,30,3,29,1,1,exact,opencv
Q00827,1,data/qr_images/Q00827.png,31,3,29,1,1,exact,opencv
Q00828,0,data/qr_images/Q00828.png,17,2,25,1,1,exact,opencv
Q00829,0,data/qr_images/Q00829.png,23,2,25,1,1,exact,opencv
Q00830,1,data/qr_images/Q00830.png,123,8,49,1,1,exact,opencv
Q00831,0,data/qr_images/Q00831.png,22,2,25,1,1,exact,opencv
Q00832,0,data/qr_images/Q00832.png,50,4,33,1,1,exact,opencv
Q00833,0,data/qr_images/Q00833.png,17,2,25,1,1,exact,opencv
Q00834,0,data/qr_images/Q00834.png,57,4,33,1,1,exact,opencv
Q00835,0,data/qr_images/Q00835.png,30,3,29,1,1,exact,opencv
Q00836,0,data/qr_images/Q00836.png,33,3,29,1,1,exact,opencv
Q00837,1,data/qr_images/Q00837.png,536,18,89,1,1,exact,opencv
Q00838,0,data/qr_images/Q00838.png,36,3,29,1,1,exact,opencv
Q00839,1,data/qr_images/Q00839.png,19,2,25,1,1,exact,opencv
Q00840,0,data/qr_images/Q00840.png,59,4,33,1,1,exact,opencv
Q00841,0,data/qr_images/Q00841.png,55,4,33,1,1,exact,opencv
Q00842,1,data/qr_images/Q00842.png,44,4,33,1,1,exact,opencv
Q00843,0,data/qr_images/Q00843.png,78,5,37,1,1,exact,opencv
Q00844,0,data/qr_images/Q00844.png,62,4,33,1,1,exact,opencv
Q00845,0,data/qr_images/Q00845.png,54,4,33,1,1,exact,opencv
Q00846,0,data/qr_images/Q00846.png,83,5,37,1,1,exact,opencv
Q00847,1,data/qr_images/Q00847.png,108,7,45,1,1,exact,opencv
Q00848,1,data/qr_images/Q00848.png,42,3,29,1,1,exact,opencv
Q00849,0,data/qr_images/Q00849.png,44,4,33,1,1,exact,opencv
Q00850,1,data/qr_images/Q00850.png,59,4,33,1,1,exact,opencv
Q00851,0,data/qr_images/Q00851.png,30,3,29,1,1,exact,opencv
Q00852,0,data/qr_images/Q00852.png,64,5,37,1,1,exact,opencv
Q00853,0,data/qr_images/Q00853.png,25,2,25,1,1,exact,opencv
Q00854,0,data/qr_images/Q00854.png,21,2,25,1,1,exact,opencv
Q00855,1,data/qr_images/Q00855.png,119,7,45,1,1,exact,opencv
Q00856,1,data/qr_images/Q00856.png,54,4,33,1,1,exact,opencv
Q00857,0,data/qr_images/Q00857.png,47,4,33,1,1,exact,opencv
Q00858,0,data/qr_images/Q00858.png,18,2,25,1,1,exact,opencv
Q00859,1,data/qr_images/Q00859.png,34,3,29,1,1,exact,opencv
Q00860,0,data/qr_images/Q00860.png,35,3,29,1,1,exact,opencv
Q00861,0,data/qr_images/Q00861.png,27,3,29,1,1,exact,opencv
Q00862,0,data/qr_images/Q00862.png,53,4,33,1,1,exact,opencv
Q00863,1,data/qr_images/Q00863.png,31,3,29,1,1,exact,opencv
Q00864,1,data/qr_images/Q00864.png,125,8,49,1,1,exact,opencv
Q00865,0,data/qr_images/Q00865.png,108,7,45,1,1,exact,opencv
Q00866,0,data/qr_images/Q00866.png,75,5,37,1,1,exact,opencv
Q00867,1,data/qr_images/Q00867.png,32,3,29,1,1,exact,opencv
Q00868,0,data/qr_images/Q00868.png,77,5,37,1,1,exact,opencv
Q00869,1,data/qr_images/Q00869.png,98,6,41,1,1,exact,opencv
Q00870,0,data/qr_images/Q00870.png,51,4,33,1,1,exact,opencv
Q00871,1,data/qr_images/Q00871.png,131,8,49,1,1,exact,opencv
Q00872,1,data/qr_images/Q00872.png,99,6,41,1,1,exact,opencv_aruco
Q00873,1,data/qr_images/Q00873.png,93,6,41,1,1,exact,opencv
Q00874,0,data/qr_images/Q00874.png,26,2,25,1,1,exact,opencv
Q00875,0,data/qr_images/Q00875.png,20,2,25,1,1,exact,opencv
Q00876,0,data/qr_images/Q00876.png,77,5,37,1,1,exact,opencv
Q00877,0,data/qr_images/Q00877.png,68,5,37,1,1,exact,opencv
Q00878,0,data/qr_images/Q00878.png,40,3,29,1,1,exact,opencv
Q00879,1,data/qr_images/Q00879.png,57,4,33,1,1,exact,opencv
Q00880,1,data/qr_images/Q00880.png,121,6,41,1,1,exact,opencv
Q00881,1,data/qr_images/Q00881.png,74,5,37,1,1,exact,opencv
Q00882,1,data/qr_images/Q00882.png,122,7,45,1,1,exact,opencv
Q00883,1,data/qr_images/Q00883.png,48,4,33,1,1,exact,opencv
Q00884,0,data/qr_images/Q00884.png,58,4,33,1,1,exact,opencv
Q00885,1,data/qr_images/Q00885.png,37,3,29,1,1,exact,opencv
Q00886,0,data/qr_images/Q00886.png,83,5,37,1,1,exact,opencv
Q00887,1,data/qr_images/Q00887.png,75,5,37,1,1,exact,opencv
Q00888,0,data/qr_images/Q00888.png,31,3,29,1,1,exact,opencv
Q00889,0,data/qr_images/Q00889.png,38,3,29,1,1,exact,opencv
Q00890,1,data/qr_images/Q00890.png,32,3,29,1,1,exact,opencv
Q00891,1,data/qr_images/Q00891.png,51,4,33,1,1,exact,opencv
Q00892,0,data/qr_images/Q00892.png,24,2,25,1,1,exact,opencv
Q00893,0,data/qr_images/Q00893.png,36,3,29,1,1,exact,opencv
Q00894,0,data/qr_images/Q00894.png,51,4,33,1,1,exact,opencv
Q00895,1,data/qr_images/Q00895.png,87,5,37,1,1,exact,opencv
Q00896,0,data/qr_images/Q00896.png,29,3,29,1,1,exact,opencv
Q00897,1,data/qr_images/Q00897.png,83,5,37,1,1,exact,opencv
Q00898,0,data/qr_images/Q00898.png,58,4,33,1,1,exact,opencv
Q00899,0,data/qr_images/Q00899.png,46,4,33,1,1,exact,opencv
Q00900,0,data/qr_images/Q00900.png,66,5,37,1,1,exact,opencv
Q00901,1,data/qr_images/Q00901.png,94,6,41,1,1,exact,opencv_aruco
Q00902,1,data/qr_images/Q00902.png,47,4,33,1,1,exact,opencv
Q00903,0,data/qr_images/Q00903.png,23,2,25,1,1,exact,opencv
Q00904,0,data/qr_images/Q00904.png,37,3,29,1,1,exact,opencv
Q00905,1,data/qr_images/Q00905.png,50,4,33,1,1,exact,opencv
Q00906,1,data/qr_images/Q00906.png,48,4,33,1,1,exact,opencv
Q00907,0,data/qr_images/Q00907.png,42,3,29,1,1,exact,opencv
Q00908,1,data/qr_images/Q00908.png,87,6,41,1,1,exact,opencv_aruco
Q00909,1,data/qr_images/Q00909.png,76,5,37,1,1,exact,opencv
Q00910,1,data/qr_images/Q00910.png,28,3,29,1,1,exact,opencv
Q00911,1,data/qr_images/Q00911.png,38,3,29,1,1,exact,opencv
Q00912,1,data/qr_images/Q00912.png,45,4,33,1,1,exact,opencv
Q00913,1,data/qr_images/Q00913.png,55,4,33,1,1,exact,opencv
Q00914,0,data/qr_images/Q00914.png,37,3,29,1,1,exact,opencv
Q00915,0,data/qr_images/Q00915.png,40,3,29,1,1,exact,opencv
Q00916,0,data/qr_images/Q00916.png,27,3,29,1,1,exact,opencv
Q00917,1,data/qr_images/Q00917.png,51,4,33,1,1,exact,opencv
Q00918,1,data/qr_images/Q00918.png,32,3,29,1,1,exact,opencv
Q00919,1,data/qr_images/Q00919.png,56,4,33,1,1,exact,opencv
Q00920,1,data/qr_images/Q00920.png,40,3,29,1,1,exact,opencv
Q00921,1,data/qr_images/Q00921.png,19,2,25,1,1,exact,opencv
Q00922,0,data/qr_images/Q00922.png,43,4,33,1,1,exact,opencv
Q00923,0,data/qr_images/Q00923.png,28,3,29,1,1,exact,opencv
Q00924,0,data/qr_images/Q00924.png,68,5,37,1,1,exact,opencv
Q00925,1,data/qr_images/Q00925.png,22,2,25,1,1,exact,opencv
Q00926,0,data/qr_images/Q00926.png,49,4,33,1,1,exact,opencv
Q00927,0,data/qr_images/Q00927.png,34,3,29,1,1,exact,opencv
Q00928,0,data/qr_images/Q00928.png,24,2,25,1,1,exact,opencv
Q00929,1,data/qr_images/Q00929.png,33,3,29,1,1,exact,opencv
Q00930,1,data/qr_images/Q00930.png,99,6,41,1,1,exact,opencv
Q00931,1,data/qr_images/Q00931.png,73,5,37,1,1,exact,opencv
Q00932,1,data/qr_images/Q00932.png,33,3,29,1,1,exact,opencv
Q00933,1,data/qr_images/Q00933.png,51,4,33,1,1,exact,opencv
Q00934,0,data/qr_images/Q00934.png,45,4,33,1,1,exact,opencv
Q00935,0,data/qr_images/Q00935.png,21,2,25,1,1,exact,opencv
Q00936,0,data/qr_images/Q00936.png,51,4,33,1,1,exact,opencv
Q00937,1,data/qr_images/Q00937.png,79,5,37,1,1,exact,opencv
Q00938,0,data/qr_images/Q00938.png,43,4,33,1,1,exact,opencv
Q00939,1,data/qr_images/Q00939.png,99,6,41,1,1,exact,opencv
Q00940,1,data/qr_images/Q00940.png,28,3,29,1,1,exact,opencv
Q00941,1,data/qr_images/Q00941.png,127,8,49,1,1,exact,opencv
Q00942,0,data/qr_images/Q00942.png,36,3,29,1,1,exact,opencv
Q00943,1,data/qr_images/Q00943.png,143,8,49,1,1,exact,opencv
Q00944,1,data/qr_images/Q00944.png,42,3,29,1,1,exact,opencv
Q00945,1,data/qr_images/Q00945.png,30,3,29,1,1,exact,opencv
Q00946,1,data/qr_images/Q00946.png,35,3,29,1,1,exact,opencv
Q00947,1,data/qr_images/Q00947.png,41,3,29,1,1,exact,opencv
Q00948,0,data/qr_images/Q00948.png,58,4,33,1,1,exact,opencv
Q00949,1,data/qr_images/Q00949.png,21,2,25,1,1,exact,opencv
Q00950,1,data/qr_images/Q00950.png,28,3,29,1,1,exact,opencv
Q00951,0,data/qr_images/Q00951.png,53,4,33,1,1,exact,opencv
Q00952,1,data/qr_images/Q00952.png,32,3,29,1,1,exact,opencv
Q00953,0,data/qr_images/Q00953.png,44,4,33,1,1,exact,opencv
Q00954,1,data/qr_images/Q00954.png,47,4,33,1,1,exact,opencv
Q00955,1,data/qr_images/Q00955.png,40,3,29,1,1,exact,opencv
Q00956,1,data/qr_images/Q00956.png,97,6,41,1,1,exact,opencv
Q00957,0,data/qr_images/Q00957.png,52,4,33,1,1,exact,opencv
Q00958,0,data/qr_images/Q00958.png,29,3,29,1,1,exact,opencv
Q00959,1,data/qr_images/Q00959.png,23,2,25,1,1,exact,opencv
Q00960,0,data/qr_images/Q00960.png,31,3,29,1,1,exact,opencv
Q00961,0,data/qr_images/Q00961.png,20,2,25,1,1,exact,opencv
Q00962,1,data/qr_images/Q00962.png,45,4,33,1,1,exact,opencv
Q00963,0,data/qr_images/Q00963.png,44,4,33,1,1,exact,opencv
Q00964,1,data/qr_images/Q00964.png,65,5,37,1,1,exact,opencv
Q00965,1,data/qr_images/Q00965.png,83,5,37,1,1,exact,opencv
Q00966,0,data/qr_images/Q00966.png,24,2,25,1,1,exact,opencv
Q00967,0,data/qr_images/Q00967.png,59,4,33,1,1,exact,opencv
Q00968,0,data/qr_images/Q00968.png,46,4,33,1,1,exact,opencv
Q00969,0,data/qr_images/Q00969.png,24,2,25,1,1,exact,opencv
Q00970,0,data/qr_images/Q00970.png,95,6,41,1,1,exact,opencv
Q00971,1,data/qr_images/Q00971.png,109,7,45,1,1,exact,opencv
Q00972,0,data/qr_images/Q00972.png,74,5,37,1,1,exact,opencv
Q00973,0,data/qr_images/Q00973.png,21,2,25,1,1,exact,opencv
Q00974,1,data/qr_images/Q00974.png,268,12,65,1,1,exact,opencv
Q00975,0,data/qr_images/Q00975.png,60,4,33,1,1,exact,opencv
Q00976,0,data/qr_images/Q00976.png,30,3,29,1,1,exact,opencv
Q00977,1,data/qr_images/Q00977.png,167,9,53,1,1,exact,opencv
Q00978,1,data/qr_images/Q00978.png,48,4,33,1,1,exact,opencv
Q00979,1,data/qr_images/Q00979.png,128,8,49,1,1,exact,opencv
Q00980,0,data/qr_images/Q00980.png,57,4,33,1,1,exact,opencv
Q00981,0,data/qr_images/Q00981.png,31,3,29,1,1,exact,opencv
Q00982,1,data/qr_images/Q00982.png,69,5,37,1,1,exact,opencv
Q00983,0,data/qr_images/Q00983.png,44,4,33,1,1,exact,opencv
Q00984,0,data/qr_images/Q00984.png,26,2,25,1,1,exact,opencv
Q00985,0,data/qr_images/Q00985.png,103,6,41,1,1,exact,opencv
Q00986,0,data/qr_images/Q00986.png,31,3,29,1,1,exact,opencv
Q00987,1,data/qr_images/Q00987.png,62,4,33,1,1,exact,opencv
Q00988,1,data/qr_images/Q00988.png,52,4,33,1,1,exact,opencv
Q00989,0,data/qr_images/Q00989.png,61,4,33,1,1,exact,opencv
Q00990,0,data/qr_images/Q00990.png,85,6,41,1,1,exact,opencv
Q00991,1,data/qr_images/Q00991.png,33,3,29,1,1,exact,opencv
Q00992,0,data/qr_images/Q00992.png,28,3,29,1,1,exact,opencv
Q00993,1,data/qr_images/Q00993.png,49,4,33,1,1,exact,opencv
Q00994,1,data/qr_images/Q00994.png,47,4,33,1,1,exact,opencv
Q00995,0,data/qr_images/Q00995.png,26,2,25,1,1,exact,opencv
Q00996,1,data/qr_images/Q00996.png,78,5,37,1,1,exact,opencv
Q00997,0,data/qr_images/Q00997.png,78,5,37,1,1,exact,opencv
Q00998,1,data/qr_images/Q00998.png,37,3,29,1,1,exact,opencv
Q00999,0,data/qr_images/Q00999.png,43,4,33,1,1,exact,opencv
Q01000,0,data/qr_images/Q01000.png,26,2,25,1,1,exact,opencv
Q01001,0,data/qr_images/Q01001.png,46,4,33,1,1,exact,opencv
Q01002,0,data/qr_images/Q01002.png,29,3,29,1,1,exact,opencv
Q01003,0,data/qr_images/Q01003.png,23,2,25,1,1,exact,opencv
Q01004,0,data/qr_images/Q01004.png,84,5,37,1,1,exact,opencv
Q01005,0,data/qr_images/Q01005.png,28,3,29,1,1,exact,opencv
Q01006,1,data/qr_images/Q01006.png,55,4,33,1,1,exact,opencv
Q01007,1,data/qr_images/Q01007.png,34,3,29,1,1,exact,opencv
Q01008,1,data/qr_images/Q01008.png,27,3,29,1,1,exact,opencv
Q01009,0,data/qr_images/Q01009.png,49,4,33,1,1,exact,opencv
Q01010,0,data/qr_images/Q01010.png,116,7,45,1,1,exact,opencv
Q01011,1,data/qr_images/Q01011.png,38,3,29,1,1,exact,opencv
Q01012,1,data/qr_images/Q01012.png,32,3,29,1,1,exact,opencv
Q01013,0,data/qr_images/Q01013.png,22,2,25,1,1,exact,opencv
Q01014,0,data/qr_images/Q01014.png,61,4,33,1,1,exact,opencv
Q01015,0,data/qr_images/Q01015.png,85,6,41,1,1,exact,opencv
Q01016,0,data/qr_images/Q01016.png,14,1,21,1,1,exact,opencv
Q01017,1,data/qr_images/Q01017.png,31,3,29,1,1,exact,opencv
Q01018,0,data/qr_images/Q01018.png,24,2,25,1,1,exact,opencv
Q01019,0,data/qr_images/Q01019.png,54,4,33,1,1,exact,opencv
Q01020,0,data/qr_images/Q01020.png,43,4,33,1,1,exact,opencv
Q01021,0,data/qr_images/Q01021.png,76,5,37,1,1,exact,opencv
Q01022,0,data/qr_images/Q01022.png,59,4,33,1,1,exact,opencv
Q01023,0,data/qr_images/Q01023.png,65,5,37,1,1,exact,opencv
Q01024,1,data/qr_images/Q01024.png,81,5,37,1,1,exact,opencv
Q01025,1,data/qr_images/Q01025.png,268,12,65,1,1,exact,opencv
Q01026,1,data/qr_images/Q01026.png,40,3,29,1,1,exact,opencv
Q01027,0,data/qr_images/Q01027.png,30,3,29,1,1,exact,opencv
Q01028,1,data/qr_images/Q01028.png,95,6,41,1,1,exact,opencv
Q01029,1,data/qr_images/Q01029.png,148,8,49,1,1,exact,opencv
Q01030,1,data/qr_images/Q01030.png,216,11,61,1,1,exact,opencv
Q01031,0,data/qr_images/Q01031.png,32,3,29,1,1,exact,opencv
Q01032,1,data/qr_images/Q01032.png,63,5,37,1,1,exact,opencv
Q01033,0,data/qr_images/Q01033.png,54,4,33,1,1,exact,opencv
Q01034,0,data/qr_images/Q01034.png,105,6,41,1,1,exact,opencv
Q01035,1,data/qr_images/Q01035.png,186,10,57,1,1,exact,opencv
Q01036,0,data/qr_images/Q01036.png,63,5,37,1,1,exact,opencv
Q01037,0,data/qr_images/Q01037.png,36,3,29,1,1,exact,opencv
Q01038,1,data/qr_images/Q01038.png,36,3,29,1,1,exact,opencv
Q01039,0,data/qr_images/Q01039.png,29,3,29,1,1,exact,opencv
Q01040,1,data/qr_images/Q01040.png,129,7,45,1,1,exact,opencv
Q01041,1,data/qr_images/Q01041.png,33,3,29,1,1,exact,opencv
Q01042,0,data/qr_images/Q01042.png,40,3,29,1,1,exact,opencv
Q01043,1,data/qr_images/Q01043.png,98,6,41,1,1,exact,opencv
Q01044,1,data/qr_images/Q01044.png,46,4,33,1,1,exact,opencv
Q01045,1,data/qr_images/Q01045.png,39,3,29,1,1,exact,opencv
Q01046,0,data/qr_images/Q01046.png,31,3,29,1,1,exact,opencv
Q01047,0,data/qr_images/Q01047.png,32,3,29,1,1,exact,opencv
Q01048,0,data/qr_images/Q01048.png,27,3,29,1,1,exact,opencv
Q01049,0,data/qr_images/Q01049.png,27,3,29,1,1,exact,opencv
Q01050,0,data/qr_images/Q01050.png,71,5,37,1,1,exact,opencv
Q01051,1,data/qr_images/Q01051.png,49,4,33,1,1,exact,opencv
Q01052,0,data/qr_images/Q01052.png,23,2,25,1,1,exact,opencv
Q01053,1,data/qr_images/Q01053.png,66,4,33,1,1,exact,opencv
Q01054,1,data/qr_images/Q01054.png,54,4,33,1,1,exact,opencv
Q01055,1,data/qr_images/Q01055.png,55,4,33,1,1,exact,opencv
Q01056,1,data/qr_images/Q01056.png,69,5,37,1,1,exact,opencv
Q01057,1,data/qr_images/Q01057.png,42,3,29,1,1,exact,opencv
Q01058,1,data/qr_images/Q01058.png,71,5,37,1,1,exact,opencv
Q01059,0,data/qr_images/Q01059.png,104,6,41,1,1,exact,opencv
Q01060,1,data/qr_images/Q01060.png,261,12,65,1,1,exact,opencv
Q01061,1,data/qr_images/Q01061.png,97,6,41,1,1,exact,opencv
Q01062,1,data/qr_images/Q01062.png,69,5,37,1,1,exact,opencv
Q01063,1,data/qr_images/Q01063.png,102,6,41,1,1,exact,opencv
Q01064,1,data/qr_images/Q01064.png,39,3,29,1,1,exact,opencv
Q01065,1,data/qr_images/Q01065.png,194,10,57,1,1,exact,opencv_aruco
Q01066,1,data/qr_images/Q01066.png,32,3,29,1,1,exact,opencv
Q01067,0,data/qr_images/Q01067.png,62,4,33,1,1,exact,opencv
Q01068,0,data/qr_images/Q01068.png,41,3,29,1,1,exact,opencv
Q01069,0,data/qr_images/Q01069.png,37,3,29,1,1,exact,opencv
Q01070,0,data/qr_images/Q01070.png,47,4,33,1,1,exact,opencv
Q01071,1,data/qr_images/Q01071.png,39,3,29,1,1,exact,opencv
Q01072,0,data/qr_images/Q01072.png,29,3,29,1,1,exact,opencv
Q01073,1,data/qr_images/Q01073.png,140,8,49,1,1,exact,opencv_aruco
Q01074,0,data/qr_images/Q01074.png,28,3,29,1,1,exact,opencv
Q01075,0,data/qr_images/Q01075.png,47,4,33,1,1,exact,opencv
Q01076,0,data/qr_images/Q01076.png,70,5,37,1,1,exact,opencv
Q01077,0,data/qr_images/Q01077.png,43,4,33,1,1,exact,opencv
Q01078,0,data/qr_images/Q01078.png,41,3,29,1,1,exact,opencv
Q01079,0,data/qr_images/Q01079.png,27,3,29,1,1,exact,opencv
Q01080,0,data/qr_images/Q01080.png,26,2,25,1,1,exact,opencv
Q01081,1,data/qr_images/Q01081.png,41,3,29,1,1,exact,opencv
Q01082,0,data/qr_images/Q01082.png,89,6,41,1,1,exact,opencv
Q01083,0,data/qr_images/Q01083.png,33,3,29,1,1,exact,opencv
Q01084,1,data/qr_images/Q01084.png,74,5,37,1,1,exact,opencv
Q01085,0,data/qr_images/Q01085.png,39,3,29,1,1,exact,opencv
Q01086,0,data/qr_images/Q01086.png,25,2,25,1,1,exact,opencv
Q01087,1,data/qr_images/Q01087.png,87,6,41,1,1,exact,opencv
Q01088,0,data/qr_images/Q01088.png,46,4,33,1,1,exact,opencv
Q01089,0,data/qr_images/Q01089.png,78,5,37,1,1,exact,opencv
Q01090,1,data/qr_images/Q01090.png,44,4,33,1,1,exact,opencv
Q01091,1,data/qr_images/Q01091.png,119,7,45,1,1,exact,opencv
Q01092,0,data/qr_images/Q01092.png,26,2,25,1,1,exact,opencv
Q01093,1,data/qr_images/Q01093.png,104,6,41,1,1,exact,opencv
Q01094,1,data/qr_images/Q01094.png,87,6,41,1,1,exact,opencv
Q01095,1,data/qr_images/Q01095.png,85,6,41,1,1,exact,opencv
Q01096,0,data/qr_images/Q01096.png,47,4,33,1,1,exact,opencv
Q01097,0,data/qr_images/Q01097.png,41,3,29,1,1,exact,opencv
Q01098,0,data/qr_images/Q01098.png,43,4,33,1,1,exact,opencv
Q01099,1,data/qr_images/Q01099.png,60,4,33,1,1,exact,opencv
Q01100,0,data/qr_images/Q01100.png,32,3,29,1,1,exact,opencv
Q01101,1,data/qr_images/Q01101.png,138,8,49,1,1,exact,opencv
Q01102,0,data/qr_images/Q01102.png,31,3,29,1,1,exact,opencv
Q01103,1,data/qr_images/Q01103.png,92,6,41,1,1,exact,opencv
Q01104,1,data/qr_images/Q01104.png,126,8,49,1,1,exact,opencv
Q01105,1,data/qr_images/Q01105.png,31,3,29,1,1,exact,opencv
Q01106,0,data/qr_images/Q01106.png,24,2,25,1,1,exact,opencv
Q01107,1,data/qr_images/Q01107.png,19,2,25,1,1,exact,opencv
Q01108,0,data/qr_images/Q01108.png,38,3,29,1,1,exact,opencv
Q01109,0,data/qr_images/Q01109.png,24,2,25,1,1,exact,opencv
Q01110,0,data/qr_images/Q01110.png,56,4,33,1,1,exact,opencv
Q01111,1,data/qr_images/Q01111.png,206,10,57,1,1,exact,opencv
Q01112,0,data/qr_images/Q01112.png,25,2,25,1,1,exact,opencv
Q01113,1,data/qr_images/Q01113.png,51,4,33,1,1,exact,opencv
Q01114,1,data/qr_images/Q01114.png,71,5,37,1,1,exact,opencv
Q01115,0,data/qr_images/Q01115.png,60,4,33,1,1,exact,opencv
Q01116,1,data/qr_images/Q01116.png,62,4,33,1,1,exact,opencv
Q01117,0,data/qr_images/Q01117.png,22,2,25,1,1,exact,opencv
Q01118,0,data/qr_images/Q01118.png,21,2,25,1,1,exact,opencv
Q01119,0,data/qr_images/Q01119.png,58,4,33,1,1,exact,opencv
Q01120,0,data/qr_images/Q01120.png,46,4,33,1,1,exact,opencv
Q01121,0,data/qr_images/Q01121.png,28,3,29,1,1,exact,opencv
Q01122,0,data/qr_images/Q01122.png,67,5,37,1,1,exact,opencv
Q01123,0,data/qr_images/Q01123.png,24,2,25,1,1,exact,opencv
Q01124,1,data/qr_images/Q01124.png,19,2,25,1,1,exact,opencv
Q01125,1,data/qr_images/Q01125.png,33,3,29,1,1,exact,opencv
Q01126,0,data/qr_images/Q01126.png,22,2,25,1,1,exact,opencv
Q01127,0,data/qr_images/Q01127.png,45,4,33,1,1,exact,opencv
Q01128,0,data/qr_images/Q01128.png,58,4,33,1,1,exact,opencv
Q01129,0,data/qr_images/Q01129.png,66,5,37,1,1,exact,opencv
Q01130,0,data/qr_images/Q01130.png,73,5,37,1,1,exact,opencv
Q01131,0,data/qr_images/Q01131.png,30,3,29,1,1,exact,opencv
Q01132,1,data/qr_images/Q01132.png,41,3,29,1,1,exact,opencv
Q01133,1,data/qr_images/Q01133.png,46,4,33,1,1,exact,opencv
Q01134,0,data/qr_images/Q01134.png,32,3,29,1,1,exact,opencv
Q01135,1,data/qr_images/Q01135.png,77,5,37,1,1,exact,opencv
Q01136,0,data/qr_images/Q01136.png,22,2,25,1,1,exact,opencv
Q01137,0,data/qr_images/Q01137.png,69,5,37,1,1,exact,opencv
Q01138,0,data/qr_images/Q01138.png,31,3,29,1,1,exact,opencv
Q01139,0,data/qr_images/Q01139.png,30,3,29,1,1,exact,opencv
Q01140,1,data/qr_images/Q01140.png,32,3,29,1,1,exact,opencv
Q01141,0,data/qr_images/Q01141.png,88,6,41,1,1,exact,opencv
Q01142,1,data/qr_images/Q01142.png,439,16,81,1,1,exact,opencv_aruco
Q01143,0,data/qr_images/Q01143.png,27,3,29,1,1,exact,opencv
Q01144,1,data/qr_images/Q01144.png,114,7,45,1,1,exact,opencv
Q01145,0,data/qr_images/Q01145.png,18,2,25,1,1,exact,opencv
Q01146,1,data/qr_images/Q01146.png,34,3,29,1,1,exact,opencv
Q01147,0,data/qr_images/Q01147.png,35,3,29,1,1,exact,opencv
Q01148,0,data/qr_images/Q01148.png,38,3,29,1,1,exact,opencv
Q01149,0,data/qr_images/Q01149.png,25,2,25,1,1,exact,opencv
Q01150,1,data/qr_images/Q01150.png,86,6,41,1,1,exact,opencv
Q01151,1,data/qr_images/Q01151.png,16,2,25,1,1,exact,opencv
Q01152,0,data/qr_images/Q01152.png,31,3,29,1,1,exact,opencv
Q01153,1,data/qr_images/Q01153.png,69,5,37,1,1,exact,opencv
Q01154,1,data/qr_images/Q01154.png,118,7,45,1,1,exact,opencv
Q01155,1,data/qr_images/Q01155.png,77,5,37,1,1,exact,opencv
Q01156,0,data/qr_images/Q01156.png,40,3,29,1,1,exact,opencv
Q01157,0,data/qr_images/Q01157.png,40,3,29,1,1,exact,opencv
Q01158,0,data/qr_images/Q01158.png,36,3,29,1,1,exact,opencv
Q01159,0,data/qr_images/Q01159.png,46,4,33,1,1,exact,opencv
Q01160,1,data/qr_images/Q01160.png,45,4,33,1,1,exact,opencv
Q01161,0,data/qr_images/Q01161.png,51,4,33,1,1,exact,opencv
Q01162,1,data/qr_images/Q01162.png,29,3,29,1,1,exact,opencv
Q01163,0,data/qr_images/Q01163.png,59,4,33,1,1,exact,opencv
Q01164,1,data/qr_images/Q01164.png,124,8,49,1,1,exact,opencv
Q01165,0,data/qr_images/Q01165.png,46,4,33,1,1,exact,opencv
Q01166,0,data/qr_images/Q01166.png,44,4,33,1,1,exact,opencv
Q01167,1,data/qr_images/Q01167.png,77,5,37,1,1,exact,opencv
Q01168,1,data/qr_images/Q01168.png,48,4,33,1,1,exact,opencv
Q01169,0,data/qr_images/Q01169.png,95,6,41,1,1,exact,opencv
Q01170,0,data/qr_images/Q01170.png,70,5,37,1,1,exact,opencv
Q01171,1,data/qr_images/Q01171.png,41,3,29,1,1,exact,opencv
Q01172,1,data/qr_images/Q01172.png,82,5,37,1,1,exact,opencv
Q01173,0,data/qr_images/Q01173.png,97,6,41,1,1,exact,opencv
Q01174,0,data/qr_images/Q01174.png,23,2,25,1,1,exact,opencv
Q01175,1,data/qr_images/Q01175.png,81,5,37,1,1,exact,opencv
Q01176,1,data/qr_images/Q01176.png,54,4,33,1,1,exact,opencv
Q01177,0,data/qr_images/Q01177.png,42,3,29,1,1,exact,opencv
Q01178,1,data/qr_images/Q01178.png,41,3,29,1,1,exact,opencv
Q01179,1,data/qr_images/Q01179.png,66,5,37,1,1,exact,opencv
Q01180,1,data/qr_images/Q01180.png,132,8,49,1,1,exact,opencv
Q01181,1,data/qr_images/Q01181.png,31,3,29,1,1,exact,opencv
Q01182,0,data/qr_images/Q01182.png,25,2,25,1,1,exact,opencv
Q01183,1,data/qr_images/Q01183.png,92,6,41,1,1,exact,opencv
Q01184,0,data/qr_images/Q01184.png,72,5,37,1,1,exact,opencv
Q01185,1,data/qr_images/Q01185.png,395,15,77,1,1,exact,opencv
Q01186,1,data/qr_images/Q01186.png,113,7,45,1,1,exact,opencv
Q01187,0,data/qr_images/Q01187.png,27,3,29,1,1,exact,opencv
Q01188,1,data/qr_images/Q01188.png,48,4,33,1,1,exact,opencv
Q01189,1,data/qr_images/Q01189.png,103,6,41,1,1,exact,opencv
Q01190,1,data/qr_images/Q01190.png,34,3,29,1,1,exact,opencv
Q01191,1,data/qr_images/Q01191.png,33,3,29,1,1,exact,opencv
Q01192,0,data/qr_images/Q01192.png,25,2,25,1,1,exact,opencv
Q01193,1,data/qr_images/Q01193.png,54,4,33,1,1,exact,opencv
Q01194,1,data/qr_images/Q01194.png,64,5,37,1,1,exact,opencv
Q01195,1,data/qr_images/Q01195.png,98,6,41,1,1,exact,opencv
Q01196,0,data/qr_images/Q01196.png,56,4,33,1,1,exact,opencv
Q01197,0,data/qr_images/Q01197.png,114,7,45,1,1,exact,opencv
Q01198,1,data/qr_images/Q01198.png,46,4,33,1,1,exact,opencv
Q01199,0,data/qr_images/Q01199.png,54,4,33,1,1,exact,opencv
Q01200,0,data/qr_images/Q01200.png,24,2,25,1,1,exact,opencv
Q01201,0,data/qr_images/Q01201.png,74,5,37,1,1,exact,opencv
Q01202,1,data/qr_images/Q01202.png,70,5,37,1,1,exact,opencv
Q01203,0,data/qr_images/Q01203.png,27,3,29,1,1,exact,opencv
Q01204,0,data/qr_images/Q01204.png,43,4,33,1,1,exact,opencv
Q01205,1,data/qr_images/Q01205.png,81,5,37,1,1,exact,opencv
Q01206,0,data/qr_images/Q01206.png,55,4,33,1,1,exact,opencv
Q01207,1,data/qr_images/Q01207.png,32,3,29,1,1,exact,opencv
Q01208,1,data/qr_images/Q01208.png,35,3,29,1,1,exact,opencv
Q01209,1,data/qr_images/Q01209.png,44,4,33,1,1,exact,opencv_aruco
Q01210,1,data/qr_images/Q01210.png,53,4,33,1,1,exact,opencv
Q01211,1,data/qr_images/Q01211.png,123,8,49,1,1,exact,opencv
Q01212,1,data/qr_images/Q01212.png,45,4,33,1,1,exact,opencv
Q01213,0,data/qr_images/Q01213.png,64,5,37,1,1,exact,opencv
Q01214,0,data/qr_images/Q01214.png,33,3,29,1,1,exact,opencv
Q01215,0,data/qr_images/Q01215.png,83,5,37,1,1,exact,opencv
Q01216,0,data/qr_images/Q01216.png,25,2,25,1,1,exact,opencv
Q01217,0,data/qr_images/Q01217.png,26,2,25,1,1,exact,opencv
Q01218,0,data/qr_images/Q01218.png,48,4,33,1,1,exact,opencv
Q01219,0,data/qr_images/Q01219.png,33,3,29,1,1,exact,opencv
Q01220,0,data/qr_images/Q01220.png,26,2,25,1,1,exact,opencv
Q01221,1,data/qr_images/Q01221.png,37,3,29,1,1,exact,opencv
Q01222,1,data/qr_images/Q01222.png,37,3,29,1,1,exact,opencv_aruco
Q01223,0,data/qr_images/Q01223.png,26,2,25,1,1,exact,opencv
Q01224,1,data/qr_images/Q01224.png,53,4,33,1,1,exact,opencv
Q01225,1,data/qr_images/Q01225.png,37,3,29,1,1,exact,opencv
Q01226,1,data/qr_images/Q01226.png,29,3,29,1,1,exact,opencv
Q01227,0,data/qr_images/Q01227.png,67,5,37,1,1,exact,opencv
Q01228,0,data/qr_images/Q01228.png,36,3,29,1,1,exact,opencv
Q01229,0,data/qr_images/Q01229.png,58,4,33,1,1,exact,opencv
Q01230,1,data/qr_images/Q01230.png,39,3,29,1,1,exact,opencv
Q01231,0,data/qr_images/Q01231.png,154,9,53,1,1,exact,opencv
Q01232,0,data/qr_images/Q01232.png,67,5,37,1,1,exact,opencv
Q01233,0,data/qr_images/Q01233.png,35,3,29,1,1,exact,opencv
Q01234,1,data/qr_images/Q01234.png,33,3,29,1,1,exact,opencv
Q01235,0,data/qr_images/Q01235.png,115,7,45,1,1,exact,opencv
Q01236,1,data/qr_images/Q01236.png,23,2,25,1,1,exact,opencv
Q01237,1,data/qr_images/Q01237.png,34,3,29,1,1,exact,opencv
Q01238,1,data/qr_images/Q01238.png,111,7,45,1,1,exact,opencv
Q01239,1,data/qr_images/Q01239.png,53,4,33,1,1,exact,opencv
Q01240,0,data/qr_images/Q01240.png,50,4,33,1,1,exact,opencv
Q01241,0,data/qr_images/Q01241.png,40,3,29,1,1,exact,opencv
Q01242,1,data/qr_images/Q01242.png,40,3,29,1,1,exact,opencv
Q01243,0,data/qr_images/Q01243.png,29,3,29,1,1,exact,opencv
Q01244,0,data/qr_images/Q01244.png,65,5,37,1,1,exact,opencv
Q01245,0,data/qr_images/Q01245.png,34,3,29,1,1,exact,opencv
Q01246,0,data/qr_images/Q01246.png,29,3,29,1,1,exact,opencv
Q01247,1,data/qr_images/Q01247.png,36,3,29,1,1,exact,opencv
Q01248,0,data/qr_images/Q01248.png,80,5,37,1,1,exact,opencv
Q01249,1,data/qr_images/Q01249.png,138,8,49,1,1,exact,opencv
Q01250,1,data/qr_images/Q01250.png,120,7,45,1,1,exact,opencv
Q01251,1,data/qr_images/Q01251.png,91,6,41,1,1,exact,opencv
Q01252,1,data/qr_images/Q01252.png,155,9,53,1,1,exact,opencv
Q01253,1,data/qr_images/Q01253.png,43,4,33,1,1,exact,opencv
Q01254,1,data/qr_images/Q01254.png,34,3,29,1,1,exact,opencv
Q01255,1,data/qr_images/Q01255.png,52,4,33,1,1,exact,opencv
Q01256,1,data/qr_images/Q01256.png,76,5,37,1,1,exact,opencv
Q01257,1,data/qr_images/Q01257.png,199,10,57,1,1,exact,opencv
Q01258,0,data/qr_images/Q01258.png,26,2,25,1,1,exact,opencv
Q01259,0,data/qr_images/Q01259.png,30,3,29,1,1,exact,opencv
Q01260,1,data/qr_images/Q01260.png,44,4,33,1,1,exact,opencv
Q01261,0,data/qr_images/Q01261.png,47,4,33,1,1,exact,opencv
Q01262,1,data/qr_images/Q01262.png,36,3,29,1,1,exact,opencv
Q01263,0,data/qr_images/Q01263.png,70,5,37,1,1,exact,opencv
Q01264,1,data/qr_images/Q01264.png,39,3,29,1,1,exact,opencv
Q01265,0,data/qr_images/Q01265.png,32,3,29,1,1,exact,opencv
Q01266,0,data/qr_images/Q01266.png,28,3,29,1,1,exact,opencv
Q01267,1,data/qr_images/Q01267.png,42,3,29,1,1,exact,opencv
Q01268,0,data/qr_images/Q01268.png,70,5,37,1,1,exact,opencv
Q01269,1,data/qr_images/Q01269.png,114,7,45,1,1,exact,opencv
Q01270,0,data/qr_images/Q01270.png,29,3,29,1,1,exact,opencv
Q01271,1,data/qr_images/Q01271.png,81,5,37,1,1,exact,opencv
Q01272,0,data/qr_images/Q01272.png,26,2,25,1,1,exact,opencv
Q01273,1,data/qr_images/Q01273.png,79,5,37,1,1,exact,opencv
Q01274,0,data/qr_images/Q01274.png,46,4,33,1,1,exact,opencv
Q01275,0,data/qr_images/Q01275.png,48,4,33,1,1,exact,opencv
Q01276,1,data/qr_images/Q01276.png,55,4,33,1,1,exact,opencv
Q01277,0,data/qr_images/Q01277.png,53,4,33,1,1,exact,opencv
Q01278,0,data/qr_images/Q01278.png,77,5,37,1,1,exact,opencv
Q01279,1,data/qr_images/Q01279.png,79,5,37,1,1,exact,opencv
Q01280,0,data/qr_images/Q01280.png,30,3,29,1,1,exact,opencv
Q01281,1,data/qr_images/Q01281.png,34,3,29,1,1,exact,opencv
Q01282,1,data/qr_images/Q01282.png,41,3,29,1,1,exact,opencv
Q01283,1,data/qr_images/Q01283.png,68,5,37,1,1,exact,opencv
Q01284,0,data/qr_images/Q01284.png,56,4,33,1,1,exact,opencv
Q01285,0,data/qr_images/Q01285.png,31,3,29,1,1,exact,opencv
Q01286,1,data/qr_images/Q01286.png,72,5,37,1,1,exact,opencv
Q01287,0,data/qr_images/Q01287.png,27,3,29,1,1,exact,opencv
Q01288,0,data/qr_images/Q01288.png,59,4,33,1,1,exact,opencv
Q01289,0,data/qr_images/Q01289.png,22,2,25,1,1,exact,opencv
Q01290,1,data/qr_images/Q01290.png,52,4,33,1,1,exact,opencv
Q01291,1,data/qr_images/Q01291.png,98,6,41,1,1,exact,opencv
Q01292,0,data/qr_images/Q01292.png,79,5,37,1,1,exact,opencv
Q01293,1,data/qr_images/Q01293.png,32,3,29,1,1,exact,opencv
Q01294,1,data/qr_images/Q01294.png,219,11,61,1,1,exact,opencv_aruco
Q01295,1,data/qr_images/Q01295.png,30,3,29,1,1,exact,opencv
Q01296,1,data/qr_images/Q01296.png,64,5,37,1,1,exact,opencv
Q01297,1,data/qr_images/Q01297.png,81,5,37,1,1,exact,opencv_aruco
Q01298,1,data/qr_images/Q01298.png,23,2,25,1,1,exact,opencv
Q01299,0,data/qr_images/Q01299.png,22,2,25,1,1,exact,opencv
Q01300,0,data/qr_images/Q01300.png,66,5,37,1,1,exact,opencv
Q01301,1,data/qr_images/Q01301.png,115,7,45,1,1,exact,opencv
Q01302,0,data/qr_images/Q01302.png,45,4,33,1,1,exact,opencv
Q01303,1,data/qr_images/Q01303.png,61,4,33,1,1,exact,opencv
Q01304,1,data/qr_images/Q01304.png,51,4,33,1,1,exact,opencv
Q01305,1,data/qr_images/Q01305.png,48,4,33,1,1,exact,opencv
Q01306,0,data/qr_images/Q01306.png,61,4,33,1,1,exact,opencv
Q01307,0,data/qr_images/Q01307.png,52,4,33,1,1,exact,opencv
Q01308,1,data/qr_images/Q01308.png,93,6,41,1,1,exact,opencv
Q01309,1,data/qr_images/Q01309.png,36,3,29,1,1,exact,opencv
Q01310,1,data/qr_images/Q01310.png,44,4,33,1,1,exact,opencv
Q01311,1,data/qr_images/Q01311.png,46,4,33,1,1,exact,opencv
Q01312,0,data/qr_images/Q01312.png,25,2,25,1,1,exact,opencv
Q01313,0,data/qr_images/Q01313.png,80,5,37,1,1,exact,opencv
Q01314,0,data/qr_images/Q01314.png,56,4,33,1,1,exact,opencv
Q01315,1,data/qr_images/Q01315.png,36,3,29,1,1,exact,opencv
Q01316,1,data/qr_images/Q01316.png,119,7,45,1,1,exact,opencv
Q01317,0,data/qr_images/Q01317.png,43,4,33,1,1,exact,opencv
Q01318,0,data/qr_images/Q01318.png,32,3,29,1,1,exact,opencv
Q01319,0,data/qr_images/Q01319.png,60,4,33,1,1,exact,opencv
Q01320,0,data/qr_images/Q01320.png,25,2,25,1,1,exact,opencv
Q01321,0,data/qr_images/Q01321.png,23,2,25,1,1,exact,opencv
Q01322,1,data/qr_images/Q01322.png,47,4,33,1,1,exact,opencv
Q01323,1,data/qr_images/Q01323.png,126,8,49,1,1,exact,opencv
Q01324,1,data/qr_images/Q01324.png,30,3,29,1,1,exact,opencv
Q01325,1,data/qr_images/Q01325.png,77,5,37,1,1,exact,opencv
Q01326,1,data/qr_images/Q01326.png,101,6,41,1,1,exact,opencv
Q01327,1,data/qr_images/Q01327.png,45,4,33,1,1,exact,opencv
Q01328,0,data/qr_images/Q01328.png,80,5,37,1,1,exact,opencv
Q01329,1,data/qr_images/Q01329.png,52,4,33,1,1,exact,opencv
Q01330,1,data/qr_images/Q01330.png,38,3,29,1,1,exact,opencv
Q01331,0,data/qr_images/Q01331.png,33,3,29,1,1,exact,opencv
Q01332,1,data/qr_images/Q01332.png,33,3,29,1,1,exact,opencv
Q01333,0,data/qr_images/Q01333.png,62,4,33,1,1,exact,opencv
Q01334,1,data/qr_images/Q01334.png,124,8,49,1,1,exact,opencv
Q01335,1,data/qr_images/Q01335.png,52,4,33,1,1,exact,opencv
Q01336,0,data/qr_images/Q01336.png,79,5,37,1,1,exact,opencv
Q01337,0,data/qr_images/Q01337.png,35,3,29,1,1,exact,opencv
Q01338,1,data/qr_images/Q01338.png,127,8,49,1,1,exact,opencv
Q01339,1,data/qr_images/Q01339.png,27,3,29,1,1,exact,opencv
Q01340,1,data/qr_images/Q01340.png,40,3,29,1,1,exact,opencv
Q01341,1,data/qr_images/Q01341.png,48,4,33,1,1,exact,opencv
Q01342,0,data/qr_images/Q01342.png,56,4,33,1,1,exact,opencv
Q01343,1,data/qr_images/Q01343.png,52,4,33,1,1,exact,opencv
Q01344,0,data/qr_images/Q01344.png,82,5,37,1,1,exact,opencv
Q01345,0,data/qr_images/Q01345.png,49,4,33,1,1,exact,opencv
Q01346,0,data/qr_images/Q01346.png,28,3,29,1,1,exact,opencv
Q01347,0,data/qr_images/Q01347.png,25,2,25,1,1,exact,opencv
Q01348,0,data/qr_images/Q01348.png,28,3,29,1,1,exact,opencv
Q01349,0,data/qr_images/Q01349.png,31,3,29,1,1,exact,opencv
Q01350,1,data/qr_images/Q01350.png,22,2,25,1,1,exact,opencv
Q01351,0,data/qr_images/Q01351.png,25,2,25,1,1,exact,opencv
Q01352,0,data/qr_images/Q01352.png,44,4,33,1,1,exact,opencv
Q01353,0,data/qr_images/Q01353.png,24,2,25,1,1,exact,opencv
Q01354,1,data/qr_images/Q01354.png,78,5,37,1,1,exact,opencv
Q01355,1,data/qr_images/Q01355.png,153,9,53,1,1,exact,opencv
Q01356,1,data/qr_images/Q01356.png,144,8,49,1,1,exact,opencv
Q01357,1,data/qr_images/Q01357.png,67,5,37,1,1,exact,opencv
Q01358,0,data/qr_images/Q01358.png,28,3,29,1,1,exact,opencv
Q01359,0,data/qr_images/Q01359.png,42,3,29,1,1,exact,opencv
Q01360,1,data/qr_images/Q01360.png,50,4,33,1,1,exact,opencv
Q01361,0,data/qr_images/Q01361.png,33,3,29,1,1,exact,opencv
Q01362,1,data/qr_images/Q01362.png,611,19,93,1,1,exact,opencv
Q01363,1,data/qr_images/Q01363.png,78,5,37,1,1,exact,opencv
Q01364,0,data/qr_images/Q01364.png,72,5,37,1,1,exact,opencv
Q01365,0,data/qr_images/Q01365.png,68,5,37,1,1,exact,opencv
Q01366,1,data/qr_images/Q01366.png,33,3,29,1,1,exact,opencv
Q01367,0,data/qr_images/Q01367.png,56,4,33,1,1,exact,opencv
Q01368,1,data/qr_images/Q01368.png,68,5,37,1,1,exact,opencv
Q01369,1,data/qr_images/Q01369.png,158,9,53,1,1,exact,opencv
Q01370,0,data/qr_images/Q01370.png,45,4,33,1,1,exact,opencv
Q01371,1,data/qr_images/Q01371.png,110,7,45,1,1,exact,opencv
Q01372,0,data/qr_images/Q01372.png,50,4,33,1,1,exact,opencv
Q01373,0,data/qr_images/Q01373.png,55,4,33,1,1,exact,opencv
Q01374,0,data/qr_images/Q01374.png,62,4,33,1,1,exact,opencv
Q01375,0,data/qr_images/Q01375.png,56,4,33,1,1,exact,opencv
Q01376,0,data/qr_images/Q01376.png,71,5,37,1,1,exact,opencv
Q01377,0,data/qr_images/Q01377.png,44,4,33,1,1,exact,opencv
Q01378,1,data/qr_images/Q01378.png,51,4,33,1,1,exact,opencv
Q01379,1,data/qr_images/Q01379.png,40,3,29,1,1,exact,opencv
Q01380,0,data/qr_images/Q01380.png,100,6,41,1,1,exact,opencv
Q01381,0,data/qr_images/Q01381.png,89,6,41,1,1,exact,opencv
Q01382,1,data/qr_images/Q01382.png,71,5,37,1,1,exact,opencv
Q01383,0,data/qr_images/Q01383.png,34,3,29,1,1,exact,opencv
Q01384,1,data/qr_images/Q01384.png,34,3,29,1,1,exact,opencv
Q01385,0,data/qr_images/Q01385.png,55,4,33,1,1,exact,opencv
Q01386,0,data/qr_images/Q01386.png,130,8,49,1,1,exact,opencv
Q01387,0,data/qr_images/Q01387.png,47,4,33,1,1,exact,opencv
Q01388,1,data/qr_images/Q01388.png,28,3,29,1,1,exact,opencv
Q01389,0,data/qr_images/Q01389.png,29,3,29,1,1,exact,opencv
Q01390,0,data/qr_images/Q01390.png,27,3,29,1,1,exact,opencv
Q01391,1,data/qr_images/Q01391.png,82,5,37,1,1,exact,opencv
Q01392,0,data/qr_images/Q01392.png,95,6,41,1,1,exact,opencv
Q01393,0,data/qr_images/Q01393.png,79,5,37,1,1,exact,opencv
Q01394,1,data/qr_images/Q01394.png,56,4,33,1,1,exact,opencv
Q01395,1,data/qr_images/Q01395.png,40,3,29,1,1,exact,opencv
Q01396,0,data/qr_images/Q01396.png,24,2,25,1,1,exact,opencv
Q01397,0,data/qr_images/Q01397.png,105,6,41,1,1,exact,opencv
Q01398,1,data/qr_images/Q01398.png,64,5,37,1,1,exact,opencv
Q01399,1,data/qr_images/Q01399.png,57,4,33,1,1,exact,opencv
Q01400,0,data/qr_images/Q01400.png,58,4,33,1,1,exact,opencv
Q01401,0,data/qr_images/Q01401.png,36,3,29,1,1,exact,opencv
Q01402,0,data/qr_images/Q01402.png,23,2,25,1,1,exact,opencv
Q01403,1,data/qr_images/Q01403.png,77,5,37,1,1,exact,opencv
Q01404,1,data/qr_images/Q01404.png,80,5,37,1,1,exact,opencv
Q01405,1,data/qr_images/Q01405.png,38,3,29,1,1,exact,opencv
Q01406,0,data/qr_images/Q01406.png,28,3,29,1,1,exact,opencv
Q01407,1,data/qr_images/Q01407.png,57,4,33,1,1,exact,opencv
Q01408,1,data/qr_images/Q01408.png,43,4,33,1,1,exact,opencv
Q01409,0,data/qr_images/Q01409.png,22,2,25,1,1,exact,opencv
Q01410,0,data/qr_images/Q01410.png,29,3,29,1,1,exact,opencv
Q01411,0,data/qr_images/Q01411.png,52,4,33,1,1,exact,opencv
Q01412,0,data/qr_images/Q01412.png,50,4,33,1,1,exact,opencv
Q01413,1,data/qr_images/Q01413.png,142,7,45,1,1,exact,opencv
Q01414,0,data/qr_images/Q01414.png,75,5,37,1,1,exact,opencv
Q01415,0,data/qr_images/Q01415.png,25,2,25,1,1,exact,opencv
Q01416,1,data/qr_images/Q01416.png,47,4,33,1,1,exact,opencv
Q01417,1,data/qr_images/Q01417.png,282,12,65,1,1,exact,opencv
Q01418,0,data/qr_images/Q01418.png,57,4,33,1,1,exact,opencv
Q01419,1,data/qr_images/Q01419.png,22,2,25,1,1,exact,opencv
Q01420,1,data/qr_images/Q01420.png,152,8,49,1,1,exact,opencv
Q01421,0,data/qr_images/Q01421.png,20,2,25,1,1,exact,opencv
Q01422,1,data/qr_images/Q01422.png,69,5,37,1,1,exact,opencv
Q01423,0,data/qr_images/Q01423.png,35,3,29,1,1,exact,opencv
Q01424,1,data/qr_images/Q01424.png,85,6,41,1,1,exact,opencv
Q01425,1,data/qr_images/Q01425.png,58,4,33,1,1,exact,opencv
Q01426,1,data/qr_images/Q01426.png,64,5,37,1,1,exact,opencv
Q01427,1,data/qr_images/Q01427.png,254,12,65,1,1,exact,opencv
Q01428,0,data/qr_images/Q01428.png,34,3,29,1,1,exact,opencv
Q01429,0,data/qr_images/Q01429.png,39,3,29,1,1,exact,opencv
Q01430,0,data/qr_images/Q01430.png,39,3,29,1,1,exact,opencv
Q01431,1,data/qr_images/Q01431.png,39,3,29,1,1,exact,opencv
Q01432,1,data/qr_images/Q01432.png,89,6,41,1,1,exact,opencv
Q01433,1,data/qr_images/Q01433.png,45,4,33,1,1,exact,opencv
Q01434,0,data/qr_images/Q01434.png,23,2,25,1,1,exact,opencv
Q01435,0,data/qr_images/Q01435.png,42,3,29,1,1,exact,opencv
Q01436,0,data/qr_images/Q01436.png,22,2,25,1,1,exact,opencv
Q01437,0,data/qr_images/Q01437.png,47,4,33,1,1,exact,opencv
Q01438,0,data/qr_images/Q01438.png,38,3,29,1,1,exact,opencv
Q01439,1,data/qr_images/Q01439.png,33,3,29,1,1,exact,opencv
Q01440,1,data/qr_images/Q01440.png,72,5,37,1,1,exact,opencv
Q01441,1,data/qr_images/Q01441.png,67,5,37,1,1,exact,opencv
Q01442,1,data/qr_images/Q01442.png,103,6,41,1,1,exact,opencv_aruco
Q01443,0,data/qr_images/Q01443.png,20,2,25,1,1,exact,opencv
Q01444,1,data/qr_images/Q01444.png,143,8,49,1,1,exact,opencv
Q01445,1,data/qr_images/Q01445.png,55,4,33,1,1,exact,opencv
Q01446,1,data/qr_images/Q01446.png,38,3,29,1,1,exact,opencv
Q01447,1,data/qr_images/Q01447.png,56,4,33,1,1,exact,opencv
Q01448,1,data/qr_images/Q01448.png,64,5,37,1,1,exact,opencv
Q01449,0,data/qr_images/Q01449.png,24,2,25,1,1,exact,opencv
Q01450,1,data/qr_images/Q01450.png,164,9,53,1,1,exact,opencv
Q01451,0,data/qr_images/Q01451.png,52,4,33,1,1,exact,opencv
Q01452,0,data/qr_images/Q01452.png,26,2,25,1,1,exact,opencv
Q01453,1,data/qr_images/Q01453.png,126,8,49,1,1,exact,opencv
Q01454,1,data/qr_images/Q01454.png,52,4,33,1,1,exact,opencv
Q01455,1,data/qr_images/Q01455.png,283,12,65,1,1,exact,opencv
Q01456,0,data/qr_images/Q01456.png,66,5,37,1,1,exact,opencv
Q01457,0,data/qr_images/Q01457.png,69,5,37,1,1,exact,opencv
Q01458,0,data/qr_images/Q01458.png,22,2,25,1,1,exact,opencv
Q01459,1,data/qr_images/Q01459.png,29,3,29,1,1,exact,opencv
Q01460,1,data/qr_images/Q01460.png,133,8,49,1,1,exact,opencv
Q01461,1,data/qr_images/Q01461.png,44,4,33,1,1,exact,opencv
Q01462,1,data/qr_images/Q01462.png,218,11,61,1,1,exact,opencv
Q01463,0,data/qr_images/Q01463.png,23,2,25,1,1,exact,opencv
Q01464,0,data/qr_images/Q01464.png,27,3,29,1,1,exact,opencv
Q01465,1,data/qr_images/Q01465.png,51,4,33,1,1,exact,opencv
Q01466,1,data/qr_images/Q01466.png,36,3,29,1,1,exact,opencv
Q01467,0,data/qr_images/Q01467.png,45,4,33,1,1,exact,opencv
Q01468,0,data/qr_images/Q01468.png,37,3,29,1,1,exact,opencv
Q01469,0,data/qr_images/Q01469.png,49,4,33,1,1,exact,opencv
Q01470,1,data/qr_images/Q01470.png,54,4,33,1,1,exact,opencv
Q01471,1,data/qr_images/Q01471.png,48,4,33,1,1,exact,opencv
Q01472,1,data/qr_images/Q01472.png,51,4,33,1,1,exact,opencv
Q01473,1,data/qr_images/Q01473.png,43,4,33,1,1,exact,opencv
Q01474,0,data/qr_images/Q01474.png,77,5,37,1,1,exact,opencv
Q01475,0,data/qr_images/Q01475.png,56,4,33,1,1,exact,opencv
Q01476,0,data/qr_images/Q01476.png,59,4,33,1,1,exact,opencv
Q01477,1,data/qr_images/Q01477.png,62,4,33,1,1,exact,opencv
Q01478,1,data/qr_images/Q01478.png,27,3,29,1,1,exact,opencv
Q01479,0,data/qr_images/Q01479.png,36,3,29,1,1,exact,opencv
Q01480,0,data/qr_images/Q01480.png,31,3,29,1,1,exact,opencv
Q01481,0,data/qr_images/Q01481.png,43,4,33,1,1,exact,opencv
Q01482,1,data/qr_images/Q01482.png,63,5,37,1,1,exact,opencv
Q01483,0,data/qr_images/Q01483.png,49,4,33,1,1,exact,opencv
Q01484,0,data/qr_images/Q01484.png,42,3,29,1,1,exact,opencv
Q01485,0,data/qr_images/Q01485.png,25,2,25,1,1,exact,opencv
Q01486,0,data/qr_images/Q01486.png,48,4,33,1,1,exact,opencv
Q01487,0,data/qr_images/Q01487.png,40,3,29,1,1,exact,opencv
Q01488,0,data/qr_images/Q01488.png,55,4,33,1,1,exact,opencv
Q01489,0,data/qr_images/Q01489.png,93,6,41,1,1,exact,opencv
Q01490,0,data/qr_images/Q01490.png,133,8,49,1,1,exact,opencv
Q01491,1,data/qr_images/Q01491.png,35,3,29,1,1,exact,opencv
Q01492,1,data/qr_images/Q01492.png,54,4,33,1,1,exact,opencv
Q01493,0,data/qr_images/Q01493.png,21,2,25,1,1,exact,opencv
Q01494,0,data/qr_images/Q01494.png,35,3,29,1,1,exact,opencv
Q01495,0,data/qr_images/Q01495.png,21,2,25,1,1,exact,opencv
Q01496,1,data/qr_images/Q01496.png,128,8,49,1,1,exact,opencv
Q01497,1,data/qr_images/Q01497.png,70,5,37,1,1,exact,opencv
Q01498,0,data/qr_images/Q01498.png,66,5,37,1,1,exact,opencv
Q01499,1,data/qr_images/Q01499.png,26,2,25,1,1,exact,opencv
Q01500,1,data/qr_images/Q01500.png,40,3,29,1,1,exact,opencv
Q01501,0,data/qr_images/Q01501.png,34,3,29,1,1,exact,opencv
Q01502,1,data/qr_images/Q01502.png,80,5,37,1,1,exact,opencv
Q01503,1,data/qr_images/Q01503.png,26,2,25,1,1,exact,opencv
Q01504,0,data/qr_images/Q01504.png,50,4,33,1,1,exact,opencv
Q01505,1,data/qr_images/Q01505.png,55,4,33,1,1,exact,opencv
Q01506,1,data/qr_images/Q01506.png,34,3,29,1,1,exact,opencv
Q01507,0,data/qr_images/Q01507.png,27,3,29,1,1,exact,opencv
Q01508,1,data/qr_images/Q01508.png,37,3,29,1,1,exact,opencv
Q01509,0,data/qr_images/Q01509.png,62,4,33,1,1,exact,opencv
Q01510,1,data/qr_images/Q01510.png,57,4,33,1,1,exact,opencv
Q01511,1,data/qr_images/Q01511.png,86,6,41,1,1,exact,opencv
Q01512,0,data/qr_images/Q01512.png,25,2,25,1,1,exact,opencv
Q01513,0,data/qr_images/Q01513.png,33,3,29,1,1,exact,opencv
Q01514,1,data/qr_images/Q01514.png,89,6,41,1,1,exact,opencv
Q01515,1,data/qr_images/Q01515.png,107,7,45,1,1,exact,opencv
Q01516,0,data/qr_images/Q01516.png,109,7,45,1,1,exact,opencv
Q01517,0,data/qr_images/Q01517.png,29,3,29,1,1,exact,opencv
Q01518,1,data/qr_images/Q01518.png,89,6,41,1,1,exact,opencv
Q01519,0,data/qr_images/Q01519.png,37,3,29,1,1,exact,opencv
Q01520,0,data/qr_images/Q01520.png,43,4,33,1,1,exact,opencv
Q01521,1,data/qr_images/Q01521.png,54,4,33,1,1,exact,opencv
Q01522,1,data/qr_images/Q01522.png,64,5,37,1,1,exact,opencv
Q01523,1,data/qr_images/Q01523.png,25,2,25,1,1,exact,opencv
Q01524,0,data/qr_images/Q01524.png,26,2,25,1,1,exact,opencv
Q01525,0,data/qr_images/Q01525.png,44,4,33,1,1,exact,opencv
Q01526,0,data/qr_images/Q01526.png,32,3,29,1,1,exact,opencv
Q01527,0,data/qr_images/Q01527.png,69,5,37,1,1,exact,opencv
Q01528,0,data/qr_images/Q01528.png,47,4,33,1,1,exact,opencv
Q01529,0,data/qr_images/Q01529.png,70,5,37,1,1,exact,opencv
Q01530,0,data/qr_images/Q01530.png,44,4,33,1,1,exact,opencv
Q01531,0,data/qr_images/Q01531.png,27,3,29,1,1,exact,opencv
Q01532,0,data/qr_images/Q01532.png,52,4,33,1,1,exact,opencv
Q01533,0,data/qr_images/Q01533.png,43,4,33,1,1,exact,opencv
Q01534,1,data/qr_images/Q01534.png,26,2,25,1,1,exact,opencv
Q01535,0,data/qr_images/Q01535.png,45,4,33,1,1,exact,opencv
Q01536,1,data/qr_images/Q01536.png,60,4,33,1,1,exact,opencv
Q01537,0,data/qr_images/Q01537.png,46,4,33,1,1,exact,opencv
Q01538,0,data/qr_images/Q01538.png,71,5,37,1,1,exact,opencv
Q01539,0,data/qr_images/Q01539.png,35,3,29,1,1,exact,opencv
Q01540,0,data/qr_images/Q01540.png,49,4,33,1,1,exact,opencv
Q01541,1,data/qr_images/Q01541.png,24,2,25,1,1,exact,opencv
Q01542,1,data/qr_images/Q01542.png,67,5,37,1,1,exact,opencv
Q01543,1,data/qr_images/Q01543.png,66,5,37,1,1,exact,opencv
Q01544,0,data/qr_images/Q01544.png,23,2,25,1,1,exact,opencv
Q01545,1,data/qr_images/Q01545.png,27,3,29,1,1,exact,opencv
Q01546,1,data/qr_images/Q01546.png,81,5,37,1,1,exact,opencv
Q01547,0,data/qr_images/Q01547.png,29,3,29,1,1,exact,opencv
Q01548,1,data/qr_images/Q01548.png,127,8,49,1,1,exact,opencv
Q01549,0,data/qr_images/Q01549.png,29,3,29,1,1,exact,opencv
Q01550,0,data/qr_images/Q01550.png,31,3,29,1,1,exact,opencv
Q01551,0,data/qr_images/Q01551.png,70,5,37,1,1,exact,opencv
Q01552,0,data/qr_images/Q01552.png,109,7,45,1,1,exact,opencv
Q01553,1,data/qr_images/Q01553.png,73,5,37,1,1,exact,opencv
Q01554,0,data/qr_images/Q01554.png,36,3,29,1,1,exact,opencv
Q01555,0,data/qr_images/Q01555.png,29,3,29,1,1,exact,opencv
Q01556,1,data/qr_images/Q01556.png,54,4,33,1,1,exact,opencv
Q01557,0,data/qr_images/Q01557.png,26,2,25,1,1,exact,opencv
Q01558,1,data/qr_images/Q01558.png,106,6,41,1,1,exact,opencv
Q01559,0,data/qr_images/Q01559.png,105,6,41,1,1,exact,opencv
Q01560,0,data/qr_images/Q01560.png,111,7,45,1,1,exact,opencv
Q01561,1,data/qr_images/Q01561.png,299,13,69,1,1,exact,opencv
Q01562,1,data/qr_images/Q01562.png,33,3,29,1,1,exact,opencv
Q01563,1,data/qr_images/Q01563.png,165,9,53,1,1,exact,opencv
Q01564,0,data/qr_images/Q01564.png,42,3,29,1,1,exact,opencv
Q01565,0,data/qr_images/Q01565.png,149,7,45,1,1,exact,opencv
Q01566,1,data/qr_images/Q01566.png,123,8,49,1,1,exact,opencv
Q01567,0,data/qr_images/Q01567.png,54,4,33,1,1,exact,opencv
Q01568,1,data/qr_images/Q01568.png,57,4,33,1,1,exact,opencv
Q01569,0,data/qr_images/Q01569.png,74,5,37,1,1,exact,opencv
Q01570,1,data/qr_images/Q01570.png,45,4,33,1,1,exact,opencv
Q01571,1,data/qr_images/Q01571.png,263,12,65,1,1,exact,opencv
Q01572,0,data/qr_images/Q01572.png,53,4,33,1,1,exact,opencv
Q01573,0,data/qr_images/Q01573.png,22,2,25,1,1,exact,opencv
Q01574,0,data/qr_images/Q01574.png,21,2,25,1,1,exact,opencv
Q01575,0,data/qr_images/Q01575.png,26,2,25,1,1,exact,opencv
Q01576,1,data/qr_images/Q01576.png,52,4,33,1,1,exact,opencv
Q01577,1,data/qr_images/Q01577.png,50,4,33,1,1,exact,opencv
Q01578,1,data/qr_images/Q01578.png,107,7,45,1,1,exact,opencv
Q01579,1,data/qr_images/Q01579.png,36,3,29,1,1,exact,opencv
Q01580,0,data/qr_images/Q01580.png,26,2,25,1,1,exact,opencv
Q01581,1,data/qr_images/Q01581.png,31,3,29,1,1,exact,opencv
Q01582,1,data/qr_images/Q01582.png,41,3,29,1,1,exact,opencv
Q01583,0,data/qr_images/Q01583.png,61,4,33,1,1,exact,opencv
Q01584,0,data/qr_images/Q01584.png,25,2,25,1,1,exact,opencv
Q01585,1,data/qr_images/Q01585.png,34,3,29,1,1,exact,opencv
Q01586,1,data/qr_images/Q01586.png,30,3,29,1,1,exact,opencv
Q01587,0,data/qr_images/Q01587.png,56,4,33,1,1,exact,opencv
Q01588,1,data/qr_images/Q01588.png,19,2,25,1,1,exact,opencv
Q01589,1,data/qr_images/Q01589.png,48,4,33,1,1,exact,opencv
Q01590,1,data/qr_images/Q01590.png,114,7,45,1,1,exact,opencv
Q01591,0,data/qr_images/Q01591.png,32,3,29,1,1,exact,opencv
Q01592,1,data/qr_images/Q01592.png,117,7,45,1,1,exact,opencv
Q01593,0,data/qr_images/Q01593.png,52,4,33,1,1,exact,opencv
Q01594,1,data/qr_images/Q01594.png,44,4,33,1,1,exact,opencv
Q01595,1,data/qr_images/Q01595.png,40,3,29,1,1,exact,opencv
Q01596,1,data/qr_images/Q01596.png,95,6,41,1,1,exact,opencv
Q01597,1,data/qr_images/Q01597.png,303,13,69,1,1,exact,opencv
Q01598,0,data/qr_images/Q01598.png,29,3,29,1,1,exact,opencv
Q01599,1,data/qr_images/Q01599.png,28,3,29,1,1,exact,opencv
Q01600,0,data/qr_images/Q01600.png,47,4,33,1,1,exact,opencv
Q01601,0,data/qr_images/Q01601.png,30,3,29,1,1,exact,opencv
Q01602,1,data/qr_images/Q01602.png,50,4,33,1,1,exact,opencv
Q01603,0,data/qr_images/Q01603.png,31,3,29,1,1,exact,opencv
Q01604,0,data/qr_images/Q01604.png,79,5,37,1,1,exact,opencv
Q01605,1,data/qr_images/Q01605.png,46,4,33,1,1,exact,opencv
Q01606,0,data/qr_images/Q01606.png,49,4,33,1,1,exact,opencv
Q01607,1,data/qr_images/Q01607.png,109,7,45,1,1,exact,opencv
Q01608,1,data/qr_images/Q01608.png,125,8,49,1,1,exact,opencv
Q01609,0,data/qr_images/Q01609.png,83,5,37,1,1,exact,opencv
Q01610,0,data/qr_images/Q01610.png,45,4,33,1,1,exact,opencv
Q01611,0,data/qr_images/Q01611.png,86,6,41,1,1,exact,opencv
Q01612,1,data/qr_images/Q01612.png,65,5,37,1,1,exact,opencv
Q01613,1,data/qr_images/Q01613.png,107,7,45,1,1,exact,opencv
Q01614,0,data/qr_images/Q01614.png,23,2,25,1,1,exact,opencv
Q01615,1,data/qr_images/Q01615.png,28,3,29,1,1,exact,opencv
Q01616,1,data/qr_images/Q01616.png,68,5,37,1,1,exact,opencv
Q01617,0,data/qr_images/Q01617.png,25,2,25,1,1,exact,opencv
Q01618,1,data/qr_images/Q01618.png,36,3,29,1,1,exact,opencv
Q01619,0,data/qr_images/Q01619.png,45,4,33,1,1,exact,opencv
Q01620,1,data/qr_images/Q01620.png,117,7,45,1,1,exact,opencv
Q01621,1,data/qr_images/Q01621.png,61,4,33,1,1,exact,opencv
Q01622,1,data/qr_images/Q01622.png,36,3,29,1,1,exact,opencv
Q01623,1,data/qr_images/Q01623.png,258,12,65,1,1,exact,opencv_aruco
Q01624,1,data/qr_images/Q01624.png,237,11,61,1,1,exact,opencv
Q01625,1,data/qr_images/Q01625.png,123,8,49,1,1,exact,opencv
Q01626,1,data/qr_images/Q01626.png,29,3,29,1,1,exact,opencv
Q01627,1,data/qr_images/Q01627.png,35,3,29,1,1,exact,opencv
Q01628,0,data/qr_images/Q01628.png,32,3,29,1,1,exact,opencv
Q01629,1,data/qr_images/Q01629.png,50,4,33,1,1,exact,opencv
Q01630,0,data/qr_images/Q01630.png,48,4,33,1,1,exact,opencv
Q01631,0,data/qr_images/Q01631.png,115,7,45,1,1,exact,opencv
Q01632,1,data/qr_images/Q01632.png,38,3,29,1,1,exact,opencv
Q01633,0,data/qr_images/Q01633.png,59,4,33,1,1,exact,opencv
Q01634,1,data/qr_images/Q01634.png,73,5,37,1,1,exact,opencv
Q01635,0,data/qr_images/Q01635.png,547,18,89,1,1,exact,opencv
Q01636,0,data/qr_images/Q01636.png,20,2,25,1,1,exact,opencv
Q01637,0,data/qr_images/Q01637.png,27,3,29,1,1,exact,opencv
Q01638,1,data/qr_images/Q01638.png,52,4,33,1,1,exact,opencv
Q01639,1,data/qr_images/Q01639.png,33,3,29,1,1,exact,opencv
Q01640,0,data/qr_images/Q01640.png,58,4,33,1,1,exact,opencv
Q01641,1,data/qr_images/Q01641.png,30,3,29,1,1,exact,opencv
Q01642,1,data/qr_images/Q01642.png,35,3,29,1,1,exact,opencv
Q01643,1,data/qr_images/Q01643.png,25,2,25,1,1,exact,opencv
Q01644,0,data/qr_images/Q01644.png,56,4,33,1,1,exact,opencv
Q01645,1,data/qr_images/Q01645.png,63,5,37,1,1,exact,opencv
Q01646,1,data/qr_images/Q01646.png,61,4,33,1,1,exact,opencv
Q01647,0,data/qr_images/Q01647.png,102,6,41,1,1,exact,opencv
Q01648,1,data/qr_images/Q01648.png,39,3,29,1,1,exact,opencv
Q01649,1,data/qr_images/Q01649.png,27,3,29,1,1,exact,opencv
Q01650,0,data/qr_images/Q01650.png,35,3,29,1,1,exact,opencv
Q01651,0,data/qr_images/Q01651.png,26,2,25,1,1,exact,opencv
Q01652,0,data/qr_images/Q01652.png,22,2,25,1,1,exact,opencv
Q01653,1,data/qr_images/Q01653.png,51,4,33,1,1,exact,opencv
Q01654,0,data/qr_images/Q01654.png,37,3,29,1,1,exact,opencv
Q01655,1,data/qr_images/Q01655.png,71,5,37,1,1,exact,opencv
Q01656,1,data/qr_images/Q01656.png,40,3,29,1,1,exact,opencv
Q01657,1,data/qr_images/Q01657.png,342,14,73,1,1,exact,opencv
Q01658,0,data/qr_images/Q01658.png,29,3,29,1,1,exact,opencv
Q01659,1,data/qr_images/Q01659.png,78,5,37,1,1,exact,opencv
Q01660,1,data/qr_images/Q01660.png,72,5,37,1,1,exact,opencv
Q01661,1,data/qr_images/Q01661.png,106,6,41,1,1,exact,opencv
Q01662,0,data/qr_images/Q01662.png,56,4,33,1,1,exact,opencv
Q01663,0,data/qr_images/Q01663.png,42,3,29,1,1,exact,opencv
Q01664,1,data/qr_images/Q01664.png,37,3,29,1,1,exact,opencv
Q01665,0,data/qr_images/Q01665.png,38,3,29,1,1,exact,opencv
Q01666,1,data/qr_images/Q01666.png,37,3,29,1,1,exact,opencv
Q01667,0,data/qr_images/Q01667.png,34,3,29,1,1,exact,opencv
Q01668,1,data/qr_images/Q01668.png,69,5,37,1,1,exact,opencv
Q01669,1,data/qr_images/Q01669.png,41,3,29,1,1,exact,opencv
Q01670,0,data/qr_images/Q01670.png,65,5,37,1,1,exact,opencv
Q01671,0,data/qr_images/Q01671.png,53,4,33,1,1,exact,opencv
Q01672,1,data/qr_images/Q01672.png,29,3,29,1,1,exact,opencv
Q01673,0,data/qr_images/Q01673.png,74,5,37,1,1,exact,opencv
Q01674,1,data/qr_images/Q01674.png,43,4,33,1,1,exact,opencv
Q01675,1,data/qr_images/Q01675.png,56,4,33,1,1,exact,opencv
Q01676,1,data/qr_images/Q01676.png,39,3,29,1,1,exact,opencv
Q01677,0,data/qr_images/Q01677.png,15,2,25,1,1,exact,opencv
Q01678,0,data/qr_images/Q01678.png,41,3,29,1,1,exact,opencv
Q01679,0,data/qr_images/Q01679.png,22,2,25,1,1,exact,opencv
Q01680,1,data/qr_images/Q01680.png,44,4,33,1,1,exact,opencv_aruco
Q01681,1,data/qr_images/Q01681.png,33,3,29,1,1,exact,opencv
Q01682,0,data/qr_images/Q01682.png,45,4,33,1,1,exact,opencv
Q01683,1,data/qr_images/Q01683.png,59,4,33,1,1,exact,opencv
Q01684,0,data/qr_images/Q01684.png,69,5,37,1,1,exact,opencv
Q01685,0,data/qr_images/Q01685.png,42,3,29,1,1,exact,opencv
Q01686,1,data/qr_images/Q01686.png,43,4,33,1,1,exact,opencv
Q01687,1,data/qr_images/Q01687.png,26,2,25,1,1,exact,opencv
Q01688,0,data/qr_images/Q01688.png,23,2,25,1,1,exact,opencv
Q01689,1,data/qr_images/Q01689.png,55,4,33,1,1,exact,opencv
Q01690,1,data/qr_images/Q01690.png,54,4,33,1,1,exact,opencv
Q01691,0,data/qr_images/Q01691.png,51,4,33,1,1,exact,opencv
Q01692,0,data/qr_images/Q01692.png,52,4,33,1,1,exact,opencv
Q01693,1,data/qr_images/Q01693.png,33,3,29,1,1,exact,opencv
Q01694,0,data/qr_images/Q01694.png,54,4,33,1,1,exact,opencv
Q01695,1,data/qr_images/Q01695.png,68,5,37,1,1,exact,opencv
Q01696,0,data/qr_images/Q01696.png,30,3,29,1,1,exact,opencv
Q01697,1,data/qr_images/Q01697.png,119,7,45,1,1,exact,opencv
Q01698,0,data/qr_images/Q01698.png,49,4,33,1,1,exact,opencv
Q01699,1,data/qr_images/Q01699.png,117,7,45,1,1,exact,opencv
Q01700,1,data/qr_images/Q01700.png,251,11,61,1,1,exact,opencv
Q01701,0,data/qr_images/Q01701.png,54,4,33,1,1,exact,opencv
Q01702,0,data/qr_images/Q01702.png,80,5,37,1,1,exact,opencv
Q01703,0,data/qr_images/Q01703.png,27,3,29,1,1,exact,opencv
Q01704,1,data/qr_images/Q01704.png,28,3,29,1,1,exact,opencv
Q01705,0,data/qr_images/Q01705.png,22,2,25,1,1,exact,opencv
Q01706,0,data/qr_images/Q01706.png,26,2,25,1,1,exact,opencv
Q01707,1,data/qr_images/Q01707.png,29,3,29,1,1,exact,opencv
Q01708,0,data/qr_images/Q01708.png,36,3,29,1,1,exact,opencv
Q01709,0,data/qr_images/Q01709.png,41,3,29,1,1,exact,opencv
Q01710,0,data/qr_images/Q01710.png,65,5,37,1,1,exact,opencv
Q01711,1,data/qr_images/Q01711.png,47,4,33,1,1,exact,opencv
Q01712,0,data/qr_images/Q01712.png,64,5,37,1,1,exact,opencv
Q01713,0,data/qr_images/Q01713.png,23,2,25,1,1,exact,opencv
Q01714,1,data/qr_images/Q01714.png,48,4,33,1,1,exact,opencv
Q01715,0,data/qr_images/Q01715.png,44,4,33,1,1,exact,opencv
Q01716,1,data/qr_images/Q01716.png,43,4,33,1,1,exact,opencv
Q01717,0,data/qr_images/Q01717.png,100,6,41,1,1,exact,opencv
Q01718,0,data/qr_images/Q01718.png,73,5,37,1,1,exact,opencv
Q01719,1,data/qr_images/Q01719.png,143,8,49,1,1,exact,opencv
Q01720,1,data/qr_images/Q01720.png,210,10,57,1,1,exact,opencv
Q01721,1,data/qr_images/Q01721.png,48,4,33,1,1,exact,opencv
Q01722,1,data/qr_images/Q01722.png,260,12,65,1,1,exact,opencv
Q01723,1,data/qr_images/Q01723.png,104,6,41,1,1,exact,opencv
Q01724,1,data/qr_images/Q01724.png,51,4,33,1,1,exact,opencv
Q01725,1,data/qr_images/Q01725.png,40,3,29,1,1,exact,opencv
Q01726,1,data/qr_images/Q01726.png,42,3,29,1,1,exact,opencv
Q01727,0,data/qr_images/Q01727.png,73,5,37,1,1,exact,opencv
Q01728,1,data/qr_images/Q01728.png,56,4,33,1,1,exact,opencv
Q01729,0,data/qr_images/Q01729.png,98,6,41,1,1,exact,opencv_aruco
Q01730,1,data/qr_images/Q01730.png,70,5,37,1,1,exact,opencv
Q01731,0,data/qr_images/Q01731.png,27,3,29,1,1,exact,opencv
Q01732,0,data/qr_images/Q01732.png,53,4,33,1,1,exact,opencv
Q01733,0,data/qr_images/Q01733.png,80,5,37,1,1,exact,opencv
Q01734,0,data/qr_images/Q01734.png,19,2,25,1,1,exact,opencv
Q01735,0,data/qr_images/Q01735.png,25,2,25,1,1,exact,opencv
Q01736,1,data/qr_images/Q01736.png,27,3,29,1,1,exact,opencv
Q01737,0,data/qr_images/Q01737.png,24,2,25,1,1,exact,opencv
Q01738,1,data/qr_images/Q01738.png,27,3,29,1,1,exact,opencv
Q01739,1,data/qr_images/Q01739.png,71,5,37,1,1,exact,opencv
Q01740,1,data/qr_images/Q01740.png,51,4,33,1,1,exact,opencv
Q01741,1,data/qr_images/Q01741.png,85,6,41,1,1,exact,opencv
Q01742,1,data/qr_images/Q01742.png,68,5,37,1,1,exact,opencv
Q01743,1,data/qr_images/Q01743.png,29,3,29,1,1,exact,opencv
Q01744,1,data/qr_images/Q01744.png,52,4,33,1,1,exact,opencv
Q01745,1,data/qr_images/Q01745.png,97,6,41,1,1,exact,opencv
Q01746,0,data/qr_images/Q01746.png,72,5,37,1,1,exact,opencv
Q01747,1,data/qr_images/Q01747.png,45,4,33,1,1,exact,opencv
Q01748,1,data/qr_images/Q01748.png,40,3,29,1,1,exact,opencv
Q01749,1,data/qr_images/Q01749.png,25,2,25,1,1,exact,opencv
Q01750,1,data/qr_images/Q01750.png,59,4,33,1,1,exact,opencv
Q01751,1,data/qr_images/Q01751.png,87,6,41,1,1,exact,opencv
Q01752,1,data/qr_images/Q01752.png,85,6,41,1,1,exact,opencv
Q01753,1,data/qr_images/Q01753.png,62,4,33,1,1,exact,opencv
Q01754,1,data/qr_images/Q01754.png,132,8,49,1,1,exact,opencv
Q01755,0,data/qr_images/Q01755.png,44,4,33,1,1,exact,opencv
Q01756,1,data/qr_images/Q01756.png,105,6,41,1,1,exact,opencv
Q01757,1,data/qr_images/Q01757.png,84,5,37,1,1,exact,opencv
Q01758,1,data/qr_images/Q01758.png,120,7,45,1,1,exact,opencv
Q01759,1,data/qr_images/Q01759.png,76,5,37,1,1,exact,opencv
Q01760,0,data/qr_images/Q01760.png,27,3,29,1,1,exact,opencv
Q01761,0,data/qr_images/Q01761.png,25,2,25,1,1,exact,opencv
Q01762,1,data/qr_images/Q01762.png,128,8,49,1,1,exact,opencv
Q01763,1,data/qr_images/Q01763.png,28,3,29,1,1,exact,opencv
Q01764,0,data/qr_images/Q01764.png,51,4,33,1,1,exact,opencv
Q01765,1,data/qr_images/Q01765.png,70,5,37,1,1,exact,opencv_aruco
Q01766,1,data/qr_images/Q01766.png,163,9,53,1,1,exact,opencv
Q01767,0,data/qr_images/Q01767.png,64,5,37,1,1,exact,opencv
Q01768,0,data/qr_images/Q01768.png,26,2,25,1,1,exact,opencv
Q01769,0,data/qr_images/Q01769.png,67,5,37,1,1,exact,opencv
Q01770,1,data/qr_images/Q01770.png,166,9,53,1,1,exact,opencv_aruco
Q01771,1,data/qr_images/Q01771.png,48,4,33,1,1,exact,opencv
Q01772,1,data/qr_images/Q01772.png,26,2,25,1,1,exact,opencv
Q01773,1,data/qr_images/Q01773.png,56,4,33,1,1,exact,opencv
Q01774,1,data/qr_images/Q01774.png,40,3,29,1,1,exact,opencv
Q01775,1,data/qr_images/Q01775.png,27,3,29,1,1,exact,opencv
Q01776,1,data/qr_images/Q01776.png,107,7,45,1,1,exact,opencv
Q01777,1,data/qr_images/Q01777.png,43,4,33,1,1,exact,opencv
Q01778,1,data/qr_images/Q01778.png,72,5,37,1,1,exact,opencv
Q01779,1,data/qr_images/Q01779.png,65,5,37,1,1,exact,opencv
Q01780,1,data/qr_images/Q01780.png,51,4,33,1,1,exact,opencv
Q01781,1,data/qr_images/Q01781.png,29,3,29,1,1,exact,opencv
Q01782,1,data/qr_images/Q01782.png,102,6,41,1,1,exact,opencv
Q01783,1,data/qr_images/Q01783.png,28,3,29,1,1,exact,opencv
Q01784,1,data/qr_images/Q01784.png,28,3,29,1,1,exact,opencv
Q01785,0,data/qr_images/Q01785.png,57,4,33,1,1,exact,opencv_aruco
Q01786,0,data/qr_images/Q01786.png,18,2,25,1,1,exact,opencv
Q01787,1,data/qr_images/Q01787.png,53,4,33,1,1,exact,opencv
Q01788,1,data/qr_images/Q01788.png,30,3,29,1,1,exact,opencv
Q01789,0,data/qr_images/Q01789.png,27,3,29,1,1,exact,opencv
Q01790,0,data/qr_images/Q01790.png,64,5,37,1,1,exact,opencv
Q01791,0,data/qr_images/Q01791.png,60,4,33,1,1,exact,opencv
Q01792,1,data/qr_images/Q01792.png,44,4,33,1,1,exact,opencv
Q01793,1,data/qr_images/Q01793.png,53,4,33,1,1,exact,opencv
Q01794,1,data/qr_images/Q01794.png,70,5,37,1,1,exact,opencv
Q01795,1,data/qr_images/Q01795.png,40,3,29,1,1,exact,opencv
Q01796,0,data/qr_images/Q01796.png,98,6,41,1,1,exact,opencv
Q01797,1,data/qr_images/Q01797.png,29,3,29,1,1,exact,opencv
Q01798,0,data/qr_images/Q01798.png,16,2,25,1,1,exact,opencv
Q01799,1,data/qr_images/Q01799.png,45,4,33,1,1,exact,opencv
Q01800,1,data/qr_images/Q01800.png,38,3,29,1,1,exact,opencv
Q01801,0,data/qr_images/Q01801.png,29,3,29,1,1,exact,opencv
Q01802,1,data/qr_images/Q01802.png,51,4,33,1,1,exact,opencv
Q01803,1,data/qr_images/Q01803.png,62,4,33,1,1,exact,opencv
Q01804,0,data/qr_images/Q01804.png,34,3,29,1,1,exact,opencv
Q01805,1,data/qr_images/Q01805.png,45,4,33,1,1,exact,opencv
Q01806,0,data/qr_images/Q01806.png,30,3,29,1,1,exact,opencv
Q01807,1,data/qr_images/Q01807.png,51,4,33,1,1,exact,opencv
Q01808,0,data/qr_images/Q01808.png,60,4,33,1,1,exact,opencv
Q01809,1,data/qr_images/Q01809.png,31,3,29,1,1,exact,opencv
Q01810,0,data/qr_images/Q01810.png,27,3,29,1,1,exact,opencv
Q01811,0,data/qr_images/Q01811.png,24,2,25,1,1,exact,opencv
Q01812,1,data/qr_images/Q01812.png,23,2,25,1,1,exact,opencv
Q01813,1,data/qr_images/Q01813.png,59,4,33,1,1,exact,opencv
Q01814,1,data/qr_images/Q01814.png,32,3,29,1,1,exact,opencv
Q01815,0,data/qr_images/Q01815.png,41,3,29,1,1,exact,opencv
Q01816,1,data/qr_images/Q01816.png,248,11,61,1,1,exact,opencv
Q01817,1,data/qr_images/Q01817.png,51,4,33,1,1,exact,opencv
Q01818,0,data/qr_images/Q01818.png,84,5,37,1,1,exact,opencv
Q01819,0,data/qr_images/Q01819.png,114,7,45,1,1,exact,opencv
Q01820,0,data/qr_images/Q01820.png,18,2,25,1,1,exact,opencv
Q01821,0,data/qr_images/Q01821.png,34,3,29,1,1,exact,opencv
Q01822,0,data/qr_images/Q01822.png,22,2,25,1,1,exact,opencv
Q01823,0,data/qr_images/Q01823.png,27,3,29,1,1,exact,opencv
Q01824,1,data/qr_images/Q01824.png,106,6,41,1,1,exact,opencv
Q01825,1,data/qr_images/Q01825.png,61,4,33,1,1,exact,opencv
Q01826,1,data/qr_images/Q01826.png,86,6,41,1,1,exact,opencv
Q01827,1,data/qr_images/Q01827.png,119,7,45,1,1,exact,opencv
Q01828,0,data/qr_images/Q01828.png,32,3,29,1,1,exact,opencv
Q01829,1,data/qr_images/Q01829.png,56,4,33,1,1,exact,opencv_aruco
Q01830,0,data/qr_images/Q01830.png,62,4,33,1,1,exact,opencv
Q01831,1,data/qr_images/Q01831.png,67,5,37,1,1,exact,opencv
Q01832,0,data/qr_images/Q01832.png,155,9,53,1,1,exact,opencv
Q01833,1,data/qr_images/Q01833.png,126,8,49,1,1,exact,opencv
Q01834,0,data/qr_images/Q01834.png,24,2,25,1,1,exact,opencv
Q01835,0,data/qr_images/Q01835.png,63,5,37,1,1,exact,opencv_aruco
Q01836,0,data/qr_images/Q01836.png,65,5,37,1,1,exact,opencv
Q01837,0,data/qr_images/Q01837.png,28,3,29,1,1,exact,opencv
Q01838,1,data/qr_images/Q01838.png,59,4,33,1,1,exact,opencv
Q01839,1,data/qr_images/Q01839.png,68,5,37,1,1,exact,opencv
Q01840,0,data/qr_images/Q01840.png,44,4,33,1,1,exact,opencv
Q01841,0,data/qr_images/Q01841.png,24,2,25,1,1,exact,opencv
Q01842,1,data/qr_images/Q01842.png,45,4,33,1,1,exact,opencv
Q01843,1,data/qr_images/Q01843.png,18,2,25,1,1,exact,opencv
Q01844,0,data/qr_images/Q01844.png,39,3,29,1,1,exact,opencv
Q01845,0,data/qr_images/Q01845.png,29,3,29,1,1,exact,opencv
Q01846,0,data/qr_images/Q01846.png,39,3,29,1,1,exact,opencv
Q01847,0,data/qr_images/Q01847.png,64,5,37,1,1,exact,opencv
Q01848,1,data/qr_images/Q01848.png,36,3,29,1,1,exact,opencv
Q01849,0,data/qr_images/Q01849.png,31,3,29,1,1,exact,opencv
Q01850,1,data/qr_images/Q01850.png,24,2,25,1,1,exact,opencv
Q01851,0,data/qr_images/Q01851.png,43,4,33,1,1,exact,opencv
Q01852,1,data/qr_images/Q01852.png,94,6,41,1,1,exact,opencv
Q01853,1,data/qr_images/Q01853.png,46,4,33,1,1,exact,opencv
Q01854,0,data/qr_images/Q01854.png,67,5,37,1,1,exact,opencv
Q01855,0,data/qr_images/Q01855.png,25,2,25,1,1,exact,opencv
Q01856,0,data/qr_images/Q01856.png,50,4,33,1,1,exact,opencv_aruco
Q01857,1,data/qr_images/Q01857.png,41,3,29,1,1,exact,opencv
Q01858,0,data/qr_images/Q01858.png,46,4,33,1,1,exact,opencv
Q01859,0,data/qr_images/Q01859.png,23,2,25,1,1,exact,opencv
Q01860,1,data/qr_images/Q01860.png,60,4,33,1,1,exact,opencv
Q01861,1,data/qr_images/Q01861.png,70,5,37,1,1,exact,opencv
Q01862,1,data/qr_images/Q01862.png,44,4,33,1,1,exact,opencv
Q01863,1,data/qr_images/Q01863.png,54,4,33,1,1,exact,opencv
Q01864,0,data/qr_images/Q01864.png,28,3,29,1,1,exact,opencv
Q01865,1,data/qr_images/Q01865.png,41,3,29,1,1,exact,opencv
Q01866,1,data/qr_images/Q01866.png,78,5,37,1,1,exact,opencv
Q01867,0,data/qr_images/Q01867.png,43,4,33,1,1,exact,opencv
Q01868,1,data/qr_images/Q01868.png,128,8,49,1,1,exact,opencv
Q01869,0,data/qr_images/Q01869.png,23,2,25,1,1,exact,opencv
Q01870,1,data/qr_images/Q01870.png,68,5,37,1,1,exact,opencv
Q01871,0,data/qr_images/Q01871.png,26,2,25,1,1,exact,opencv
Q01872,1,data/qr_images/Q01872.png,36,3,29,1,1,exact,opencv
Q01873,1,data/qr_images/Q01873.png,118,7,45,1,1,exact,opencv
Q01874,0,data/qr_images/Q01874.png,43,4,33,1,1,exact,opencv
Q01875,0,data/qr_images/Q01875.png,31,3,29,1,1,exact,opencv
Q01876,0,data/qr_images/Q01876.png,60,4,33,1,1,exact,opencv
Q01877,0,data/qr_images/Q01877.png,32,3,29,1,1,exact,opencv
Q01878,0,data/qr_images/Q01878.png,111,7,45,1,1,exact,opencv
Q01879,0,data/qr_images/Q01879.png,48,4,33,1,1,exact,opencv
Q01880,1,data/qr_images/Q01880.png,77,5,37,1,1,exact,opencv
Q01881,0,data/qr_images/Q01881.png,28,3,29,1,1,exact,opencv
Q01882,0,data/qr_images/Q01882.png,53,4,33,1,1,exact,opencv
Q01883,1,data/qr_images/Q01883.png,84,5,37,1,1,exact,opencv
Q01884,0,data/qr_images/Q01884.png,28,3,29,1,1,exact,opencv
Q01885,1,data/qr_images/Q01885.png,70,5,37,1,1,exact,opencv
Q01886,0,data/qr_images/Q01886.png,30,3,29,1,1,exact,opencv
Q01887,1,data/qr_images/Q01887.png,126,8,49,1,1,exact,opencv
Q01888,1,data/qr_images/Q01888.png,31,3,29,1,1,exact,opencv
Q01889,1,data/qr_images/Q01889.png,78,5,37,1,1,exact,opencv
Q01890,1,data/qr_images/Q01890.png,27,3,29,1,1,exact,opencv
Q01891,1,data/qr_images/Q01891.png,124,8,49,1,1,exact,opencv
Q01892,0,data/qr_images/Q01892.png,27,3,29,1,1,exact,opencv
Q01893,1,data/qr_images/Q01893.png,32,3,29,1,1,exact,opencv
Q01894,0,data/qr_images/Q01894.png,30,3,29,1,1,exact,opencv
Q01895,1,data/qr_images/Q01895.png,29,3,29,1,1,exact,opencv
Q01896,0,data/qr_images/Q01896.png,29,3,29,1,1,exact,opencv
Q01897,0,data/qr_images/Q01897.png,19,2,25,1,1,exact,opencv
Q01898,0,data/qr_images/Q01898.png,64,5,37,1,1,exact,opencv
Q01899,0,data/qr_images/Q01899.png,43,4,33,1,1,exact,opencv
Q01900,1,data/qr_images/Q01900.png,50,4,33,1,1,exact,opencv
Q01901,0,data/qr_images/Q01901.png,53,4,33,1,1,exact,opencv
Q01902,0,data/qr_images/Q01902.png,66,5,37,1,1,exact,opencv
Q01903,0,data/qr_images/Q01903.png,53,4,33,1,1,exact,opencv
Q01904,1,data/qr_images/Q01904.png,26,2,25,1,1,exact,opencv
Q01905,1,data/qr_images/Q01905.png,361,14,73,1,1,exact,opencv
Q01906,1,data/qr_images/Q01906.png,44,4,33,1,1,exact,opencv
Q01907,1,data/qr_images/Q01907.png,73,5,37,1,1,exact,opencv
Q01908,0,data/qr_images/Q01908.png,53,4,33,1,1,exact,opencv
Q01909,1,data/qr_images/Q01909.png,30,3,29,1,1,exact,opencv
Q01910,1,data/qr_images/Q01910.png,36,3,29,1,1,exact,opencv
Q01911,1,data/qr_images/Q01911.png,96,6,41,1,1,exact,opencv
Q01912,1,data/qr_images/Q01912.png,38,3,29,1,1,exact,opencv
Q01913,1,data/qr_images/Q01913.png,98,6,41,1,1,exact,opencv_aruco
Q01914,1,data/qr_images/Q01914.png,29,3,29,1,1,exact,opencv
Q01915,1,data/qr_images/Q01915.png,127,8,49,1,1,exact,opencv
Q01916,0,data/qr_images/Q01916.png,27,3,29,1,1,exact,opencv
Q01917,0,data/qr_images/Q01917.png,83,5,37,1,1,exact,opencv
Q01918,0,data/qr_images/Q01918.png,25,2,25,1,1,exact,opencv
Q01919,0,data/qr_images/Q01919.png,40,3,29,1,1,exact,opencv_aruco
Q01920,1,data/qr_images/Q01920.png,56,4,33,1,1,exact,opencv
Q01921,1,data/qr_images/Q01921.png,47,4,33,1,1,exact,opencv
Q01922,1,data/qr_images/Q01922.png,57,4,33,1,1,exact,opencv
Q01923,1,data/qr_images/Q01923.png,76,5,37,1,1,exact,opencv
Q01924,0,data/qr_images/Q01924.png,70,5,37,1,1,exact,opencv
Q01925,1,data/qr_images/Q01925.png,56,4,33,1,1,exact,opencv
Q01926,0,data/qr_images/Q01926.png,18,2,25,1,1,exact,opencv
Q01927,0,data/qr_images/Q01927.png,59,4,33,1,1,exact,opencv
Q01928,1,data/qr_images/Q01928.png,84,5,37,1,1,exact,opencv
Q01929,0,data/qr_images/Q01929.png,44,4,33,1,1,exact,opencv
Q01930,0,data/qr_images/Q01930.png,45,4,33,1,1,exact,opencv
Q01931,0,data/qr_images/Q01931.png,27,3,29,1,1,exact,opencv
Q01932,0,data/qr_images/Q01932.png,57,4,33,1,1,exact,opencv
Q01933,0,data/qr_images/Q01933.png,20,2,25,1,1,exact,opencv
Q01934,0,data/qr_images/Q01934.png,37,3,29,1,1,exact,opencv
Q01935,1,data/qr_images/Q01935.png,235,11,61,1,1,exact,opencv
Q01936,0,data/qr_images/Q01936.png,45,4,33,1,1,exact,opencv
Q01937,0,data/qr_images/Q01937.png,92,6,41,1,1,exact,opencv
Q01938,0,data/qr_images/Q01938.png,67,5,37,1,1,exact,opencv
Q01939,0,data/qr_images/Q01939.png,29,3,29,1,1,exact,opencv
Q01940,1,data/qr_images/Q01940.png,54,4,33,1,1,exact,opencv_aruco
Q01941,1,data/qr_images/Q01941.png,46,4,33,1,1,exact,opencv
Q01942,1,data/qr_images/Q01942.png,131,8,49,1,1,exact,opencv
Q01943,1,data/qr_images/Q01943.png,42,3,29,1,1,exact,opencv
Q01944,0,data/qr_images/Q01944.png,68,5,37,1,1,exact,opencv
Q01945,1,data/qr_images/Q01945.png,104,6,41,1,1,exact,opencv
Q01946,1,data/qr_images/Q01946.png,130,8,49,1,1,exact,opencv
Q01947,1,data/qr_images/Q01947.png,30,3,29,1,1,exact,opencv
Q01948,0,data/qr_images/Q01948.png,83,5,37,1,1,exact,opencv
Q01949,1,data/qr_images/Q01949.png,30,3,29,1,1,exact,opencv
Q01950,0,data/qr_images/Q01950.png,34,3,29,1,1,exact,opencv
Q01951,0,data/qr_images/Q01951.png,48,4,33,1,1,exact,opencv
Q01952,0,data/qr_images/Q01952.png,64,5,37,1,1,exact,opencv
Q01953,1,data/qr_images/Q01953.png,53,4,33,1,1,exact,opencv
Q01954,0,data/qr_images/Q01954.png,58,4,33,1,1,exact,opencv
Q01955,0,data/qr_images/Q01955.png,120,7,45,1,1,exact,opencv
Q01956,1,data/qr_images/Q01956.png,234,11,61,1,1,exact,opencv
Q01957,1,data/qr_images/Q01957.png,34,3,29,1,1,exact,opencv
Q01958,0,data/qr_images/Q01958.png,61,4,33,1,1,exact,opencv
Q01959,1,data/qr_images/Q01959.png,52,4,33,1,1,exact,opencv
Q01960,0,data/qr_images/Q01960.png,32,3,29,1,1,exact,opencv
Q01961,1,data/qr_images/Q01961.png,69,5,37,1,1,exact,opencv_aruco
Q01962,0,data/qr_images/Q01962.png,31,3,29,1,1,exact,opencv
Q01963,0,data/qr_images/Q01963.png,28,3,29,1,1,exact,opencv
Q01964,0,data/qr_images/Q01964.png,26,2,25,1,1,exact,opencv
Q01965,0,data/qr_images/Q01965.png,36,3,29,1,1,exact,opencv
Q01966,1,data/qr_images/Q01966.png,69,5,37,1,1,exact,opencv
Q01967,0,data/qr_images/Q01967.png,40,3,29,1,1,exact,opencv
Q01968,1,data/qr_images/Q01968.png,112,7,45,1,1,exact,opencv
Q01969,0,data/qr_images/Q01969.png,35,3,29,1,1,exact,opencv
Q01970,0,data/qr_images/Q01970.png,58,4,33,1,1,exact,opencv
Q01971,1,data/qr_images/Q01971.png,39,3,29,1,1,exact,opencv
Q01972,0,data/qr_images/Q01972.png,38,3,29,1,1,exact,opencv
Q01973,0,data/qr_images/Q01973.png,41,3,29,1,1,exact,opencv
Q01974,1,data/qr_images/Q01974.png,71,5,37,1,1,exact,opencv
Q01975,1,data/qr_images/Q01975.png,39,3,29,1,1,exact,opencv
Q01976,0,data/qr_images/Q01976.png,52,4,33,1,1,exact,opencv
Q01977,0,data/qr_images/Q01977.png,47,4,33,1,1,exact,opencv
Q01978,1,data/qr_images/Q01978.png,36,3,29,1,1,exact,opencv
Q01979,1,data/qr_images/Q01979.png,83,5,37,1,1,exact,opencv
Q01980,0,data/qr_images/Q01980.png,32,3,29,1,1,exact,opencv
Q01981,1,data/qr_images/Q01981.png,65,5,37,1,1,exact,opencv
Q01982,0,data/qr_images/Q01982.png,25,2,25,1,1,exact,opencv
Q01983,1,data/qr_images/Q01983.png,35,3,29,1,1,exact,opencv
Q01984,1,data/qr_images/Q01984.png,132,8,49,1,1,exact,opencv
Q01985,0,data/qr_images/Q01985.png,32,3,29,1,1,exact,opencv
Q01986,1,data/qr_images/Q01986.png,56,4,33,1,1,exact,opencv
Q01987,0,data/qr_images/Q01987.png,53,4,33,1,1,exact,opencv
Q01988,1,data/qr_images/Q01988.png,62,4,33,1,1,exact,opencv
Q01989,0,data/qr_images/Q01989.png,56,4,33,1,1,exact,opencv
Q01990,0,data/qr_images/Q01990.png,36,3,29,1,1,exact,opencv
Q01991,1,data/qr_images/Q01991.png,65,5,37,1,1,exact,opencv
Q01992,1,data/qr_images/Q01992.png,92,6,41,1,1,exact,opencv
Q01993,1,data/qr_images/Q01993.png,85,6,41,1,1,exact,opencv
Q01994,1,data/qr_images/Q01994.png,71,5,37,1,1,exact,opencv_aruco
Q01995,1,data/qr_images/Q01995.png,52,4,33,1,1,exact,opencv
Q01996,1,data/qr_images/Q01996.png,50,4,33,1,1,exact,opencv
Q01997,0,data/qr_images/Q01997.png,22,2,25,1,1,exact,opencv
Q01998,1,data/qr_images/Q01998.png,76,5,37,1,1,exact,opencv
Q01999,1,data/qr_images/Q01999.png,73,5,37,1,1,exact,opencv
