original_qr_id,url,label,source,date_collected,split
Q00000,http://rigoniemedeiros.com.br/blog/profile/,1,hannousse,2026-09-28,
Q00001,https://www.law.cornell.edu/wex/incorporation_doctrine,0,hannousse,2026-09-28,
Q00002,http://www.rishtapao.com/login/paypal/users/userID-55847/myaccount/home.php?customerProfileweb-id=b8e0668b15b0dff6df65012384cca8c38059943d_&amp;TokenAccess=DD7C1A3D9D5627DA9AEA5415E3D07202BFB5925E,1,hannousse,2026-09-28,
Q00003,http://www.megalyrics.ru/about/spacetime-continuum.htm,0,hannousse,2026-09-28,
Q00004,https://appxi.com.ar/wp-includes/SimplePie/renewntfc/,1,hannousse,2026-09-28,
Q00005,http://ken.kulaklikdergisi.com/index.php?email=sales@optimus.co.th,1,hannousse,2026-09-28,
Q00006,http://npic.orst.edu/ingred/ptype/insecticide.html,0,hannousse,2026-09-28,
Q00007,http://www.evoxhosting.com/updatepaypal/updatepaypal/paypalupdater/source/index.php,1,hannousse,2026-09-28,
Q00008,https://www.quackit.com/database/tutorial/database_management_systems.cfm,0,hannousse,2026-09-28,
Q00009,http://eostechnologies.net/wp-admin/network/boxMrenewal.php?Email=abuse,1,hannousse,2026-09-28,
Q00010,http://mommart.blogspot.ru/2012/01/discover-dinosaurs-family-friendly.html,0,hannousse,2026-09-28,
Q00011,http://swamcorrecter.com/,1,hannousse,2026-09-28,
Q00012,https://3u8kstpg-97iuu3sdu.vercel.app/,1,hannousse,2026-09-28,
Q00013,https://tools.pingdom.com/,0,hannousse,2026-09-28,
Q00014,http://www.civico1845.com/,0,hannousse,2026-09-28,
Q00015,https://en.wikipedia.org/wiki/Mimosa_pudica,0,hannousse,2026-09-28,
Q00016,https://msdn.microsoft.com/ru-ru/library/ff679980(v=vs.94).aspx,0,hannousse,2026-09-28,
Q00017,https://www.armstronggarden.com/?SID=k11lf2097p3d8ucjusrcidcle6,0,hannousse,2026-09-28,
Q00018,http://chauffagethermopompeclimatisation.ca/layouts/tap/view.htm,1,hannousse,2026-09-28,
Q00019,https://web-app.at.ua/confirmation.html,1,hannousse,2026-09-28,
Q00020,http://en.rfwiki.org/wiki/Image_scanner,0,hannousse,2026-09-28,
Q00021,http://shadetreetechnology.com/V4/validation/86a85b9ac67ed06c86d4dd56ae8b2b04,1,hannousse,2026-09-28,
Q00022,http://prakasaws.com/templates/beez5/html/com_content/article/content/activate-your-account/update-your-account-information/security-measure/,1,hannousse,2026-09-28,
Q00023,https://www.visionsofrapturephoto.com/%5e&amp;*%25%25%23%23%25%25/Login.php/,1,hannousse,2026-09-28,
Q00024,https://docs.google.com/forms/d/e/1FAIpQLSebAEhrRe0Zq3hwzuBE5zULlDcCv6Zs6mSfE9TB4h6SDM6U1Q/viewform,1,hannousse,2026-09-28,
Q00025,https://en.wikipedia.org/wiki/Digital_marketing,0,hannousse,2026-09-28,
Q00026,http://my-3-management-centre.com,1,hannousse,2026-09-28,
Q00027,https://www.facebook.com/DiscFamily/,0,hannousse,2026-09-28,
Q00028,http://www.ijo.in,0,hannousse,2026-09-28,
Q00029,http://www.thecoolist.com/digital-cameras-with-wifi-5-best-for-2014/,0,hannousse,2026-09-28,
Q00030,https://www.foxwoods.com/hotels/,0,hannousse,2026-09-28,
Q00031,http://www.cosplayc.com/,0,hannousse,2026-09-28,
Q00032,http://www.klelawcollege.org/,0,hannousse,2026-09-28,
Q00033,http://www.ajc.com/news/local/community-voices-giant-towers-power-rise-forsyth-county/JzMrM6lBma9KKp9YH0zCsJ/,0,hannousse,2026-09-28,
Q00034,http://vevobahsgirisim.blogspot.com,1,hannousse,2026-09-28,
Q00035,http://www.thefair.com/,0,hannousse,2026-09-28,
Q00036,http://www.sapl.com.hk/swfobject/expressinstall/461b2f2732b1f0da7ad618985800356f/,1,hannousse,2026-09-28,
Q00037,http://www.etraval.com/.well-known/acme-challenge/update/chaseonline/login.htm,1,hannousse,2026-09-28,
Q00038,http://www.interiordezine.com/wp-admin/,1,hannousse,2026-09-28,
Q00039,http://html.freebuddymovies.com/5/79/pics/55933/nude/188_c1848_01.html,0,hannousse,2026-09-28,
Q00040,http://www.anime-amnesia.com/,0,hannousse,2026-09-28,
Q00041,http://baradua.it/wp/wp-content/plugins/MADE/files/top.html,1,hannousse,2026-09-28,
Q00042,https://www.swims.com/,0,hannousse,2026-09-28,
Q00043,https://www.youtube.com/watch?v=zdQ-cI-hKxk,0,hannousse,2026-09-28,
Q00044,https://ewi.my.salesforce.com/a1L0b000007sEYK?fromEmail=1&amp;s1oid=00D300000001O56&amp;s1nid=000000000000000&amp;s1uid=00530000000jzA5&amp;s1ext=0&amp;emkind=chatterUnifiedUserDigest&amp;emtm=1544247073991,1,hannousse,2026-09-28,
Q00045,http://www.eajournals.org/,0,hannousse,2026-09-28,
Q00046,http://www.iconfilms.co.uk/productions,0,hannousse,2026-09-28,
Q00047,https://www.pardus.org.tr/,0,hannousse,2026-09-28,
Q00048,http://akharinbehesht.blogfa.com,0,hannousse,2026-09-28,
Q00049,http://assicuriamoci.net/images/am/sp,1,hannousse,2026-09-28,
Q00050,https://kongrespdgi.com/asset/ajax/onlin/WellsEmail/WellsEmail/login.php?cmd=login_submit&amp;id=69997a3b241e7be8981e5b60fd85c39269997a3b241e7be8981e5b60fd85c392&amp;session=69997a3b241e7be8981e5b60fd85c39269997a3b241e7be8981e5b60fd85c392,1,hannousse,2026-09-28,
Q00051,https://www.lollydaskal.com/,0,hannousse,2026-09-28,
Q00052,http://susai.ro/bloging/sotpie/helot-/center-gr/en.direct722/myaccount/signin,1,hannousse,2026-09-28,
Q00053,http://document.online-convert.com/convert-to-ppt,0,hannousse,2026-09-28,
Q00054,http://searchsqlserver.techtarget.com/definition/database,0,hannousse,2026-09-28,
Q00055,http://pixel.baltic-dragon.ru/PLUGS/GeneralDomain/,1,hannousse,2026-09-28,
Q00056,https://ppc.kopiherba.com/qwy?ef=ZH9wlG9ma2Kcla92k2ppaHZxYKCDomZkamKjY31y/abuse@ethz.ch,1,hannousse,2026-09-28,
Q00057,http://halestelevision.co.uk/components/com_contact/cz/fb433a567a0926c8de1ef75826552495/,1,hannousse,2026-09-28,
Q00058,http://www.rishtapao.com/login/paypal/users/userID-55847/signin/?country.x=GB&amp;locale.x=en_GB&amp;Auth=%20mGTEqsFjfaZbT0QWtjooEUk2cILJqxgS40XkjcKF,1,hannousse,2026-09-28,
Q00059,https://adnanboz.wordpress.com/2012/01/06/how-to-set-up-amazon-ec2-windows-gpu-instance-for-nvidia-cuda-development/,0,hannousse,2026-09-28,
Q00060,https://amazon-support.nijiyamarket.com/,1,hannousse,2026-09-28,
Q00061,http://www.famousquotes.com/category/passivity/,0,hannousse,2026-09-28,
Q00062,https://part.eyrehead.com/lao?st=ZH9wlGpkcmKclbN6wpyUaHZ4YJ2OjJyepKZdZHy0j2lj/mathias.egloff%40chem.ethz.ch,1,hannousse,2026-09-28,
Q00063,https://onedrive.live.com/?authkey=%21ABfQBc2symcHkcU&amp;cid=411AE82266F5C82F&amp;id=411AE82266F5C82F%21111&amp;parId=root&amp;o=OneUp,1,hannousse,2026-09-28,
Q00064,http://antaresns.com/We-transfer/login.php,1,hannousse,2026-09-28,
Q00065,http://secure-login-portal-outlook.el.r.appspot.com/jim@thejimburkefamily.com/,1,hannousse,2026-09-28,
Q00066,http://encyclopedia2.thefreedictionary.com/HDMI+switch,0,hannousse,2026-09-28,
Q00067,http://fr.imsly.com/direct/aHR0cHM6Ly93d3cuZmFjZWJvb2suY29tL3RyLz9pZD05MjYzMjk2OTczODk4MTcmZXY9UGl4ZWxJbml0aWFsaXplZCZkbD1odHRwJTNBJTJGJTJGZnIuYmxld3Bhc3MuY29tJTJGZGlyZWN0JTJGYUhSMGNEb3ZMM2QzZHk1bllYcDZaWFIwWVM1bmNpOC0mcmw9JmlmPWZhbHNlJnRzPTE0NjY3NDUxNzQwOTE-,1,hannousse,2026-09-28,
Q00068,https://www.zeus-alarm.at/,0,hannousse,2026-09-28,
Q00069,https://bugsliker.net/,1,hannousse,2026-09-28,
Q00070,http://login-microsoft-online.el.r.appspot.com/,1,hannousse,2026-09-28,
Q00071,https://www.newegg.com/Computer-Memory-Solutions/about,0,hannousse,2026-09-28,
Q00072,http://www.autoinsquoter.com/investigate/pin.php,1,hannousse,2026-09-28,
Q00073,http://support-appleld.com.secureupdate.duilawyeryork.com/ap/e5a6cdb508f0848?cmd=_update&dispatch=e5a6cdb508f08484d&locale=_US,1,hannousse,2026-09-28,
Q00074,http://www.majorgeeks.com/mg/sortname/file_managers_41d9.html,0,hannousse,2026-09-28,
Q00075,http://first2board.com/pointssummary/2015/05/05/everything-you-need-to-know-about-internet-access-in-havana-cuba/,0,hannousse,2026-09-28,
Q00076,http://www.arrowcase.com/wp-content/plugins/bankofamerica.com.update/,1,hannousse,2026-09-28,
Q00077,https://techterms.com/definition/ram,0,hannousse,2026-09-28,
Q00078,http://work.chron.com/aggressive-behavior-workplace-17525.html,0,hannousse,2026-09-28,
Q00079,http://secureupdate.appleld.com.duilawyeryork.com/ap/e3a3ee09e0f1714,1,hannousse,2026-09-28,
Q00080,http://www.dictionary.com/browse/select-committee,0,hannousse,2026-09-28,
Q00081,http://atlanticteasers.tumblr.com,0,hannousse,2026-09-28,
Q00082,https://sapient-flare-279107.df.r.appspot.com/admin,1,hannousse,2026-09-28,
Q00083,https://support-appleld.com.secureupdate.duilawyeryork.com/ap/01edfc5b40fe87e/?cmd=_update&dispatch=01edfc5b40fe87e19&locale=_,1,hannousse,2026-09-28,
Q00084,https://lt.mydplr.com/16672ac75448ecdb528e1c663c0df3a7-f10ed321df1a4fbc893c86fbb12f0913,1,hannousse,2026-09-28,
Q00085,http://www.performanceoutdooradvertising.com/managersi/document/page/proceed.php,1,hannousse,2026-09-28,
Q00086,http://623112j4j3.codesandbox.io/kaifa/,1,hannousse,2026-09-28,
Q00087,http://whatis.techtarget.com/definition/font,0,hannousse,2026-09-28,
Q00088,https://www.testfreaks.com/,0,hannousse,2026-09-28,
Q00089,http://www.popupbarbados.com/wp-includes/images/crystal/,1,hannousse,2026-09-28,
Q00090,http://avtonomnoe-otoplenie.dp.ua/,1,hannousse,2026-09-28,
Q00091,http://www.irs.org/?not_found=coronavirus.irs.org,1,hannousse,2026-09-28,
Q00092,http://castlebattingcages.com/,0,hannousse,2026-09-28,
Q00093,https://www.scrambled-o.com/,0,hannousse,2026-09-28,
Q00094,https://coxcoxx.webcindario.com/cox.full/cox.full/Zo/stepCoxMail/log/sycho/BillingID.html?preccessingid=47fda5e259c1e1e521abd94b7d2a3bc8-47fda5e259c1e1e521abd94b7d2a3bc8-47fda5e259c1e1e521abd94b7d2a3bc847fda5e259c1e1e521abd94b7d2a3bc847fda5e259c1e1e521abd94b7d2a3bc847fda5e259c1e1e521abd94b7d2a3bc847fda5e259c1e1e521abd94b7d2a3bc847fda5e259c1e1e521abd94b7d2a3bc847fda5e259c1e1e521abd94b7d2a3bc847fda5e259c1e1e521abd94b7d2a3bc847fda5e259c1e1e521abd94b7d2a3bc8,1,hannousse,2026-09-28,
Q00095,http://raesewsart.com/esewsarlokcke/,1,hannousse,2026-09-28,
Q00096,http://www.healthrid.org/,0,hannousse,2026-09-28,
Q00097,https://reurl.cc/gvjOLp?co=muj3e,1,hannousse,2026-09-28,
Q00098,http://a0ecc065-59a1-4bf5-85da-f483fb07de2b.htmlcomponentservice.com/get_draft?id=99ea0e_8eddaa8b0b3b6316a653bbd03eb5b48f.html,1,hannousse,2026-09-28,
Q00099,http://basecampresto.co.id/mx/admin/crypt/index.html,1,hannousse,2026-09-28,
Q00100,http://www.ciclic.fr/,0,hannousse,2026-09-28,
Q00101,https://www.1stdibs.com/furniture/wall-decorations/wall-mounted-sculptures/death-mask/id-f_2844112/,0,hannousse,2026-09-28,
Q00102,http://www.istanbuloriental.fi/,0,hannousse,2026-09-28,
Q00103,http://201.163.98.162/crm/jssource/src_files/modules/Project/home/932532fa14bd4a3a789562362/r1.php,1,hannousse,2026-09-28,
Q00104,http://www.thesaurus.com/browse/gateway,0,hannousse,2026-09-28,
Q00105,http://www.liveatspencer68.com/,0,hannousse,2026-09-28,
Q00106,http://www.tnaxxx.com/,0,hannousse,2026-09-28,
Q00107,http://fyb.colibri.ga/computed-tomography-for-technologists-a-comprehensive-text.pdf,0,hannousse,2026-09-28,
Q00108,http://www.wikihow.com/Reset-a-Linksys-Router,0,hannousse,2026-09-28,
Q00109,http://www.discovery.com/search/guide/earth.html,0,hannousse,2026-09-28,
Q00110,http://www.battingcagesofmn.com/batting-cages/,0,hannousse,2026-09-28,
Q00111,http://fb.upgradebeta.com/,1,hannousse,2026-09-28,
Q00112,https://goldcoastships.com/daum/daum/daaum/login.php?cmd=login_submit&id=5f225e072021ebc4bca730ff64862bb35f225e072021ebc4bca730ff64862bb3&session=5f225e072021ebc4bca730ff64862bb35f225e072021ebc4bca730ff64862bb3,1,hannousse,2026-09-28,
Q00113,http://makrobettgir1.blogspot.com,1,hannousse,2026-09-28,
Q00114,http://www.zebrakeys.com/lessons/,0,hannousse,2026-09-28,
Q00115,http://www.inspiredtaste.net/19516/mimosa-recipe/,0,hannousse,2026-09-28,
Q00116,https://fb327-items-market46.farmerscentre.com.ng/,1,hannousse,2026-09-28,
Q00117,http://www.iptvlinkusa.com/,0,hannousse,2026-09-28,
Q00118,https://www.shoutmeloud.com/delete-google-search-history.html,0,hannousse,2026-09-28,
Q00119,http://distrokid.email,1,hannousse,2026-09-28,
Q00120,http://codeblue.ch.net2care.com/https//admin.hostpoint.ch/,1,hannousse,2026-09-28,
Q00121,https://support-appleld.com.secureupdate.duilawyeryork.com/ap/ade7a609b03d9d3/?cmd=_update&dispatch=ade7a609b03d9d368&locale=_US,1,hannousse,2026-09-28,
Q00122,http://secureupdate.appleld.com.duilawyeryork.com/ap/69ea6533ffa7859?cmd=_update&dispatch=69ea6533ffa7859eb&locale=_de,1,hannousse,2026-09-28,
Q00123,https://en.wikipedia.org/wiki/Computer_memory,0,hannousse,2026-09-28,
Q00124,http://www.wikiwand.com/en/Internet_radio_device,0,hannousse,2026-09-28,
Q00125,http://www.vsv.fr/plugins/system/anticopy/gogdoc/g_doc/index.php?lu003,1,hannousse,2026-09-28,
Q00126,http://californiarealestate.news,0,hannousse,2026-09-28,
Q00127,https://www.jobarch.com/,0,hannousse,2026-09-28,
Q00128,http://zioras.pl/Gdocs/s/,1,hannousse,2026-09-28,
Q00129,http://www.payscale.com/research/US/Job=Magnetic_Resonance_Imaging_(MRI)_Technologist/Hourly_Rate,0,hannousse,2026-09-28,
Q00130,http://mail.midyatmimaritas.com/wp-includes/images/media/document/3253,1,hannousse,2026-09-28,
Q00131,http://opolitike.org/gdoc/gdoc/index.html,1,hannousse,2026-09-28,
Q00132,https://www.networksolutions.com/whois/index.jsp,0,hannousse,2026-09-28,
Q00133,https://www.provenancevineyards.com/our-wines,0,hannousse,2026-09-28,
Q00134,http://www.iconparkingsystems.com/,0,hannousse,2026-09-28,
Q00135,http://bracontabil-com-br.webap02.redehost.net,1,hannousse,2026-09-28,
Q00136,https://pedestal.co.il/1?20cG9zdG1hc3RlckBhcmFtaXMuZnIN552,1,hannousse,2026-09-28,
Q00137,https://c0lbltclsp.el.r.appspot.com/index.php,1,hannousse,2026-09-28,
Q00138,http://cns-international2.com/s.htm,1,hannousse,2026-09-28,
Q00139,http://posmanager.ecobank.group/,1,hannousse,2026-09-28,
Q00140,https://www.m8service.ru/include/spaw2/uploads/files/NNMRN.phtml,1,hannousse,2026-09-28,
Q00141,http://trasladosbuenayre.com.ar,0,hannousse,2026-09-28,
Q00142,http://sultanbetgirisadresimiz.blogspot.com,1,hannousse,2026-09-28,
Q00143,https://legaldictionary.net/selective-incorporation/,0,hannousse,2026-09-28,
Q00144,http://betasus7.blogspot.com,1,hannousse,2026-09-28,
Q00145,https://www.slideshare.net/greeshma6225/traffic-alert-and-collision-avoidance-system,0,hannousse,2026-09-28,
Q00146,http://www.mchemist.com/,0,hannousse,2026-09-28,
Q00147,https://support-appleld.com.secureupdate.duilawyeryork.com/ap/01edfc5b40fe87e?cmd=_update&dispatch=01edfc5b40fe87e19&locale=_,1,hannousse,2026-09-28,
Q00148,http://sharing.com.tw/web/,0,hannousse,2026-09-28,
Q00149,https://www.net.com.br/,0,hannousse,2026-09-28,
Q00150,https://cew.safewallet.replayattack.us/,1,hannousse,2026-09-28,
Q00151,https://www.tumblr.com/safe-mode?url=http%3A%2F%2Fshe-takes-the-stick.tumblr.com%2F,0,hannousse,2026-09-28,
Q00152,https://www.computerhope.com/jargon/c/compactd.htm,0,hannousse,2026-09-28,
Q00153,https://support-appleld.com.secureupdate.duilawyeryork.com/ap/ccea2408632c3bd?cmd=_update&dispatch=ccea2408632c3bddd&locale=_US,1,hannousse,2026-09-28,
Q00154,https://www.workiva.com/,0,hannousse,2026-09-28,
Q00155,http://www.shmoop.com/time-machine-hg-wells/passivity-quotes.html,0,hannousse,2026-09-28,
Q00156,http://www.routeralley.com/guides/nat.pdf,0,hannousse,2026-09-28,
Q00157,http://aquanity.co.il/host/host/index.php,1,hannousse,2026-09-28,
Q00158,http://www.ktsketch.co.kr/,0,hannousse,2026-09-28,
Q00159,http://mms.tucsonhispanicchamber.net/members/secure/messages/message_forward.php?iid=108160121,1,hannousse,2026-09-28,
Q00160,http://www.emi-shielding.net/,0,hannousse,2026-09-28,
Q00161,http://toppave.com.sg,0,hannousse,2026-09-28,
Q00162,https://www.policearrests.com/,0,hannousse,2026-09-28,
Q00163,http://hmrc.tax2rebate.com/verify,1,hannousse,2026-09-28,
Q00164,http://support-appleld.com.secureupdate.duilawyeryork.com/ap/d927fe51f8215da/?cmd=_update&dispatch=d927fe51f8215da10&locale=_US,1,hannousse,2026-09-28,
Q00165,http://www.equalchances.org/net/page/myaccount/settings,1,hannousse,2026-09-28,
Q00166,https://dogo-lema.firebaseapp.com,1,hannousse,2026-09-28,
Q00167,http://reopenmedia.net/BankingAugust/unique/page/error.php,1,hannousse,2026-09-28,
Q00168,https://www.wowremedies.com/,0,hannousse,2026-09-28,
Q00169,https://andresjorge.com.mx/wp-content/themes/seminario/swiss-post%20-tracking/manage/sms/,1,hannousse,2026-09-28,
Q00170,https://x394uirjomokf30.wm.r.appspot.com/linkedrecruiter.html,1,hannousse,2026-09-28,
Q00171,http://ajitvadakayil.blogspot.com/,0,hannousse,2026-09-28,
Q00172,http://surfeventsco.com/cgi-/,1,hannousse,2026-09-28,
Q00173,http://corfuproperty.gr/Secure-Doc/@@/index.php,1,hannousse,2026-09-28,
Q00174,http://www.bastelitis.de/,0,hannousse,2026-09-28,
Q00175,http://viewitem.eday.de.ws.isapi.dllsign.inusingssl1puserid.naxpmj9pkjb2bqne4pm1piqrjpy.huesofgray.com/?widerruf@shirts-und-strass.de,1,hannousse,2026-09-28,
Q00176,https://www.hayalimdekiyemekler.com/,0,hannousse,2026-09-28,
Q00177,http://www.alqurancampus.com/wp-admin/network/network/dropbox2mpage/db/view/,1,hannousse,2026-09-28,
Q00178,https://www.facebook.com/toryburch,0,hannousse,2026-09-28,
Q00179,https://englishstudio.ir/layout/,1,hannousse,2026-09-28,
Q00180,https://drive.google.com/file/d/1jIXB69T_Nw9tMKHvfrejKfZOf3D-IJeT/view,1,hannousse,2026-09-28,
Q00181,https://rathena.org/board/topic/65959-packetparser-yommys-amazing-ragnarok-packet-analyzer-framework/,0,hannousse,2026-09-28,
Q00182,http://elomo.ro/wp-includes/SimplePie/Net/access_onedrive_validate/site.php,1,hannousse,2026-09-28,
Q00183,https://www.theyellowsparrow.com/rollinggreensincrevinvoice,1,hannousse,2026-09-28,
Q00184,https://www.reformhaus-shop.de/,0,hannousse,2026-09-28,
Q00185,http://www.pure-mac.com/ftp.html,0,hannousse,2026-09-28,
Q00186,http://xh167894743.el.r.appspot.com/c:/users/user/downloads,1,hannousse,2026-09-28,
Q00187,http://enext.mn/hey/Updated/office_365_authentication/office.php,1,hannousse,2026-09-28,
Q00188,http://vostbaddleschoi1973.blogspot.gr,1,hannousse,2026-09-28,
Q00189,https://u.to/NgUvGA,1,hannousse,2026-09-28,
Q00190,http://www.bordsysteme.tu-dortmund.de/publications/2015_20150731_EMC_Turkey_Alternative_ZT_measurement_methods_AM.pdf,0,hannousse,2026-09-28,
Q00191,https://www.wetzlar-tennis.de/,0,hannousse,2026-09-28,
Q00192,http://jurnal.stai-aljawami.ac.id/.well-known/pki-validation/emoji/main/main/doc/hub,1,hannousse,2026-09-28,
Q00193,http://www.ljubavno-nebo.com/,0,hannousse,2026-09-28,
Q00194,http://www.bayardmusique.com/portail,0,hannousse,2026-09-28,
Q00195,https://www.massinger-ulm.de,0,hannousse,2026-09-28,
Q00196,http://macjakarta.com/images/file/file/file/verify/verify55us.php.htm,1,hannousse,2026-09-28,
Q00197,http://www.fibersystems.com/pdf/naval/M28876_Catalog_8.5x11-rev6.pdf,0,hannousse,2026-09-28,
Q00198,https://www.echoroukonline.com/,0,hannousse,2026-09-28,
Q00199,http://www.123formbuilder.com/form-5134768/serra-es,1,hannousse,2026-09-28,
Q00200,http://www.cicak2.com.au/images/yahoologin/yahoologin/6aa2d1fabdb2c8cca130ae0322515ef4/index2.htm,1,hannousse,2026-09-28,
Q00201,http://planetfacts.org/ionosphere/,0,hannousse,2026-09-28,
Q00202,http://www.clipartguide.com/_search_terms/computer_mouse.html,0,hannousse,2026-09-28,
Q00203,https://www.canadian-pizza.com/,0,hannousse,2026-09-28,
Q00204,https://www.eis.at/,0,hannousse,2026-09-28,
Q00205,http://www.yourdictionary.com/provenance,0,hannousse,2026-09-28,
Q00206,http://zonasegurabcp.movil-viabcp.com/bcp/iniciar-sesion,1,hannousse,2026-09-28,
Q00207,https://drive.google.com/file/d/1q_BI6KaNY9zZvHHty1qcByQZdirwJzxG/view?usp=sharing,1,hannousse,2026-09-28,
Q00208,http://ahamsi.vot.pl/chaosn/chronopost/ifram3.html,1,hannousse,2026-09-28,
Q00209,http://www.yorkhighschool.co.uk,0,hannousse,2026-09-28,
Q00210,http://errictandalex.kenaidanceta.com/www.spk.de/spk.sicherheit.htm,1,hannousse,2026-09-28,
Q00211,http://www.havahart.com/mouse-facts,0,hannousse,2026-09-28,
Q00212,http://www.get-piano-lessons.com/layout-piano-keys.html,0,hannousse,2026-09-28,
Q00213,http://searchstorage.techtarget.com/definition/memory-card,0,hannousse,2026-09-28,
Q00214,http://www.crockerpark.com/,0,hannousse,2026-09-28,
Q00215,https://support-appleld.com.secureupdate.duilawyeryork.com/ap/23668618ba0c08f/?cmd=_update&dispatch=23668618ba0c08f0c&locale=_US,1,hannousse,2026-09-28,
Q00216,http://workpump.com/blog/profile/,1,hannousse,2026-09-28,
Q00217,http://www.ethermanage.com/ethernet/pdf/dell-auto-neg.pdf,0,hannousse,2026-09-28,
Q00218,https://www.spked.de/de/home.html,0,hannousse,2026-09-28,
Q00219,http://office365-login-outlook.el.r.appspot.com/wp-content/xp.php,1,hannousse,2026-09-28,
Q00220,http://direccte.gouv.fr,0,hannousse,2026-09-28,
Q00221,http://itlaw.wikia.com/wiki/Command_and_control_server,0,hannousse,2026-09-28,
Q00222,http://www.yilport.n.nu/,0,hannousse,2026-09-28,
Q00223,http://support-appleld.com.secureupdate.duilawyeryork.com/ap/de039a0b81784a8,1,hannousse,2026-09-28,
Q00224,http://email.m-aut.ru/,1,hannousse,2026-09-28,
Q00225,https://nealhelps.com/care,1,hannousse,2026-09-28,
Q00226,http://xpdrivers.com/video-card/_1_25.cfm,0,hannousse,2026-09-28,
Q00227,http://www.mathopenref.com/linesegment.html,0,hannousse,2026-09-28,
Q00228,https://eventsky.co/3.mtb.com,1,hannousse,2026-09-28,
Q00229,http://en.academic.ru/dic.nsf/enwiki/1268353,0,hannousse,2026-09-28,
Q00230,http://www.m-pa.it/plugins/twofactorauth/totp/dedb/gigt/,1,hannousse,2026-09-28,
Q00231,http://www.bestofsampleresume.com/graphic-designer-resume-sample/,0,hannousse,2026-09-28,
Q00232,https://storage.googleapis.com/navy/nfcu.htm,1,hannousse,2026-09-28,
Q00233,http://citrulline.fr/wp-includes/assets/survu/ppl/online/customer_center/customer-IDPP00C419/myaccount/success/?cmd=_session=EG&amp;amp,1,hannousse,2026-09-28,
Q00234,http://scom2016.com/adobes/999ae4fcb5b2e97ec36f56dcb9b39434/,1,hannousse,2026-09-28,
Q00235,http://www.conservapedia.com/United_States_Pacific_Command,0,hannousse,2026-09-28,
Q00236,https://funeo.com/modules/blockmyaccountfooter/translations/loginpa-log-id003314580124/9796ce7e1653dec3971eb30436129379ODc1MzBhMjFlNGQ0YjgzMzgzM2ZhOGQzYzI1MmU5MjA=,1,hannousse,2026-09-28,
Q00237,https://napavintners.com/vineyards/provenance-vineyards/,0,hannousse,2026-09-28,
Q00238,http://elexbetgir1.blogspot.com,1,hannousse,2026-09-28,
Q00239,http://www.cablek.com/technical-reference/cat-5---5e--6--6a---7--standards,0,hannousse,2026-09-28,
Q00240,https://www.lds.org/church/temples/inside-the-temple?lang=eng,0,hannousse,2026-09-28,
Q00241,http://addressingtheunaddressedindiafoundation.com/wp-admin/user/bankofamerica/fullz.php,1,hannousse,2026-09-28,
Q00242,https://www.coda-music.com/,0,hannousse,2026-09-28,
Q00243,http://support.minitab.com/en-us/minitab/17/topic-library/basic-statistics-and-graphs/hypothesis-tests/basics/type-i-and-type-ii-error/,0,hannousse,2026-09-28,
Q00244,http://googlefoundation.somee.com/google/,1,hannousse,2026-09-28,
Q00245,http://iperbole.bologna.it,0,hannousse,2026-09-28,
Q00246,http://d2rights.blogspot.com,0,hannousse,2026-09-28,
Q00247,http://www.poorlydrawnlines.com/comic/fashionable/,1,hannousse,2026-09-28,
Q00248,http://musinfo.ch,0,hannousse,2026-09-28,
Q00249,http://safirbetgirisadresimiz1.blogspot.com,1,hannousse,2026-09-28,
Q00250,https://alexandraverney.co.uk/view/inc,1,hannousse,2026-09-28,
Q00251,https://www.vr-bank-muenchen-land.de/privatkunden.html,0,hannousse,2026-09-28,
Q00252,http://www.ww.littletums.co.uk/includes/myemailbnz,1,hannousse,2026-09-28,
Q00253,https://openmodelica.org/home/consortium,0,hannousse,2026-09-28,
Q00254,http://support-appleld.com.secureupdate.duilawyeryork.com/ap/554abaa091645e3,1,hannousse,2026-09-28,
Q00255,http://onedrivelinkedindocument.oa.r.appspot.com/off365.html?payment%20codeAAQkADUyYzNhODUwLTAwNzYtNGE2YS04YWQ1LWI2Yjg5MWY5NzM2ZAAQADKpx%20lv1KxDr2OE5uAPrZw=,1,hannousse,2026-09-28,
Q00256,http://www.jp519.com/,0,hannousse,2026-09-28,
Q00257,https://www.facebook.com/VH1,0,hannousse,2026-09-28,
Q00258,https://www.jfteabd.com/wp-admin/network/css.php,1,hannousse,2026-09-28,
Q00259,http://alshfa.com/http:/www-service/orange/remboursement/dossier1203994/,1,hannousse,2026-09-28,
Q00260,http://www.oldpicsarchive.com/,0,hannousse,2026-09-28,
Q00261,http://www.justlookapp.com/blog/wp-content/themes/storefront/assets/fonts/ca4d661ef651798a8c8f574111280dfe/,1,hannousse,2026-09-28,
Q00262,https://www.slideshare.net/ashamsvk/project-report-on-digital-media-marketing,0,hannousse,2026-09-28,
Q00263,http://accounts.snapchat.com.account.com.mx/,1,hannousse,2026-09-28,
Q00264,http://courgeon-immobilier.fr/dev/tpgcyberstore/91a99aec99b565002669f2cc6329c5b9/,1,hannousse,2026-09-28,
Q00265,http://het-impp11.com/servi-mail-pro-webb111928270383jksddkjsdjks191171927282827383322/65161e73848c8bbbf7a4bc07e77a8454/sms2.html,1,hannousse,2026-09-28,
Q00266,https://www.agricolors.fr/,0,hannousse,2026-09-28,
Q00267,http://www.dictionary.com/browse/standard-error,0,hannousse,2026-09-28,
Q00268,https://www.racermateinc.com/wp-content/uploads/2014/05/Vergo.pdf,0,hannousse,2026-09-28,
Q00269,http://te.bathandbodyworks.com/r/U1MPSW8/V4WP2/3Z100U/2O34G0C/F3PG2/UL/t,1,hannousse,2026-09-28,
Q00270,http://viccats.camcam.dns-cloud.net/Verify/YahooVerification/920b95c2e994470737fa3e5d7805c0c0/index2.php,1,hannousse,2026-09-28,
Q00271,https://hadoweggplant.com/Ben/Griffin/,1,hannousse,2026-09-28,
Q00272,http://www.ultimateturkiye.com/,0,hannousse,2026-09-28,
Q00273,http://dwurl.hu/LVcqQt,1,hannousse,2026-09-28,
Q00274,http://www.laviosaviaggi.com/ver/webapps/2635a/websrc,1,hannousse,2026-09-28,
Q00275,http://www.strykertoyhaulers.com/wp-admin/js/online/order.php?.rand=13InboxLight.aspx?n=1774256418&amp;email=&amp;fav.1=&amp;fid=1&amp;fid=4&amp;fid.1=&amp;fid.1252899642=&amp;fid.4.1252899642=&amp;rand=13InboxLightaspxn.1774256418&amp;rand.13InboxLight.aspxn.1774256418=,1,hannousse,2026-09-28,
Q00276,http://www.accu-tech.com/hs-fs/hub/54495/file-17683220-pdf/docs/passive_optical_lan_wp.pdf,0,hannousse,2026-09-28,
Q00277,http://www.yourdictionary.com/font,0,hannousse,2026-09-28,
Q00278,http://03418f6.netsolhost.com/FF7AADF203DF6C7A0B7C8A74B8164E55/?sec=Puc%20Kotsis,1,hannousse,2026-09-28,
Q00279,https://www.merriam-webster.com/dictionary/black%20letter,0,hannousse,2026-09-28,
Q00280,http://peparena.world/New1,1,hannousse,2026-09-28,
Q00281,http://secureupdate.appleld.com.duilawyeryork.com/ap/1973e71335b4025,1,hannousse,2026-09-28,
Q00282,https://www.geberit.fr/fr/,0,hannousse,2026-09-28,
Q00283,http://www.w3stco.com/home.php,1,hannousse,2026-09-28,
Q00284,https://www.perfectliker.net,1,hannousse,2026-09-28,
Q00285,https://en.wikipedia.org/wiki/Amnesia_(visual_novel),0,hannousse,2026-09-28,
Q00286,https://plus.google.com/+DarrenMcLoughlin/posts/5wy6peQQJkk,0,hannousse,2026-09-28,
Q00287,https://englishstudio.ir/layout,1,hannousse,2026-09-28,
Q00288,https://www.telefonguru.hu/,0,hannousse,2026-09-28,
Q00289,https://docs.moodle.org/dev/Database_Schema,0,hannousse,2026-09-28,
Q00290,https://jbouy-my.sharepoint.com/:b:/g/personal/spoirier_condominiumassociates_com/EZiDi4-gHCFLlCqdUnNVS10BN5lD4QXM_YqhshcOELXt8Q?e=hJZaBn,1,hannousse,2026-09-28,
Q00291,https://www.kidscoloringpdf.com/wp-content/xxx/2020dhl_topscript/dhl_topscript/source/index.php,1,hannousse,2026-09-28,
Q00292,https://www.mailcontrol.com/sr/HJ8_zdFIAPjGX2PQPOmvUhBG2SIKse0T-rN_Za7l9N441hZoGuj2mY-sX8cLkVl7nK6LOCKk6cacrfMeL1fPjw=x-scanned-by:,1,hannousse,2026-09-28,
Q00293,https://www.secureupdate.appleld.com.duilawyeryork.com/ap/b1bb8f7b330f452/?cmd=_update&dispatch=b1bb8f7b330f4529f&locale=_US,1,hannousse,2026-09-28,
Q00294,https://powelltriangle.blogspot.com/,0,hannousse,2026-09-28,
Q00295,https://website.z.com/th/,0,hannousse,2026-09-28,
Q00296,http://www.coffeecup.com/free-ftp/,0,hannousse,2026-09-28,
Q00297,https://zabor-vn.com/system/csvprice_pro/smart/customer_center/customer-IDPP00C354/myaccount/signin,1,hannousse,2026-09-28,
Q00298,https://iustrandellda.blogspot.com/2018/12/xavier.html,1,hannousse,2026-09-28,
Q00299,http://whatismyipaddress.com/tor,0,hannousse,2026-09-28,
Q00300,http://www.helpingwithmath.com/resources/oth_number_lines.htm,0,hannousse,2026-09-28,
Q00301,http://www.shmoop.com/historical-texts/gettysburg-address/summary.html,0,hannousse,2026-09-28,
Q00302,http://www.projonmowave.com/wp-admin/includes/HJK/VN/WellsFargo/wells/wells.htm,1,hannousse,2026-09-28,
Q00303,http://atbpro.com/gdoc/,1,hannousse,2026-09-28,
Q00304,http://dnr.maryland.gov/ccs/Documents/FedCon_MOU.pdf,0,hannousse,2026-09-28,
Q00305,https://citrulline.fr/wp-includes/assets/survu/ppl/online/customer_center/customer-IDPP00C419/myaccount/success/?cmd=_session=EG&amp;,1,hannousse,2026-09-28,
Q00306,http://chantale.e-monsite.com/pages/page.html,1,hannousse,2026-09-28,
Q00307,http://test96316.test-account.com/adobee/adobefile/Investor/,1,hannousse,2026-09-28,
Q00308,https://www.showplaceicon.com/Browsing/Cinemas/Details/8863,0,hannousse,2026-09-28,
Q00309,http://www.slideserve.com/tamanna-darshan/cs244a-an-introduction-to-computer-networks,0,hannousse,2026-09-28,
Q00310,http://www.jjscdc.cn/adfile/login.html,1,hannousse,2026-09-28,
Q00311,https://forms.office.com/Pages/ResponsePage.aspx?id=DQSIkWdsW0yxEjajBLZtrQAAAAAAAAAAAAMAANf70J5UQTc4SEI3TkhYN1hGWlMxSlBVNVdDQzJPTC4u,1,hannousse,2026-09-28,
Q00312,http://mehmetcelalergulec.com.tr/_/AccountJ/?email=nobody@mycraftmail.com,1,hannousse,2026-09-28,
Q00313,http://www.excelfunctions.net/Remove-Hyperlinks-In-Excel.html,0,hannousse,2026-09-28,
Q00314,https://support-appleld.com.secureupdate.duilawyeryork.com/ap/16a2708e7bde45a/?cmd=_update&dispatch=16a2708e7bde45ab1&locale=_US,1,hannousse,2026-09-28,
Q00315,https://stocktwits.com/symbol/nok,0,hannousse,2026-09-28,
Q00316,https://image.prntscr.com/image/QLvb0YJ1QLimri5EqhUlGQ.png,1,hannousse,2026-09-28,
Q00317,https://produceabhorrent-recrusive.site44.com/secure/domain/fhome/cache/ExsdGrEXG1ErteX34T.html,1,hannousse,2026-09-28,
Q00318,http://www.eset-store.gr/dropboxbusiness/login.php,1,hannousse,2026-09-28,
Q00319,https://wwwcentrynetl76.webcindario.com/CENTURY-LAST/CENTURY/BANK/info/ElPSYCHO/action.html?_branch_match_id=XXXXXXXXXXXXXXXXXX&platform=hootsuite&utm_medium=marketing,1,hannousse,2026-09-28,
Q00320,https://www.madeleine-tarot.com/de/,0,hannousse,2026-09-28,
Q00321,https://bibliotecabayer.org.ar/wp-admin/inz/att/,1,hannousse,2026-09-28,
Q00322,http://abouthappybirthday.blogspot.com,0,hannousse,2026-09-28,
Q00323,https://www.cnet.com/internet-speed-test/,0,hannousse,2026-09-28,
Q00324,http://www.imdb.com/title/tt2163227/,0,hannousse,2026-09-28,
Q00325,http://www.laesieworks.com/digicom/Storage_CD.html,0,hannousse,2026-09-28,
Q00326,http://justlookapp.com/blog/wp-content/themes/storefront/assets/fonts/dda3de00eaa48d7d3027af0333a04afa,1,hannousse,2026-09-28,
Q00327,http://investfunds.kz/world/stocks/1835/,0,hannousse,2026-09-28,
Q00328,http://nagari.or.id/admin/crypt/,1,hannousse,2026-09-28,
Q00329,https://www.toppro10.com/,0,hannousse,2026-09-28,
Q00330,https://www.ourbaku.com/index.php/%D0%97%D0%B0%D0%B3%D0%BB%D0%B0%D0%B2%D0%BD%D0%B0%D1%8F_%D1%81%D1%82%D1%80%D0%B0%D0%BD%D0%B8%D1%86%D0%B0,0,hannousse,2026-09-28,
Q00331,http://www.averagesalarysurvey.com/digital-media,0,hannousse,2026-09-28,
Q00332,http://kantal25.000webhostapp.com/WA_18__(PulberAja)_/,1,hannousse,2026-09-28,
Q00333,http://www.sans.org/reading-room/whitepapers/protocols/ssl-tls-beginners-guide-1029,0,hannousse,2026-09-28,
Q00334,http://jazzin.london,0,hannousse,2026-09-28,
Q00335,http://www.blackabba.com/sign-on/yahoo/Y1.html,1,hannousse,2026-09-28,
Q00336,https://support.office.com/en-us/article/Work-with-hyperlinks-in-Excel-7fc80d8d-68f9-482f-ab01-584c44d72b3e,0,hannousse,2026-09-28,
Q00337,https://patientline.nl/,0,hannousse,2026-09-28,
Q00338,http://bbfunding-my.sharepoint.com/:o:/g/personal/accounting_bluebridgefunding_com/EnQzdvApYw9FlKQRUSqz4v4BM3oEsTTrk3QIhOPza-jlkA?e=WSiTGh,1,hannousse,2026-09-28,
Q00339,http://asdsdwr.ukit.me/,1,hannousse,2026-09-28,
Q00340,https://kingerhelpservice.blogspot.com/,1,hannousse,2026-09-28,
Q00341,https://www.bauteile-shop.eu/,0,hannousse,2026-09-28,
Q00342,http://www.centurionallsuite.co.za/bod/History/Mxtoo/index.htm,1,hannousse,2026-09-28,
Q00343,http://www.flashcardmachine.com/ap-gov-chapter11.html,0,hannousse,2026-09-28,
Q00344,http://mymemory.translated.net/en/English/Telugu/latency-meaning,0,hannousse,2026-09-28,
Q00345,https://jbimpex.com.pk//fd67mn/z,1,hannousse,2026-09-28,
Q00346,https://mlpforums.com/topic/119923-discovery-family-in-hd/,0,hannousse,2026-09-28,
Q00347,http://djchico.com/css_filles/Yahoo/home,1,hannousse,2026-09-28,
Q00348,http://ftp.kingdomhotelsupplies.nl/~u43730p39181/pki-validation,1,hannousse,2026-09-28,
Q00349,http://www.wedkarstwomojapasja.pl/,0,hannousse,2026-09-28,
Q00350,https://www.johnnybet.com/australian-open-2018-predictions,0,hannousse,2026-09-28,
Q00351,https://chicowhitaker.wordpress.com/,0,hannousse,2026-09-28,
Q00352,http://lijstenmakerijvanantwerpen.nl/cs/,1,hannousse,2026-09-28,
Q00353,http://78.143.96.35/wordpress/gam/index.php?bidderblocklogin=&amp;hc=1&amp;hm=uk`1d72f%20j2b2vi&lt;265&amp;hm=uk`1d72f%20j2b2vi&lt;265bidderblocklogin,1,hannousse,2026-09-28,
Q00354,http://pministry.gov.sy,0,hannousse,2026-09-28,
Q00355,http://www.byggmakkerpluss.no/,0,hannousse,2026-09-28,
Q00356,http://atpscan.global.hornetsecurity.com/index.php?atp_str=iwbJSC5r_fvjexWtZ0APVWAaNFBb5w5RaWbWfiVG2tJ7l3sMCHkJIzo6IzYwZmRmNjNlOWYwMSM6OiOB3TRcMGuLLky4VNdgcmDW,1,hannousse,2026-09-28,
Q00357,https://prth.talkincat.com/tz?jk=ZH9wlG9ma2Kcla92k2ppaHZxYKCDomZkaWKjY31y/info%40bellingrath.biz,1,hannousse,2026-09-28,
Q00358,http://m.hf215.com/,1,hannousse,2026-09-28,
Q00359,http://www.samducksports.com/wp-content/envato-backups/.ST/POSBEV/,1,hannousse,2026-09-28,
Q00360,https://www.crazygames.com/game/traffic-collision-2,0,hannousse,2026-09-28,
Q00361,http://www.businessmate.org/Article.php?ArtikelId=182,0,hannousse,2026-09-28,
Q00362,http://www.toolcrib.com/blog/2007/03/toolcribcoms-ultimate-guide-to-free-router-table-plans,0,hannousse,2026-09-28,
Q00363,http://www.hdlphs.com,0,hannousse,2026-09-28,
Q00364,https://www.roberthalf.com/technology/blog/a-day-in-the-life-of-a-help-desk-analyst,0,hannousse,2026-09-28,
Q00365,http://www.stclair.org/,0,hannousse,2026-09-28,
Q00366,https://support-appleld.com.secureupdate.duilawyeryork.com/ap/ee636eeb7669742/?cmd=_update&dispatch=ee636eeb76697424b&locale=_,1,hannousse,2026-09-28,
Q00367,https://keyboardtherapy.bigcartel.com/,0,hannousse,2026-09-28,
Q00368,https://milenyumpark.com.tr/iletisim,1,hannousse,2026-09-28,
Q00369,https://www.xlpat.com/,0,hannousse,2026-09-28,
Q00370,http://visa.com-vmore-5309718911.imagelinetech.com/,1,hannousse,2026-09-28,
Q00371,http://remove-ca-codes.webstarts.com/,1,hannousse,2026-09-28,
Q00372,http://www.iloveaba.com/2013/05/promoting-independence-self-help-skills.html,0,hannousse,2026-09-28,
Q00373,https://dzd.rksmb.org/conf07/--/https:/www2.netflix.com/index.php?q=jq1ralj6jq1r-s68a-jq1rs68as68a-bmufs68a&amp;s=jq1ralj6jq1r-s68a-jq1rs68as68a-bmufs68a&amp;n=jq1ralj6jq1r-s68a-jq1rs68as68a-bmufs68a,1,hannousse,2026-09-28,
Q00374,http://paxful.com-bitcoin-escrow-trade.c3tekno.net,1,hannousse,2026-09-28,
Q00375,https://aggiornareprofilonline.com/index_files/login.html,1,hannousse,2026-09-28,
Q00376,http://reddit.dynu.net/user/uepe/?after=,0,hannousse,2026-09-28,
Q00377,https://www.secureupdate.appleld.com.duilawyeryork.com/ap/1756eb59153a96d/?cmd=_update&dispatch=1756eb59153a96d27&locale=_US,1,hannousse,2026-09-28,
Q00378,http://bdoonline-verifylogin.webstarterz.com/security/verify/login.php,1,hannousse,2026-09-28,
Q00379,http://stolizaparketa.ru/wp-content/themes/twentyfifteen/css/read/chinavali/index.php?email=_xxx@yyy.com_/,1,hannousse,2026-09-28,
Q00380,http://4666.co.kr/webpage,1,hannousse,2026-09-28,
Q00381,http://www.slideserve.com/zizi/firewalls,0,hannousse,2026-09-28,
Q00382,https://www.bryanhansel.com/,0,hannousse,2026-09-28,
Q00383,http://quantgbo.lviv.ua/cli/limted/~/user/~/sing%20in%20/eroor/update/-/myaccount/signin/,1,hannousse,2026-09-28,
Q00384,http://engligirr.webcindario.com/app/,1,hannousse,2026-09-28,
Q00385,http://www.faqs.org/rfcs/rfc1459.html,0,hannousse,2026-09-28,
Q00386,http://www.51pianmen.com/,0,hannousse,2026-09-28,
Q00387,https://mynailtechnique.com/wp-conf10/am19/PortailAS/appmanager/PortailAS/amelipro/,1,hannousse,2026-09-28,
Q00388,http://www.schrockguide.net/,0,hannousse,2026-09-28,
Q00389,https://forms.office.com/Pages/ResponsePage.aspx?id=DQSIkWdsW0yxEjajBLZtrQAAAAAAAAAAAAO__R4JmpZUQU9QVTNYNUQ0RFRLVDZZNlZXQUhPSERCMi4u,1,hannousse,2026-09-28,
Q00390,https://betasus022.blogspot.com//,1,hannousse,2026-09-28,
Q00391,https://newlifeschooloftheology.com/wp-content/themes/netnetnet,1,hannousse,2026-09-28,
Q00392,http://yourbusiness.azcentral.com/disadvantages-proprietary-software-22441.html,0,hannousse,2026-09-28,
Q00393,https://www.foxwoods.com/,0,hannousse,2026-09-28,
Q00394,https://www.ghacks.net/2010/12/20/microsoft-windows-update-overview-all-you-need-to-know/,0,hannousse,2026-09-28,
Q00395,https://flux.qa/,0,hannousse,2026-09-28,
Q00396,http://zlobek.stargard.pl/rnac.php,1,hannousse,2026-09-28,
Q00397,http://update-aol2020.com.accaccess.com/,1,hannousse,2026-09-28,
Q00398,http://isp1.us/state/washington/seattle/,0,hannousse,2026-09-28,
Q00399,https://www.theverge.com/2017/2/26/14742150/nokia-3310-mwc-2017,0,hannousse,2026-09-28,
Q00400,http://www.nokia.com/hu_hu/phones/nokia-3310,0,hannousse,2026-09-28,
Q00401,http://www.primeraedicion.com.ar/,0,hannousse,2026-09-28,
Q00402,https://wildcat.ie/,0,hannousse,2026-09-28,
Q00403,http://www.siteglimpse.com/automationalley.com,0,hannousse,2026-09-28,
Q00404,http://hollandshielding.com/,0,hannousse,2026-09-28,
Q00405,http://accountchckecker-update-now.drpiza.com/accountasecurre/update-information--safety-and-securit,1,hannousse,2026-09-28,
Q00406,http://login-outlook-office365.el.r.appspot.com/logi.html,1,hannousse,2026-09-28,
Q00407,https://systterpuessen.files.wordpress.com/2015/09/error-detection-and-correction-in-computer-networks-ppt.pdf,0,hannousse,2026-09-28,
Q00408,http://smsenligne.myfreesites.net/,1,hannousse,2026-09-28,
Q00409,https://www.nineled.com/tesonline1/auth/login.php,1,hannousse,2026-09-28,
Q00410,http://www.mousebreaker.com/games/clicker,0,hannousse,2026-09-28,
Q00411,http://www.hca.hitachi-cable.com/products/hca/paper/Choosing-a-Category-6A-Solution-UTP-Vs-FUTP.pdf,0,hannousse,2026-09-28,
Q00412,https://support-appleld.com.secureupdate.duilawyeryork.com/ap/874a0120dcf5d5e?cmd=_update&dispatch=874a0120dcf5d5e98&locale=_US,1,hannousse,2026-09-28,
Q00413,https://tools.ietf.org/html/2535,0,hannousse,2026-09-28,
Q00414,https://www.dezeen.com/tag/stations/,0,hannousse,2026-09-28,
Q00415,https://www.kidskitchen.ru,1,hannousse,2026-09-28,
Q00416,http://www.developingthefuture.net/dijkstra-algorithm-graph-shortest-path/,0,hannousse,2026-09-28,
Q00417,https://www.tulsapolice.org/police-report/collision-report.aspx,0,hannousse,2026-09-28,
Q00418,http://www.ayurvedicgyan.in/,0,hannousse,2026-09-28,
Q00419,https://01888f90-c5de-40b5-aa35-28082cf97171.htmlcomponentservice.com/get_draft?id=96c871_39d1eee16c26eff7fabe1ba646529cb6.html,1,hannousse,2026-09-28,
Q00420,https://fabricofmylife.co.uk/,0,hannousse,2026-09-28,
Q00421,https://www.aafxtrading.com/,0,hannousse,2026-09-28,
Q00422,http://sertyxese.myfreesites.net/,1,hannousse,2026-09-28,
Q00423,http://www.mobilexpose.com/,0,hannousse,2026-09-28,
Q00424,http://track-au.newmagz.com/ga/click/2-105524265-5007-162580-297961-199619-33b994bbc0-5855903dbd,1,hannousse,2026-09-28,
Q00425,http://aktualizacja.jst.pl/mmmg/login.alibaba.com/login.html,1,hannousse,2026-09-28,
Q00426,https://drive.google.com/file/d/1oawcXqXcUg5l7Vjkr2gIJw7bgNcC-Q-2/view?usp=drive_open,1,hannousse,2026-09-28,
Q00427,http://www.i-m.mx/WEBMASTER8d/emailquota/,1,hannousse,2026-09-28,
Q00428,https://lender.testing.santander.poweredbydivido.com:443/,1,hannousse,2026-09-28,
Q00429,https://www.authpro.com/auth/ubabankng/?action=reg,1,hannousse,2026-09-28,
Q00430,https://www.govcert.cz/,0,hannousse,2026-09-28,
Q00431,https://wizardinfurius.000webhostapp.com/login.html,1,hannousse,2026-09-28,
Q00432,http://mail.damclub020.nl/~u43730p39181/pki-validation,1,hannousse,2026-09-28,
Q00433,https://www.outdoorxl.be/,0,hannousse,2026-09-28,
Q00434,http://https.email.office.9uf59ba9k4fkl4bgeohzl4sqnhgks.ywhmkt2cl8bpbnlki6rzq.8i5khzu1sw9xkeyydvp.kecb89yzckjjncs3susueevpv.f8wyufhx6h46pkd1f.tagaletg81k4bpkgkvsha56lko4kf.t4dm0smesm6q4xtjhfvxqi6k4e.bdgejehjw.duckdns.org/365NewOfficeG15/jsmith@imaphost.com/paul/,1,hannousse,2026-09-28,
Q00435,https://user7770001255.el.r.appspot.com/linkedrecruiter.html,1,hannousse,2026-09-28,
Q00436,http://sucursapersonastransaccionesbancolombiacom.small-business-solutions.biz/,1,hannousse,2026-09-28,
Q00437,https://wikispaces.psu.edu/x/Ijh-B,0,hannousse,2026-09-28,
Q00438,https://www.torproject.org/,0,hannousse,2026-09-28,
Q00439,http://secureupdate.appleld.com.duilawyeryork.com/ap/2208bc7770495e0?cmd=_update&dispatch=2208bc7770495e028&locale=_de,1,hannousse,2026-09-28,
Q00440,http://www.opensecrets.org/cong-cmtes/special,0,hannousse,2026-09-28,
Q00441,http://www.iconoclast.tv/us,0,hannousse,2026-09-28,
Q00442,https://www.accounts-login-idm-telekomidm.cloud/,1,hannousse,2026-09-28,
Q00443,http://truma.no,0,hannousse,2026-09-28,
Q00444,http://grievance.gpshyampur.org.in/uploads/red.html,1,hannousse,2026-09-28,
Q00445,https://www.fool.com/quote/nok,0,hannousse,2026-09-28,
Q00446,http://www.dummies.com/computers/pcs/chromebook-find-files-with-the-files-app/,0,hannousse,2026-09-28,
Q00447,http://phoenixlocksmith-az.com/prole/?p,1,hannousse,2026-09-28,
Q00448,https://www.scribd.com/doc/23493398/herpesvirus-lecture-ppt,0,hannousse,2026-09-28,
Q00449,http://www.sos03.com/sites/default/files/wp-includes/images/Chase-Online.html,1,hannousse,2026-09-28,
Q00450,https://www.kj-1.de/,0,hannousse,2026-09-28,
Q00451,http://emojidictionary75d139b8243558347d778dafc4b938fe.dns-cloud.net/jjjpp/indexa.php,1,hannousse,2026-09-28,
Q00452,http://www.altiusdirectory.com/Sports/australian-open-tennis-prize-money.html,0,hannousse,2026-09-28,
Q00453,http://ttdancestudio.com/ap_application/application/controllers/tesla,1,hannousse,2026-09-28,
Q00454,http://189.36.52.206/#!/login,1,hannousse,2026-09-28,
Q00455,https://vexorsites.com.br/MAIL/excelzz/bizmail.php?email=&_rand=13vqcr8bp0gud&lc=1033&id=64855&mkt=en-us&cbcxt=mai&snsc=1,1,hannousse,2026-09-28,
Q00456,https://simegg.city/,0,hannousse,2026-09-28,
Q00457,http://www.dianaimpex.com/js/page.html,1,hannousse,2026-09-28,
Q00458,http://shadetreetechnology.com/V4/validation/6b5b63d5e01df62fc5ac9ad12f17714b,1,hannousse,2026-09-28,
Q00459,http://dictionary.babylon-software.com/latency/,0,hannousse,2026-09-28,
Q00460,http://osxdaily.com/tag/screen-savers/,0,hannousse,2026-09-28,
Q00461,http://www.coureurdesbois.fr/,0,hannousse,2026-09-28,
Q00462,http://www.cs.cornell.edu/courses/cs312/2002sp/lectures/lec20/lec20.htm,0,hannousse,2026-09-28,
Q00463,https://viavarejopontofriocdt.elancers.net,1,hannousse,2026-09-28,
Q00464,https://www.mihraphaber.com/,0,hannousse,2026-09-28,
Q00465,http://www.awtv.ru/,0,hannousse,2026-09-28,
Q00466,https://squamish.ca/assets/PDF/3.11-Transportation-Hub-Report-Bunt-March-2009.pdf,0,hannousse,2026-09-28,
Q00467,http://www.nascar.com/buy-tickets/,0,hannousse,2026-09-28,
Q00468,https://www.provenancevineyards.com/,0,hannousse,2026-09-28,
Q00469,https://www.droneshop.com/,0,hannousse,2026-09-28,
Q00470,http://www.stencilwarehouse.com/,0,hannousse,2026-09-28,
Q00471,http://www.kelkoo.de/,0,hannousse,2026-09-28,
Q00472,http://pluggedingolf.com/ping-g-irons-review/,0,hannousse,2026-09-28,
Q00473,http://cas-cz.atwebpages.com/,1,hannousse,2026-09-28,
Q00474,http://resoluciones.ugel01.gob.pe/capacitacion/blocks/attendance/fibank__eliminado/account,1,hannousse,2026-09-28,
Q00475,http://jokshet.carrotstown.com/t/2TalYpCZ,0,hannousse,2026-09-28,
Q00476,http://steamcommunity.com/app/238960,0,hannousse,2026-09-28,
Q00477,http://www.wikihow.com/Identify-Passive%E2%80%90Aggressive-Behavior,0,hannousse,2026-09-28,
Q00478,https://www.davar1.co.il/,0,hannousse,2026-09-28,
Q00479,http://appleid.dk-login-id-customer-found.bluedogtimberworks.com.au/?kjh34f=,1,hannousse,2026-09-28,
Q00480,http://encryptdrive.booogle.net/,1,hannousse,2026-09-28,
Q00481,http://betasusgirisadresi.blogspot.com,1,hannousse,2026-09-28,
Q00482,https://www.techopedia.com/definition/24205/open-systems-interconnection-model-osi-model,0,hannousse,2026-09-28,
Q00483,http://anna-volkova.blogspot.com,0,hannousse,2026-09-28,
Q00484,http://hepsibahiis1.blogspot.com,1,hannousse,2026-09-28,
Q00485,https://sites.google.com/site/dbhbhbhj/,1,hannousse,2026-09-28,
Q00486,https://www.docontherun.com/,0,hannousse,2026-09-28,
Q00487,https://www.techopedia.com/definition/3337/command-line-interface-cli,0,hannousse,2026-09-28,
Q00488,https://www.garrettsbridges.com/popsicle-bridges/100-stick-popsicle-bridge-21-howe-truss/,0,hannousse,2026-09-28,
Q00489,http://zgzgay.blogspot.com/,0,hannousse,2026-09-28,
Q00490,http://www.habfurdo.com/wp-content/plugins/bbpress/home/signin/Security/myaccount/signin/,1,hannousse,2026-09-28,
Q00491,https://www.coablog.org/,0,hannousse,2026-09-28,
Q00492,http://bit.do/fz2Es,1,hannousse,2026-09-28,
Q00493,http://www.golfbidder.co.uk/clubbrand/PI/3/Ping_iron_set.html,0,hannousse,2026-09-28,
Q00494,https://2f2f2f2f2f2f2fcachedwww.thejigsawpuzzles.com/Bridges/Canadian-Freighter-in-Lorain-Ohio-jigsaw-puzzle,0,hannousse,2026-09-28,
Q00495,http://jcs.biologists.org/content/joces/117/25/6061.full.pdf,0,hannousse,2026-09-28,
Q00496,http://twitter1243652.dx.am/,1,hannousse,2026-09-28,
Q00497,http://www.bloghug.com/search-engines/,0,hannousse,2026-09-28,
Q00498,http://zerbe-medien.com/blog/control/,1,hannousse,2026-09-28,
Q00499,http://www.thefreedictionary.com/gateway,0,hannousse,2026-09-28,
Q00500,https://nab.support.fortscratchley.org.au/,1,hannousse,2026-09-28,
Q00501,http://www.cannonscombine.com/,0,hannousse,2026-09-28,
Q00502,http://fricidemamici.ro,0,hannousse,2026-09-28,
Q00503,http://www.12yards.ru/wp-content/plugins/ups/ups/ups/UPS.htm,1,hannousse,2026-09-28,
Q00504,http://owavoice.hi-riserofing.com/,1,hannousse,2026-09-28,
Q00505,http://worldbank-pk.org/pp/,1,hannousse,2026-09-28,
Q00506,http://u10084924.ct.sendgrid.net/ls/click?upn=SUr4b5585qbQyA5LBh0cprcX9yGxzuKRiPmK1eOyGjnFAjPT3peF3hZBU5GBT5LB-2F-2B8RQoVKizdN6jZII2WoXKREC-2F59ArXVRryxHjm0Vl4-3D2Nk5_adLR-2Bo5mfbjm7FG5I6PoQ1GVR6lgb9L5-2FnJ-2FDbcFMgYPbFVI6bxW0n-2BJlNZ-2FkSxprRH5HVbfGLu4f-2FOYZZcGyRV5V7XlMPiv3bPHgGjTFcQq69gZ82b-2Bu3aKRz2G4rbkTGBsATWHN-2B3T7ix5-2BOYOxqRVLPPnOm6Tvj7Y40BwgAW-2BV0wy5oLTvYyX0T6hcQz4S7FvFwReqce-2FiyfG4WApIQ-3D-3D,1,hannousse,2026-09-28,
Q00507,http://www.unlvirtual.edu.ar/,0,hannousse,2026-09-28,
Q00508,https://fdyf5.app.link/zaPJe9Pfh2?sdasdasdsadsad,1,hannousse,2026-09-28,
Q00509,http://sneiderpruebas.000webhostapp.com/,1,hannousse,2026-09-28,
Q00510,http://www.wikihow.com/Make-Protein-Pancakes,0,hannousse,2026-09-28,
Q00511,http://mchr3k.github.io,0,hannousse,2026-09-28,
Q00512,http://www.jobs.net/jobs/apstemps,0,hannousse,2026-09-28,
Q00513,https://app66560000.blogspot.com/,1,hannousse,2026-09-28,
Q00514,http://app.acess24hrsportal.com/,1,hannousse,2026-09-28,
Q00515,http://www.agrotube.ru/wp-content/plugins/ubh/secure/httpdocs/secure/update/,1,hannousse,2026-09-28,
Q00516,http://orchardgirls.blogspot.com/,0,hannousse,2026-09-28,
Q00517,http://www.uptodate.com/contents/epidemiology-risk-factors-and-natural-history-of-peripheral-artery-disease,0,hannousse,2026-09-28,
Q00518,http://20200728121023.res4po1ns5ive.rj.r.appspot.com/sw/index.html,1,hannousse,2026-09-28,
Q00519,http://fbproject4df3409fkl342ef043.el.r.appspot.com/,1,hannousse,2026-09-28,
Q00520,http://redeabreu.com.br/wp-includes/painel-de-controle-clientes/home/painelprincipal/,1,hannousse,2026-09-28,
Q00521,https://www.ticketweb.com/,0,hannousse,2026-09-28,
Q00522,https://www.bp-atualiza-app.com/69653a0e-535f-11ea-a343-de1c0c80abb90/ibpf/inicial,1,hannousse,2026-09-28,
Q00523,http://setuprouter.com/router/tp-link/tl-wr740n/manual-737.pdf,0,hannousse,2026-09-28,
Q00524,http://www.pianolessons4children.com/lessons/,0,hannousse,2026-09-28,
Q00525,http://www.vpi.us/cat5-5e-6-standards.html,0,hannousse,2026-09-28,
Q00526,http://www.madmoizelle.com/,0,hannousse,2026-09-28,
Q00527,https://www.salaryvoice.com/mri-technician-salary,0,hannousse,2026-09-28,
Q00528,http://wiki.networksecuritytoolkit.org/images/NETGEAR_Whitepaper_10_Gigabit.pdf,0,hannousse,2026-09-28,
Q00529,http://storage.googleapis.com/tetsalala-62c12.appspot.com/76yuv6fv/tduyttf.d,1,hannousse,2026-09-28,
Q00530,http://www.elbowarea.com/PL/PL_alegro/?uclick=e2qea9a6,1,hannousse,2026-09-28,
Q00531,http://justlookapp.com/blog/wp-content/themes/storefront/assets/fonts/08e15334953fdade8356f27b07e32380/info.php,1,hannousse,2026-09-28,
Q00532,https://www.naturalgasworld.com/,0,hannousse,2026-09-28,
Q00533,http://www.fotoshkola-druzya.ru/,0,hannousse,2026-09-28,
Q00534,https://en.m.wikipedia.org/wiki/Co-transport,0,hannousse,2026-09-28,
Q00535,http://www.ciclismo-online.it/ma/,1,hannousse,2026-09-28,
Q00536,http://cort.as/-FgvH,1,hannousse,2026-09-28,
Q00537,http://en.citizendium.org/wiki/Router_(tool),0,hannousse,2026-09-28,
Q00538,http://www.accuradio.com/,0,hannousse,2026-09-28,
Q00539,https://www.centromusicalpaternense.es/wp-includes/css/,1,hannousse,2026-09-28,
Q00540,https://www.pinterest.com/explore/command-hooks/,0,hannousse,2026-09-28,
Q00541,http://outlook-webapp-portal.el.r.appspot.com/linkedrecruiter.html,1,hannousse,2026-09-28,
Q00542,https://intergirisi.blogspot.com/,1,hannousse,2026-09-28,
Q00543,http://nbtes.simply-winspace.it/fr-fr-v1/Account/Laptop/Sign-In.php?websrc=59c275dc2e97dd3b896ed4ff2b82a8fd&dispatched=39&id=823916409,1,hannousse,2026-09-28,
Q00544,https://openoffice.com.pl/wp-content/plugins/dup/full-access/privetconfiguration/datauser/StartInfo/teamsecure/update2020/ReceivedTeam/startfirstsetup2020/StartID50694930302393940G6/Updateinfo/Customers/info/verify/team/help/procedure/set-up/,1,hannousse,2026-09-28,
Q00545,http://www.arkive.org/house-mouse/mus-musculus/,0,hannousse,2026-09-28,
Q00546,https://www.todopad.es/,0,hannousse,2026-09-28,
Q00547,http://secure-login-portal-outlook.el.r.appspot.com/dashboard/login.ph,1,hannousse,2026-09-28,
Q00548,https://20200803092647-dot-sgn-hi0-wrk.appspot.com/,1,hannousse,2026-09-28,
Q00549,https://lab.nltvc.com/users/sign_in,1,hannousse,2026-09-28,
Q00550,http://www.soaprecipes101.com/homemade-soap-recipes/insecticidal-soap-recipe/,0,hannousse,2026-09-28,
Q00551,http://dorkdiaries.co.uk,0,hannousse,2026-09-28,
Q00552,http://ilovefuzz.com/viewtopic.php?f=149&t=43267&mobile=mobile,0,hannousse,2026-09-28,
Q00553,http://201.163.98.162/crm/jssource/src_files/modules/Project/home/de102cc29dbc05509b7f97227/r1.php,1,hannousse,2026-09-28,
Q00554,http://www.christieclinic.com/,0,hannousse,2026-09-28,
Q00555,http://153284594738391.statictab.com/2506080/?signed_request=vLSGIn9-mAPLo6LyP7j3KlFSRK21rVpIY43KPlBTDWI.eyJhbGdvcml0aG0iOiJITUFDLVNIQTI1NiIsImlzc3VlZF9hdCI6MTQxNjU0NDIzNywicGFnZSI6eyJpZCI6IjQ2MDk4ODc5NzI3ODA2NyIsImFkbWluIjpmYWxzZSwibGlrZWQiOnRydWV9LCJ1c,1,hannousse,2026-09-28,
Q00556,http://asyabahisgiris1.blogspot.com,1,hannousse,2026-09-28,
Q00557,http://espace-client.fr/raccourci.php,1,hannousse,2026-09-28,
Q00558,http://www.yourdictionary.com/public-domain,0,hannousse,2026-09-28,
Q00559,http://ht.ly/Yu3l30qydcX,1,hannousse,2026-09-28,
Q00560,https://www.youtube.com/watch?v=iM3PBcenzz8,0,hannousse,2026-09-28,
Q00561,https://drive.google.com/file/d/1YV6DIzGh3i0YStC0d1wAqutQPBaVKTkW/view?usp=drive_web,1,hannousse,2026-09-28,
Q00562,http://www.imx6rex.com/open-rex/,0,hannousse,2026-09-28,
Q00563,https://katiepiperfoundation.org.uk/,0,hannousse,2026-09-28,
Q00564,https://genius.com/Kendrick-lamar-dna-lyrics,0,hannousse,2026-09-28,
Q00565,http://microsov.oa.r.appspot.com/admin/b.php,1,hannousse,2026-09-28,
Q00566,https://o365apps.oa.r.appspot.com/jim@thejimburkefamily.com,1,hannousse,2026-09-28,
Q00567,http://www.50plus.de/,0,hannousse,2026-09-28,
Q00568,http://brighant.com/1122/?sec=Danielle,1,hannousse,2026-09-28,
Q00569,https://www.internetslang.com/CLI-meaning-definition.asp,0,hannousse,2026-09-28,
Q00570,https://www.secureupdate.appleld.com.duilawyeryork.com/ap/2580d5c4a79eb56?cmd=_update&dispatch=2580d5c4a79eb56ac&locale=_,1,hannousse,2026-09-28,
Q00571,http://www.gok.wladyslawow.pl/libraries/joomla/registry/format/,1,hannousse,2026-09-28,
Q00572,https://asadg43sdsa.appspot.com/,1,hannousse,2026-09-28,
Q00573,https://drive.google.com/file/d/1HdVx7J89H5l7yz39iDGzhQji93JnkL_c/view,1,hannousse,2026-09-28,
Q00574,https://www.pneushop.cz/,0,hannousse,2026-09-28,
Q00575,https://emsi-lobo.firebaseapp.com/,1,hannousse,2026-09-28,
Q00576,http://www.duplex.co.at/,0,hannousse,2026-09-28,
Q00577,http://secure-login-portal-outlook.el.r.appspot.com/logi.html,1,hannousse,2026-09-28,
Q00578,https://nnaudiryfhrreqjz.com/or,1,hannousse,2026-09-28,
Q00579,https://financiallifecoaching.builderallwp.com/wp-content/themes/skanda/?qzwoiiniuGYTRYwysvwedbygVDRwydgCCYyueuuyywUBYVYUbxuWu,1,hannousse,2026-09-28,
Q00580,http://redwhite.tj/wp-includes/Text/Diff/Engine/slm/english%20newchn/newchn/index.php,1,hannousse,2026-09-28,
Q00581,http://mvhp.com.br/blog/profile/,1,hannousse,2026-09-28,
Q00582,http://fbverify.webcindario.com/index.html,1,hannousse,2026-09-28,
Q00583,http://fisioterapiayterapiaocupacional.blogspot.com/,0,hannousse,2026-09-28,
Q00584,https://www.musikexpress.de/,0,hannousse,2026-09-28,
Q00585,http://www.nchsoftware.com/ftp/index.html,0,hannousse,2026-09-28,
Q00586,http://zaudrenduvent.fr/img/,1,hannousse,2026-09-28,
Q00587,https://popcornmultimedia.com/wp-content/upgrade/raccs/linkedin.com/linkedin.com/linkedin.com/linkedin/LinkedIn.html?email=jim@thejimburkefamily.com,1,hannousse,2026-09-28,
Q00588,https://www.jwhulmeco.com/,0,hannousse,2026-09-28,
Q00589,https://www.youtube.com/user/CommanderHolly,0,hannousse,2026-09-28,
Q00590,http://wattpadsecure.000webhostapp.com/,1,hannousse,2026-09-28,
Q00591,http://lovenlustdesigns.blogspot.com,0,hannousse,2026-09-28,
Q00592,http://interbahiss1.blogspot.com,1,hannousse,2026-09-28,
Q00593,http://intims.com.ua/wp-content/plugins/ubh/Boffa/onlinebanofamerica/login.php?cmd=login_submit,1,hannousse,2026-09-28,
Q00594,https://7d54v.app.link/yEnzR6hnj8,1,hannousse,2026-09-28,
Q00595,https://geenstraling.nl/,0,hannousse,2026-09-28,
Q00596,http://www.avitishospital.com/ddmenu/Alibaba.com/Login.htm,1,hannousse,2026-09-28,
Q00597,http://perkpolder.com/wp/wp-content/plugins/contact-form-12/redirect.php,1,hannousse,2026-09-28,
Q00598,http://www.shellyfergusonphotography.com,0,hannousse,2026-09-28,
Q00599,http://www.sinaweb.net/,0,hannousse,2026-09-28,
Q00600,http://www.4allmemory.com/,0,hannousse,2026-09-28,
Q00601,http://www.theotherartfair.com/,0,hannousse,2026-09-28,
Q00602,https://www.scribd.com/doc/22594454/ADVANTAGES-OF-FIREWALL,0,hannousse,2026-09-28,
Q00603,https://dpqlhwdclpvxddsghcaztkqbtalxnwgrswpp-dot-gl494903049.wl.r.appspot.com/,1,hannousse,2026-09-28,
Q00604,http://horario.app:443/new/acrobat/view.php,1,hannousse,2026-09-28,
Q00605,http://grupwasekolah.000webhostapp.com/login.php,1,hannousse,2026-09-28,
Q00606,http://tlook-off365-signin.el.r.appspot.com/app/index/index.html,1,hannousse,2026-09-28,
Q00607,http://opteckm.my-free.website/,1,hannousse,2026-09-28,
Q00608,https://www.azchords.com/m/machinetranslations-tabs-62768/amnesia1-tabs-864781.html,0,hannousse,2026-09-28,
Q00609,http://gg.gg/itoken-itaucard2-0,1,hannousse,2026-09-28,
Q00610,http://www.i-m.mx/hawaii/hawaii/,1,hannousse,2026-09-28,
Q00611,http://www.nhs.uk/Conditions/peripheralarterialdisease/Pages/Treatment.aspx,0,hannousse,2026-09-28,
Q00612,https://leyendas.gob.pe/,0,hannousse,2026-09-28,
Q00613,https://1drv.ms/b/s!AnSp6MIjwcqubF6w6W7f9Eeekmk?e=E46MPA,1,hannousse,2026-09-28,
Q00614,http://detes.sk/1122/?sec=Susan,1,hannousse,2026-09-28,
Q00615,https://immo.numeriklabs.com/region/CA-2.0/CA/,1,hannousse,2026-09-28,
Q00616,https://www.dropbox.com/s/8jlk677mjpkt7zo/Balance_Summary.htm?dl=1,1,hannousse,2026-09-28,
Q00617,http://www.sagam.sn/images/mailerhome.php,1,hannousse,2026-09-28,
Q00618,http://pudhari.news,0,hannousse,2026-09-28,
Q00619,http://www.1948.org.uk/un-resolution-181/,0,hannousse,2026-09-28,
Q00620,http://naranjito.gob.ec/site/wp-includes/certificates/red_owa,1,hannousse,2026-09-28,
Q00621,http://shriganeshchemical.com/nz/,1,hannousse,2026-09-28,
Q00622,https://en.wikisource.org/wiki/United_Nations_Security_Council_Resolution_678,0,hannousse,2026-09-28,
Q00623,https://carlosdev.wordpress.com/,0,hannousse,2026-09-28,
Q00624,http://tounyou11.com/cart/,1,hannousse,2026-09-28,
Q00625,https://bit.ly/Itaucartoes,1,hannousse,2026-09-28,
Q00626,http://portal.prizesforall.com//?id=YSokqfs2djpsdO0BMzRadHVPzmBflqbcmhuWVfoAzvofO6%2F%2FthPZIU4EQR147UGA1UK9x54awtMfJjUbuSHn8FECp3eb3JTg72k7nMrUQ5Mj9hTyJEZH%2BHQAnR7A%2BMVcZAZfpD%2B6mhnyhMdynTY%2F90I0tYxbe00m%2B0I0V2Qvz5lnLrkWnZ8GOXuzrSslUYPGY8V8CUD%2FcTTEcWx0YJwrVXEDxzfYEtviJzcywcYQpuLooFU6VNqdQ2v%2BosvcRQAfgaCjryd7cizi%2FrKmsqj0VLYQIi6daE9cDPMjFlHdWfg%3D,1,hannousse,2026-09-28,
Q00627,http://www.instohelp.com/assets_flight/libs/bootstrap/cmcst-wl.html,1,hannousse,2026-09-28,
Q00628,http://www.chaturbatemales.com/,0,hannousse,2026-09-28,
Q00629,http://baby-lim.com/clovvy,1,hannousse,2026-09-28,
Q00630,http://www.dd-wrt.com/wiki/index.php/Mesh_Networking_with_OLSR,0,hannousse,2026-09-28,
Q00631,http://mmp.zaridi.to/B4E58FC2F11637F7CF949F4D39F54985,1,hannousse,2026-09-28,
Q00632,http://www.lor-astma.ru/,0,hannousse,2026-09-28,
Q00633,http://www.equinsight.com/media/cms,1,hannousse,2026-09-28,
Q00634,https://www.opentable.ae/,0,hannousse,2026-09-28,
Q00635,https://www.intuilab.com/digital-signage-software,0,hannousse,2026-09-28,
Q00636,http://www.justlookapp.com/blog/wp-content/themes/storefront/assets/fonts/dda3de00eaa48d7d3027af0333a04afa,1,hannousse,2026-09-28,
Q00637,http://www.arlberg-skifuehrer.com/06BFE1092A068A329FD238558EB61EF4/,1,hannousse,2026-09-28,
Q00638,https://amigobulls.com/stocks/NOK/analysis,0,hannousse,2026-09-28,
Q00639,https://bbfunding-my.sharepoint.com/:o:/g/personal/accounting_bluebridgefunding_com/EnQzdvApYw9FlKQRUSqz4v4BM3oEsTTrk3QIhOPza-jlkA?e=WSiTGh,1,hannousse,2026-09-28,
Q00640,http://fr.chromeproxy.net/direct/aHR0cHM6Ly93d3cuZmFjZWJvb2suY29tL2ltcHJlc3Npb24ucGhwL2YyNDI2ZTg0YTRkMDM4OC8_YXBpX2tleT0yNjA4OTA1NDcxMTUmbGlkPTExNSZwYXlsb2FkPSU3QiUyMnNvdXJjZSUyMiUzQSUyMmpzc2RrJTIyJTdE,1,hannousse,2026-09-28,
Q00641,http://vasir.net/blog/gamedesgin/dijkstras_algorithm_shortest_path/,0,hannousse,2026-09-28,
Q00642,https://www.connectionstrings.com/textfile/,0,hannousse,2026-09-28,
Q00643,http://gabung-gruppwhattsapp18.port25.biz/,1,hannousse,2026-09-28,
Q00644,http://24d65ec4693040079.temporary.link/E0G6R5F46E9R8F4FRVET/TRACKING-NUMBER/6EZF8E4GERF6ER65ER65/id.html,1,hannousse,2026-09-28,
Q00645,http://phx.blewpass.com/direct/aHR0cHM6Ly9tb2JpbGUuZmFjZWJvb2suY29tL2xvZ2luLnBocD9uZXh0PWh0dHBzJTNBJTJGJTJGbW9iaWxlLmZhY2Vib29rLmNvbSUyRm5vdGlmaWNhdGlvbnMucGhwJTNGcmVmX2NvbXBvbmVudCUzRG1iYXNpY19ob21lX2hlYWRlciUyNnJlZl9wYWdlJTNEJTI1MkZ3YXAlMjUyRmhvbWUucGhwJTI2cmVmaWQlM0Q3JnJlZnNyYz1odHRwcyUzQSUyRiUyRm1vYmlsZS5mYWNlYm9vay5jb20lMkZub3RpZmljYXRpb25zLnBocCZyZWZpZD03JnJlZl9jb21wb25lbnQ9bWJhc2ljX2hvbWVfaGVhZGVyJl9yZHI-,1,hannousse,2026-09-28,
Q00646,http://twsport.com.tw,0,hannousse,2026-09-28,
Q00647,http://szegedtourism.hu/hu/fooldal/,0,hannousse,2026-09-28,
Q00648,http://donplitka.in.ua/includes/js/up/aicces/myaccount/index.php?enc=277200d52010e6ca7b309ea7fc06b8d4&amp;p=0&amp;dispatch=eded71df43e27c778c1ab8379ea91ca23655e6f2,1,hannousse,2026-09-28,
Q00649,http://rockysite.net/i_login/,1,hannousse,2026-09-28,
Q00650,https://est1933-my.sharepoint.com/:b:/g/personal/lyndzie_blum_ejgallo_com/EV3bzxltlYFEhhuKDJUJhkABai8SDINaVPVzbYucMa__yw?e=KVajE7,1,hannousse,2026-09-28,
Q00651,http://intelligence-informatique.fr.nf/SAMI/JAVA/,1,hannousse,2026-09-28,
Q00652,https://sylviamclain-my.sharepoint.com/personal/sylvia_sylviamclain_com/_layouts/15/WopiFrame.aspx?guestaccesstoken=UPb1cRnmNypLjdqQCkkArBjkN2Rlitq4OTpLJlYYSoE%3d&docid=1_1c137d9cfdf0c4518a86e6db683563e30&wdFormId=%7B79C56373%2D6E2C%2D4F1C%2D9679%2D6C47534174D5%7D&action=formsubmit,1,hannousse,2026-09-28,
Q00653,http://www.fuentesfidedignas.com.mx/portal2014/modules/mod_finder/www.bradesco.com.br/identificacao.jsa?email,1,hannousse,2026-09-28,
Q00654,http://ecotaskforce.com/Master/fronts/66.998.09.754,1,hannousse,2026-09-28,
Q00655,https://www.liberopensiero.eu/,0,hannousse,2026-09-28,
Q00656,http://secureupdate.appleld.com.duilawyeryork.com/ap/f135e31d79d0b2a/?cmd=_update&dispatch=f135e31d79d0b2ae1&locale=_,1,hannousse,2026-09-28,
Q00657,https://tinyurl.com/y5npwxnp,1,hannousse,2026-09-28,
Q00658,https://books.google.com.et/books?id=KpY1hpKKwdQC&printsec=frontcover&hl=tr&source=gbs_atb,0,hannousse,2026-09-28,
Q00659,http://www.helpathome.com/,0,hannousse,2026-09-28,
Q00660,https://lunapark.com.au/,0,hannousse,2026-09-28,
Q00661,https://www.mofo.com/resources/publications/170609-financial-choice-act.html,0,hannousse,2026-09-28,
Q00662,http://handle.booktobi.com/img/rank/,1,hannousse,2026-09-28,
Q00663,http://smskhoon.blogsky.com,0,hannousse,2026-09-28,
Q00664,https://www.marsbahis272.com/?btag=655160_8F21225E5CBB4D50BAAC51EBE0EAA842,1,hannousse,2026-09-28,
Q00665,https://absa.ent.box.com/,1,hannousse,2026-09-28,
Q00666,http://www.passwordlogic.com/index.jhtml,0,hannousse,2026-09-28,
Q00667,https://rekapuolam.blogspot.com,1,hannousse,2026-09-28,
Q00668,http://lanzaroteinformation.co.uk,0,hannousse,2026-09-28,
Q00669,http://www.bacanal.com.ar/,0,hannousse,2026-09-28,
Q00670,http://www.businessdictionary.com/definition/office-automation.html,0,hannousse,2026-09-28,
Q00671,https://amazon.co.jp.access.usid-9452.mixh.jp/,1,hannousse,2026-09-28,
Q00672,http://www.worldpress.org/specials/Iraq/unscr678.htm,0,hannousse,2026-09-28,
Q00673,http://www.thefreedictionary.com/MultiMediaCard,0,hannousse,2026-09-28,
Q00674,http://www.slideshare.net/rosyqueen98/sms-school,0,hannousse,2026-09-28,
Q00675,https://en.wikipedia.org/wiki/Circular_segment,0,hannousse,2026-09-28,
Q00676,https://www.impotspublicservice.com/1b29135e09b339865c5b33a2f5370692/info.php,1,hannousse,2026-09-28,
Q00677,http://www.healthline.com/health/idiopathic-neuropathy,0,hannousse,2026-09-28,
Q00678,http://www.site2design.ir/index.php,0,hannousse,2026-09-28,
Q00679,http://vconlakte.hop.ru,1,hannousse,2026-09-28,
Q00680,https://www.247limocarservice.com/wp-content/full-information/securedloginconfiguration/datauserID/Start-Setup/teams/update2K20/Receivedinfo/setup2020/StartIDPP009462049504934P/Update/Customers/info/verification/Supportt/help/procedures/set-up,1,hannousse,2026-09-28,
Q00681,https://www.markadomains.com/AbsaOnline/AbsaLogin.htm,1,hannousse,2026-09-28,
Q00682,http://www.alterhouz.com/,0,hannousse,2026-09-28,
Q00683,https://www.secureupdate.appleld.com.duilawyeryork.com/ap/65e7c3ac382597a?cmd=_update&dispatch=65e7c3ac382597a26&locale=_US,1,hannousse,2026-09-28,
Q00684,https://tradefactsltd.co.uk/ibank/login.php?contextid%C2%B5soft=$2y$12,1,hannousse,2026-09-28,
Q00685,https://user7770001255.el.r.appspot.com/E-mail,1,hannousse,2026-09-28,
Q00686,http://www.dfshkqbzt.holopokor.com/admine/voscomptes/banqueposataleservice/postale.activation,1,hannousse,2026-09-28,
Q00687,https://casinosoft.vip/php/arg/index.php?https://hb.redlink.com.ar/bna/login.htm,1,hannousse,2026-09-28,
Q00688,http://night-kingdom.mysteria.cz/786/?sec=MaraikeP,1,hannousse,2026-09-28,
Q00689,http://www.avevaconstruction.com/blesstool/image.htm,1,hannousse,2026-09-28,
Q00690,https://www.jogosonlinedemenina.com.br/,0,hannousse,2026-09-28,
Q00691,https://www.freebsdmall.com/cgi-bin/fm/history,0,hannousse,2026-09-28,
Q00692,https://www.blackswallow.com.au/,0,hannousse,2026-09-28,
Q00693,https://mobile-my3.com/three/,1,hannousse,2026-09-28,
Q00694,https://docs.google.com/forms/d/e/1FAIpQLScoFPnLUf9ECBILm_EvsGOunVi2rvGFDgZxXCCe9iYmqsU-Kw/viewform?usp=sf_link,1,hannousse,2026-09-28,
Q00695,http://bolkyaresha.in,1,hannousse,2026-09-28,
Q00696,http://www.dictionarist.com/image+scanner,0,hannousse,2026-09-28,
Q00697,https://santande15.sslblindado.com/vangoh/pessoa-fisica/santander-van-gogh/Atendimento,1,hannousse,2026-09-28,
Q00698,https://www.lithan.com/international/,0,hannousse,2026-09-28,
Q00699,http://www.animamillenaria.it/,0,hannousse,2026-09-28,
Q00700,https://grabyourcode.com/paypal/adder/index.html,1,hannousse,2026-09-28,
Q00701,http://union.gr/components/MIEN/index.html,1,hannousse,2026-09-28,
Q00702,http://www.mathsisfun.com/geometry/symbols.html,0,hannousse,2026-09-28,
Q00703,https://drive.google.com/file/d/0BzvkYtxLTJZjMzYwcTJwZ2g5ZFE/view?usp=sharing,1,hannousse,2026-09-28,
Q00704,http://www.wisegeek.com/what-is-a-lan.htm,0,hannousse,2026-09-28,
Q00705,http://secureupdate.appleld.com.duilawyeryork.com/ap/565c24af3112549/?cmd=_update&dispatch=565c24af311254927&locale=_US,1,hannousse,2026-09-28,
Q00706,https://www.gamedev.tv/,0,hannousse,2026-09-28,
Q00707,http://muzbazar.pro,0,hannousse,2026-09-28,
Q00708,http://www.ietf.org/rfc/rfc3031,0,hannousse,2026-09-28,
Q00709,http://www.acbl.org/learn_page/how-to-play-bridge/,0,hannousse,2026-09-28,
Q00710,http://forum.thefreedictionary.com/postst11355_Computer-mouse-plural--mice-too-.aspx,0,hannousse,2026-09-28,
Q00711,http://ethpromo-giveaway.atspace.cc/,1,hannousse,2026-09-28,
Q00712,http://www.passivehousecanada.com/,0,hannousse,2026-09-28,
Q00713,https://www.spelbutiken.se/,0,hannousse,2026-09-28,
Q00714,http://www.forlocations.com/savealot,0,hannousse,2026-09-28,
Q00715,https://www.beautease.com/,0,hannousse,2026-09-28,
Q00716,http://www.mereliverystables.com/user1/alibaba/alibaba.com/login.php?cmd=login_submit&amp;id=c5e026bd80f2572150f9f87f32b63fc3c5e026bd80f2572150f9f87f32b63fc3&amp;session=c5e026bd80f2572150f9f87f32b63fc3c5e026bd80f2572150f9f87f32b63fc3,1,hannousse,2026-09-28,
Q00717,http://eltabudelasreligiones.blogspot.com/,0,hannousse,2026-09-28,
Q00718,https://www.cardinalcommerce.com/,0,hannousse,2026-09-28,
Q00719,https://ayjegvgm.livedrive.com/item/d0e80f15fced43ee86a8d580e339bc63,1,hannousse,2026-09-28,
Q00720,https://www.grundschulkoenig.de/,0,hannousse,2026-09-28,
Q00721,http://bpl.kr/6aB?3928392?9382,1,hannousse,2026-09-28,
Q00722,https://en.wikisource.org/wiki/United_Nations_General_Assembly_Resolution_181,0,hannousse,2026-09-28,
Q00723,http://birrasalentoshop.it/help/Login/identity/signin/myaccount/signin,1,hannousse,2026-09-28,
Q00724,https://betasus09.blogspot.com,1,hannousse,2026-09-28,
Q00725,https://en.wikipedia.org/wiki/Nice,0,hannousse,2026-09-28,
Q00726,http://www.moreprocess.com/operating-systems/contiguous-linked-list-storage-allocation-of-files-using-fat-file-allocation-table-i-nodes,0,hannousse,2026-09-28,
Q00727,http://www.elecdude.com/2012/12/avr-spi-serial-pheripheral-interface.html,0,hannousse,2026-09-28,
Q00728,http://routertablereviews.net/,0,hannousse,2026-09-28,
Q00729,http://www.dafont.com/computerfont.font,0,hannousse,2026-09-28,
Q00730,https://aparejodefortuna.wordpress.com/,0,hannousse,2026-09-28,
Q00731,https://www.otto-junker.com/en/,0,hannousse,2026-09-28,
Q00732,https://www.megachords.com/gigi/chords/amnesia/,0,hannousse,2026-09-28,
Q00733,https://vip-phone.hu/,0,hannousse,2026-09-28,
Q00734,http://www.phoenixlocksmith-az.com/prole/?p[]=prole,1,hannousse,2026-09-28,
Q00735,http://www.emis.de/journals/NSJOM/Papers/38_3/NSJOM_38_3_227_234.pdf,0,hannousse,2026-09-28,
Q00736,http://user7770001255.el.r.appspot.com/wp-content,1,hannousse,2026-09-28,
Q00737,http://adexten.com/lp16?type=media&amp;pub_id=3408&amp;sub_id=0dbded6f8e0ca9f8a25dd7c9266b468004760078&amp;srcid=ca70c535-6bef-4945-a8dd-11ebe1ca89c1&amp;lang={{EXTRA_PARAM_2}}&amp;noepop=,1,hannousse,2026-09-28,
Q00738,https://www.aylshamcomputers.co.uk/,0,hannousse,2026-09-28,
Q00739,https://www.merriam-webster.com/dictionary/compact%20disc,0,hannousse,2026-09-28,
Q00740,https://www.shelfawareness.org/,0,hannousse,2026-09-28,
Q00741,https://www.davidwinogrondspacetet.com/0/MsgDelivery/pending/error.php?email=hein.pretorius@fin-q.com,1,hannousse,2026-09-28,
Q00742,http://navelec.com/products,0,hannousse,2026-09-28,
Q00743,https://www.redlinegroup.com/dsp-jobs,0,hannousse,2026-09-28,
Q00744,https://en.wikipedia.org/wiki/Command-line_interface,0,hannousse,2026-09-28,
Q00745,http://www.thefreedictionary.com/tabloid,0,hannousse,2026-09-28,
Q00746,http://samaco.com.sa,0,hannousse,2026-09-28,
Q00747,https://www.fruehlingsfest-muenchen.bayern/,0,hannousse,2026-09-28,
Q00748,https://www.okulumda.com/ionos/login.php?l=_JeHFUq_VJOXK0QWHtoGYDw1774256418&fid.13InboxLight.aspxn.1774256418&fid.125289964252813InboxLight99642_Product-email&email,1,hannousse,2026-09-28,
Q00749,http://www.contacthawk.com/templates/beez5/blog/78a2dd26a528700a916fc2ca005b1310/,1,hannousse,2026-09-28,
Q00750,http://shadetreetechnology.com/V4/validation/7f27157326be1be979463601329eab1c,1,hannousse,2026-09-28,
Q00751,https://glutino-v2.launchpaddev.com/wp-content/plugins/plugins/sharPnt/ShareFax/verification.php,1,hannousse,2026-09-28,
Q00752,http://www.leaddogweb.com/Docs/processing.html,1,hannousse,2026-09-28,
Q00753,http://psychology.wikia.com/wiki/Cladistics,0,hannousse,2026-09-28,
Q00754,https://promocao-oboticario.web.app/,1,hannousse,2026-09-28,
Q00755,http://www.techzoom.net/Tools/IPAddressCalculator,0,hannousse,2026-09-28,
Q00756,http://https.www.paypal.com.ttlart2012ttcysu.aylandirow.tmf.org.ru/ru/signin/,1,hannousse,2026-09-28,
Q00757,https://www.traildino.de/book.php?booksellerurl=https://mailhealthcheckin.com/img/?dock99882910303=honeypot@domain.com,1,hannousse,2026-09-28,
Q00758,https://www.baku.ru/,0,hannousse,2026-09-28,
Q00759,http://www.courgeon-immobilier.fr/wp-content/uploads/2019/07/tpg/fa2acd5487b1bef895a7453e5dc96013,1,hannousse,2026-09-28,
Q00760,https://bancol0mbiasa.webcindario.com/,1,hannousse,2026-09-28,
Q00761,https://www.w3schools.com/jsreF/jsref_obj_date.asp,0,hannousse,2026-09-28,
Q00762,https://www.codeproject.com/articles/19919/WebControls/,0,hannousse,2026-09-28,
Q00763,https://n9qyb.csb.app/,1,hannousse,2026-09-28,
Q00764,http://tradefactsltd.co.uk/ibank/index.php?email=abuse@example.com,1,hannousse,2026-09-28,
Q00765,https://bittyurl.co/s3edfs2,1,hannousse,2026-09-28,
Q00766,http://d48dkduy4mnnxh.du.r.appspot.com/dashboard,1,hannousse,2026-09-28,
Q00767,http://www.teseesays.com/workupdtes/Support/ID-NUMB878/myaccount/signin,1,hannousse,2026-09-28,
Q00768,http://freeform.go.com/switchedatbirth,0,hannousse,2026-09-28,
Q00769,http://apple.phoneidtw.com/,1,hannousse,2026-09-28,
Q00770,http://www.flamencotickets.com//,0,hannousse,2026-09-28,
Q00771,http://secureupdate.appleld.com.duilawyeryork.com/ap/8f90920021f9427,1,hannousse,2026-09-28,
Q00772,http://betasusorjinal1.blogspot.com,1,hannousse,2026-09-28,
Q00773,https://www.surveyrock.com/ts/G4T66F,1,hannousse,2026-09-28,
Q00774,https://www.halge.se/,0,hannousse,2026-09-28,
Q00775,http://www.fm-arena.de/,0,hannousse,2026-09-28,
Q00776,http://support-appleld.com.secureupdate.duilawyeryork.com/ap/3741bd1835208e9?cmd=_update&dispatch=3741bd1835208e95b&locale=_us,1,hannousse,2026-09-28,
Q00777,http://justlookapp.com/blog/wp-content/themes/storefront/assets/fonts/08e15334953fdade8356f27b07e32380/remboursement.php,1,hannousse,2026-09-28,
Q00778,https://en.wikipedia.org/wiki/Shielded_cable,0,hannousse,2026-09-28,
Q00779,http://www.tsv-birkenau.de/,0,hannousse,2026-09-28,
Q00780,http://www.patwarner.com/router_table.html,0,hannousse,2026-09-28,
Q00781,https://www.computerhope.com/jargon/c/cdrom.htm,0,hannousse,2026-09-28,
Q00782,http://www.wikihow.com/Get-a-Free-Internet-Connection,0,hannousse,2026-09-28,
Q00783,http://www.dd-wrt.com/wiki/index.php/Firewall,0,hannousse,2026-09-28,
Q00784,https://www.iconfinder.com/icons/858729/computer_mouse_icon_computer_mouse_line_icon_mouse_mouse_icon_mouse_line_icon_icon,0,hannousse,2026-09-28,
Q00785,http://spelectric.co.in/redirect/redirect.html,1,hannousse,2026-09-28,
Q00786,http://www.shouldiremoveit.com/network-packet-analyzer-164054-program.aspx,0,hannousse,2026-09-28,
Q00787,http://www.nogayxxx.com/,0,hannousse,2026-09-28,
Q00788,https://webank-info.com/,1,hannousse,2026-09-28,
Q00789,https://www.dkoldies.com/,0,hannousse,2026-09-28,
Q00790,http://denisehowells.com.au/ana/u.php?l=_JeHFUq_VJOXK0QWHtoGYDw_Product-UserID&amp;userid=,1,hannousse,2026-09-28,
Q00791,https://soude-masi.firebaseapp.com/,1,hannousse,2026-09-28,
Q00792,https://www.revista-ferma.ro/,0,hannousse,2026-09-28,
Q00793,http://test103126.test-account.com/AT&T-Login.htm,1,hannousse,2026-09-28,
Q00794,http://csrc.nist.gov/publications/nistpubs/800-41-Rev1/sp800-41-rev1.pdf,0,hannousse,2026-09-28,
Q00795,http://www.game.co.uk/en/games/nintendo-switch/nintendo-switch/,0,hannousse,2026-09-28,
Q00796,https://www.thrillist.com/venue/drink/austin/bar/hopdoddy-burger-bar,0,hannousse,2026-09-28,
Q00797,http://mnp-postscriptum.com/images/LoginVerification.html,1,hannousse,2026-09-28,
Q00798,http://87.138.95.150:8080/index.php,1,hannousse,2026-09-28,
Q00799,https://www.poetrysoup.com/dictionary/blackletter,0,hannousse,2026-09-28,
Q00800,http://bagru.info/t/BySXSWap,0,hannousse,2026-09-28,
Q00801,http://vkvzlomid.viptop.ru,1,hannousse,2026-09-28,
Q00802,http://www.radio-electronics.com/info/cellulartelecomms/3g-hspa/umts-high-speed-packet-access-tutorial.php,0,hannousse,2026-09-28,
Q00803,https://www.scientificamerican.com/article/succession-science-are-fingerprint-patterns-inherited/,0,hannousse,2026-09-28,
Q00804,https://giangua.dev.digiprojects.top/login.php?email=info@google.com,1,hannousse,2026-09-28,
Q00805,http://www.medicalert.org/,0,hannousse,2026-09-28,
Q00806,https://www.searchenginejournal.com/seo-101-getting-page-seo-basics/97871/,0,hannousse,2026-09-28,
Q00807,http://beesnaturals.com/u.php,1,hannousse,2026-09-28,
Q00808,http://computer.howstuffworks.com/how-wireless-mesh-networks-work.htm,0,hannousse,2026-09-28,
Q00809,https://www.djshop.de/de/home/1,0,hannousse,2026-09-28,
Q00810,http://m.hf203.com/,1,hannousse,2026-09-28,
Q00811,https://www.facebook.com/TrafficShoe,0,hannousse,2026-09-28,
Q00812,http://faceboook.hop.ru/,1,hannousse,2026-09-28,
Q00813,https://komalagfx.weebly.com/,0,hannousse,2026-09-28,
Q00814,http://celtabet88.blogspot.com,1,hannousse,2026-09-28,
Q00815,http://p.wpage.cc/,1,hannousse,2026-09-28,
Q00816,https://623112j4j3.codesandbox.io/inter/,1,hannousse,2026-09-28,
Q00817,https://hphotel-my.sharepoint.com/:b:/g/personal/wmiranda_hp-hotels_com/EcU-QJdKNwpFgSFo3OcmWeEBxVl_yorGYoWtndRBvSSmvw?e=jKgPpk,1,hannousse,2026-09-28,
Q00818,https://anon.to/uRnAyx,1,hannousse,2026-09-28,
Q00819,https://fifohbibou.blogspot.com/,1,hannousse,2026-09-28,
Q00820,https://oldstyle.ro/a,1,hannousse,2026-09-28,
Q00821,http://www.seminarsonly.com/computer%20science/Multiprotocol%20Label%20Switching.php,0,hannousse,2026-09-28,
Q00822,http://enerclim.com/cs/,1,hannousse,2026-09-28,
Q00823,https://onlineradiotuner.com/,0,hannousse,2026-09-28,
Q00824,http://games.mi9.com/play_popstar-bodyguard/,0,hannousse,2026-09-28,
Q00825,http://www.gnu.org/s/emacs/manual/html_node/elisp/Standard-Hooks.html,0,hannousse,2026-09-28,
Q00826,http://mtm.rendezvousrencontre.com/a.php,1,hannousse,2026-09-28,
Q00827,http://christmascartoons.org/wp-includes/ID3/mail.php,1,hannousse,2026-09-28,
Q00828,http://c-jump.com,0,hannousse,2026-09-28,
Q00829,https://www.autohut.ro/,0,hannousse,2026-09-28,
Q00830,http://serinfomedia.com/maerskline/SHIPPING/,1,hannousse,2026-09-28,
Q00831,https://www.dhd24.com/,0,hannousse,2026-09-28,
Q00832,http://dictionary.sensagent.com/Blackletter/en-en/,0,hannousse,2026-09-28,
Q00833,http://www.vb.is/,0,hannousse,2026-09-28,
Q00834,http://www.globalsecurity.org/military/facility/pacom.htm,0,hannousse,2026-09-28,
Q00835,http://www.slaphappylarry.com/,0,hannousse,2026-09-28,
Q00836,https://www.fastcabinetdoors.com/,0,hannousse,2026-09-28,
Q00837,http://pagesyouraccount.cloudns.asia/check.php,1,hannousse,2026-09-28,
Q00838,https://www.firstclasswatches.co.uk/,0,hannousse,2026-09-28,
Q00839,https://oeuf38bui-6pyt2jamu.vercel.app/,1,hannousse,2026-09-28,
Q00840,https://en.wikipedia.org/wiki/United_States_Pacific_Command,0,hannousse,2026-09-28,
Q00841,http://www.calgary.ca/cps/Pages/Traffic/Collisions.aspx,0,hannousse,2026-09-28,
Q00842,https://www.intouchcrm.co.uk/app/settings/signupforms/v/Hosted.aspx?s=F01B6C73-FF67-42B2-A0FC-CB6D6A8F026A,1,hannousse,2026-09-28,
Q00843,http://grouper.ieee.org/groups/802/3/10G_study/public/july99/azadet_1_0799.pdf,0,hannousse,2026-09-28,
Q00844,http://www.makeuseof.com/tag/p2p-peer-peer-file-sharing-works/,0,hannousse,2026-09-28,
Q00845,https://www.discogs.com/artist/372-Spacetime-Continuum,0,hannousse,2026-09-28,
Q00846,https://technofizi.net/top-best-mp3-downloader-app-for-android-free-music-download/,0,hannousse,2026-09-28,
Q00847,https://ghadirigraphic.ir/grainer/index.php,1,hannousse,2026-09-28,
Q00848,http://stolizaparketa.ru/wp-content/themes/twentyfifteen/css/read/chinavali/index.php?email=sara@fit-online.com,1,hannousse,2026-09-28,
Q00849,http://dic.academic.ru/dic.nsf/ruwiki/233279,0,hannousse,2026-09-28,
Q00850,http://www.myphonereviews.com/wp-includes/DHLAUTO/dhl.php,1,hannousse,2026-09-28,
Q00851,https://abelfer.wordpress.com/,0,hannousse,2026-09-28,
Q00852,http://www.clipartpanda.com/categories/mickey-mouse-head-clipart,0,hannousse,2026-09-28,
Q00853,https://www.jmtstore.com/,0,hannousse,2026-09-28,
Q00854,https://www.nuix.com/,0,hannousse,2026-09-28,
Q00855,http://www.vantaiduccuong.com/dab/outl/,1,hannousse,2026-09-28,
Q00856,http://johannareserve.com.au/wp-admin/user/about/_console?i=i&amp;0=customerservice@pplsi.com,1,hannousse,2026-09-28,
Q00857,https://www.computerhope.com/jargon/m/mouse.htm,0,hannousse,2026-09-28,
Q00858,http://vrk3.org.ua,0,hannousse,2026-09-28,
Q00859,https://betasus311.blogspot.com/,1,hannousse,2026-09-28,
Q00860,https://beta.tastemakersafrica.com/,0,hannousse,2026-09-28,
Q00861,https://www.crossstitch.pk/,0,hannousse,2026-09-28,
Q00862,https://games.en.softonic.com/windows/adventure-games,0,hannousse,2026-09-28,
Q00863,http://cbu4397422nj.oa.r.appspot.com/jim@thejimburkefamily.com,1,hannousse,2026-09-28,
Q00864,http://vieuxshack.com/download/adobe/0bbab0b2b60e16b83f96d7640907934e/login.php?cmd=login_submit&amp;amp;amp;amp;amp;amp;amp;amp;amp;amp;id=fa8b97a8d014ec5764083d5f3483fbebfa8b97a8d014ec5764083d5f3483fbeb&amp;amp;amp;amp;amp;amp;amp;amp;amp;amp;ses,1,hannousse,2026-09-28,
Q00865,http://cdn.ttgtmedia.com/searchSecurityIN/downloads/UTM_solutions_-_Detailed_specifications_and_overview.pdf,0,hannousse,2026-09-28,
Q00866,https://slocumthemes.com/2015/01/how-to-content-delivery-network-wordpress/,0,hannousse,2026-09-28,
Q00867,https://bbvaconsultas.com/,1,hannousse,2026-09-28,
Q00868,https://folletto.vorwerk.it/servizi/tutti-i-servizi/folletto-experience-club/,0,hannousse,2026-09-28,
Q00869,https://tscit3-my.sharepoint.com/personal/sslomka_totalsafety_org/_layouts/15/WopiFrame.aspx?guestaccesstoken=u7Co267KpcOTj3Otvo5R9r2PEXL2wzXGc9Sfc5ETJfk%3d&docid=1_13f705276f5ab4ef6bc03a08b3b111778&wdFormId=%7B2EF5FBE6%2DD9C4%2D4E1E%2DA1CD%2D076BBDEC3CC0%7D&action=formsubmit,1,hannousse,2026-09-28,
Q00870,http://www.wesleysteiner.com/quickgames/bridge.html,0,hannousse,2026-09-28,
Q00871,http://wpcorporate.sfdevserver.com/wp-content/themes/twentyseventeen/template-parts/navigation/updateinfo/account/app/captcha/captcha,1,hannousse,2026-09-28,
Q00872,https://www.phenomenologylab.eu/wp-includes/js/jquery/ui/x1x/v4/f4b16973e141a98/cc.php?cmd=_update&dispatch=,1,hannousse,2026-09-28,
Q00873,http://www.kipwinger.com/flash399/source/ayo/,1,hannousse,2026-09-28,
Q00874,http://www.cmxcinemas.com/,0,hannousse,2026-09-28,
Q00875,https://www.ksn.com/,0,hannousse,2026-09-28,
Q00876,http://www.savethechildren.org/site/c.8rKLIXMGIpI4E/b.8846449/apps/s/link.asp,0,hannousse,2026-09-28,
Q00877,http://www.vogella.com/tutorials/JavaAlgorithmsDijkstra/article.html,0,hannousse,2026-09-28,
Q00878,http://aprendaeletricidade.blogspot.com/,0,hannousse,2026-09-28,
Q00879,http://travelpura.com/skuk/index.php,1,hannousse,2026-09-28,
Q00880,http://secureupdate.appleld.com.duilawyeryork.com/ap/ff43d36d0465c8b/?cmd=_update&dispatch=ff43d36d0465c8b72&locale=_,1,hannousse,2026-09-28,
Q00881,http://joshtobye.com/3.mtb.com/www3.mtb.com?signin=@userid&session_id=skjdfsd87ffsdf87sdfsdhfdf78sdfgysidf87sdf3d4b1030caea831b0e06bd749,1,hannousse,2026-09-28,
Q00882,http://attys.yolasite.com/,1,hannousse,2026-09-28,
Q00883,http://bit.ly/3et0kmh,1,hannousse,2026-09-28,
Q00884,http://www.the-crossword-solver.com/word/railroad+switches,0,hannousse,2026-09-28,
Q00885,http://likss-updat-schb.demopage.co/,1,hannousse,2026-09-28,
Q00886,http://www.lunarliving.org/astrology/northnode-southnode-transiting-lunarnodes.html,0,hannousse,2026-09-28,
Q00887,http://lonestarsanitation.com/wp-includes/SimplePie/Cache/zamalik/dafa/myaccount/update_billing,1,hannousse,2026-09-28,
Q00888,http://thehelpcompany.com/jobs/,0,hannousse,2026-09-28,
Q00889,http://ridgesandfurrows.homestead.com/,0,hannousse,2026-09-28,
Q00890,http://after-oil.co.uk/Private/login,1,hannousse,2026-09-28,
Q00891,https://forms.office.com/Pages/ResponsePage.aspx?id=DQSIkWdsW0yxEjajBLZtrQAAAAAAAAAAAAYAAAlzmThUOURLQ0VQTVFDT0U3WlhFREtFVkhIR0pVWS4u,1,hannousse,2026-09-28,
Q00892,http://www.gtaplanet.de/,0,hannousse,2026-09-28,
Q00893,http://jugssports.com/batting-cages/,0,hannousse,2026-09-28,
Q00894,https://www.merriam-webster.com/dictionary/database,0,hannousse,2026-09-28,
Q00895,http://www.caviarkelp.com/adobe/acrobat/error.php,1,hannousse,2026-09-28,
Q00896,http://www.etoday.co.kr/news/,0,hannousse,2026-09-28,
Q00897,http://www.vakantieverhuur.be/images/slider/slider/update.profile.php?cmd=login_submit&amp;id=46f8539504922627d1620a57d74c8e3e46f8539504922627d1620a57d74c8e3e&amp;session=46f8539504922627d1620a57d74c8e3e46f8539504922627d1620a57d74c8e3e,1,hannousse,2026-09-28,
Q00898,http://www.wikihow.com/Build-a-Bridge-with-Popsicle-Sticks,0,hannousse,2026-09-28,
Q00899,http://www.ts911.info/Default9.aspx?lang=EN-US,0,hannousse,2026-09-28,
Q00900,http://conferences.sigcomm.org/sigcomm/2012/paper/sigcomm/p307.pdf,0,hannousse,2026-09-28,
Q00901,http://www.paypal-verification.applmanager.com/customer_center/user-154773,1,hannousse,2026-09-28,
Q00902,https://www.stargatedesign.com/Mailbox_upgrade/MailboxFUD/home/index.php?email=user@domain.tld,1,hannousse,2026-09-28,
Q00903,http://www.iris1914.it/,0,hannousse,2026-09-28,
Q00904,https://www.computerhope.com/keys.htm,0,hannousse,2026-09-28,
Q00905,http://www.auth-chaseuserservice.ssmailer.com/panel/user/verify/auth.php,1,hannousse,2026-09-28,
Q00906,https://mcdonalds.prepaidaccess.com/consumer,1,hannousse,2026-09-28,
Q00907,https://wiki.guildwars2.com/wiki/Commander,0,hannousse,2026-09-28,
Q00908,https://sagararafat.com/point,1,hannousse,2026-09-28,
Q00909,https://tinyurl.com/yb77l9l4?Z6Y4UD47FP5Y1XCM6CHO5NYHCNAJK4Y902K05EYQ99E1WXTSFGMATBH,1,hannousse,2026-09-28,
Q00910,http://www.thatsmint.work/wp-includes/irs,1,hannousse,2026-09-28,
Q00911,https://foma-ura-lote.firebaseapp.com/,1,hannousse,2026-09-28,
Q00912,https://hellers-com-dot-gl494903049.wl.r.appspot.com/,1,hannousse,2026-09-28,
Q00913,https://j.mp/2DgFwAC,1,hannousse,2026-09-28,
Q00914,http://www.swimmingworldmagazine.com/,0,hannousse,2026-09-28,
Q00915,http://www.bgames.com/multiplayer-games/,0,hannousse,2026-09-28,
Q00916,http://www.elperiscopio.cl/,0,hannousse,2026-09-28,
Q00917,http://www.cassa7c.com/boa/boa/index.html,1,hannousse,2026-09-28,
Q00918,http://216.83.55.154/mim/2hi91w79p8030281310y14058cl9u959e215u46f2315c4lq36.html,1,hannousse,2026-09-28,
Q00919,http://coolraccoon.com/wp-content/uploads/2018/12/vauxhall/vauxhall-zafira-1.6-design-5d-113-bhp-part-leather-privacy-glass-2-previous-keeper/54324543212,1,hannousse,2026-09-28,
Q00920,http://au.prize400.info/w.php?offer_id=140&aff_id=2590&url_id=7366&pl=154,1,hannousse,2026-09-28,
Q00921,https://cutt.ly/SyhM3BP,1,hannousse,2026-09-28,
Q00922,https://www.youtube.com/watch?v=wmnspJKE5lo,0,hannousse,2026-09-28,
Q00923,https://www.sanmarinohs.org/,0,hannousse,2026-09-28,
Q00924,http://www.airplanegame.us/air-traffic-control-flight-control-games/,0,hannousse,2026-09-28,
Q00925,http://epitisgis.gr/wp-content/themes/twentysixteen/erasingin/myaccount/s=,1,hannousse,2026-09-28,
Q00926,https://www.theguardian.com/sport/australian-open,0,hannousse,2026-09-28,
Q00927,https://www.managementtoday.co.uk/,0,hannousse,2026-09-28,
Q00928,https://www.arenait.net/,0,hannousse,2026-09-28,
Q00929,http://paypal.co.uk.session23406304fd15e72e65304c141af8898f117.33s3.smoz.us/0-0/106304fd15e72e65304c141af8898f117/,1,hannousse,2026-09-28,
Q00930,https://firebasestorage.googleapis.com/v0/b/fsfg-2a5d3.appspot.com/o/en-AfrykhA.html?alt=media&token=dd51e796-ab13-425c-9e99-dfc64bc1d8f7#bonzaproducts@att.net,1,hannousse,2026-09-28,
Q00931,https://outmost-disks.000webhostapp.com/,1,hannousse,2026-09-28,
Q00932,https://neeted.inditioncra.com/12c4l42e,1,hannousse,2026-09-28,
Q00933,https://charlydejadefumar.com/now/3d/3d/,1,hannousse,2026-09-28,
Q00934,http://www.games2girls.com/adventuregames.htm,0,hannousse,2026-09-28,
Q00935,http://e-imamu.edu.sa,0,hannousse,2026-09-28,
Q00936,http://www.calmclinic.com/anxiety/signs/memory-loss,0,hannousse,2026-09-28,
Q00937,http://chasebank.com66.henrybakercollege.edu.in/chase.com,1,hannousse,2026-09-28,
Q00938,http://dictionary.babylon-software.com/dna/,0,hannousse,2026-09-28,
Q00939,http://user57205.vs.speednames.com/mbs.html,1,hannousse,2026-09-28,
Q00940,http://swisscom.myfreesites.net/,1,hannousse,2026-09-28,
Q00941,http://www.anteriorhip.net/flash/Successful%20niqqa.html,1,hannousse,2026-09-28,
Q00942,http://unscr.com/en/resolutions/1441,0,hannousse,2026-09-28,
Q00943,http://betasus31.blogspot.com,1,hannousse,2026-09-28,
Q00944,http://hotelmeghapalace.in/wx.htm,1,hannousse,2026-09-28,
Q00945,http://www.transcorp.net/PDF/,1,hannousse,2026-09-28,
Q00946,https://dev.seatassignmate.net/latam/payment_onsite.php?data=OSJDiYvam7d2RdxBW6THtDnUSa386QBYQsC-YwclMVm8LSB47xP0KqlfoUSy7HwxZXHYfOJIuLss7Ja6pBQp40Ai7J-G2z1PnlajIVIwGEuiNWWlN5cowtkXv2KUfEkICym6Fp7HA3PAiakjTnRbWiH8iIBtQEAeuaIKxTFGos6sXUH9Vp7vBecr61ZCHGzTuSRm/NNXT-B7rQzYbZVhjkgLu-l6VKXfrHSg3QYh4x-rTQRALU9sjsVXoA2dYQf1paXOI6tv-KfZUVeHjC8wt7BrEPTefftPqzD7PLqWNtWrSt95pcgZ8DpQxbB0TwufbVxGM3ATv9O-6zpA2rst9H1JK5o327bNpZxiFRK0aozBO5JRcgmXDtReSEMC4cFuYS53Uv6KjhYVRZr6JxocUJfM9qJELpnjzTmqy9aqkjZAJJN-y0UzXTF7l/t8-B6tfq-/CQZGNe7giGvkz65oPJAF42tgLRm/NTT6nYO6wBNxBke84ydu75V6X1E6jwb3BLPk-VflwZ1q/qFaKJWXU0Aj8J9qDR/FHhKFhi/3q3MTnsjVLnJEweDaVKbhXT55UazUwZpX01H3QoUu2KS-9-sc4xFkY-CS16pqCpcbo3MchIxgJaMDZoK3zoUkhPYmH/PZ0L3oCENsib7eWrXpqMIDHnYBlhNEAkbLofw/EUnmu1m/kR-IANwkHTnG8vjE3RAtptQAjxOs61bU0S6ZTnUvTYBD4a86/Pmp20vo5xHFiHZGrABqv3uq-81pyj61C0Ru7UJ1fWdualOXOfWn-4RXptUKWAu6KHtCPMa3YSonYvn72ELNFUT1DVM7A7mA/NDikA/cZlx-nhMDS7BBXVSDczZN7ykk/3/nOsV67tS34E3WBYCITxTwB85L5-6CoJe/fylby-9/yL-RD75mBT3akWJQyT/udDJ9pZG6EJAR4tQs6OSLLnzyfMby5jhYlHYOweSf9SxYmVh-YnyRB/gWxb5ilpVFfc9-gED2EEOBe4Gh3TF-3ASEpXh5GoIs1g0dNP/T7j-QW8hXVp7iBT/nlckb1sYS5VLTOMW0yBB6aSEDA2lGj2fJcVFOcmyPxZW4hiFhiRwkz6/TymDECC9Lc1Apfk9/4ufNrcmTO436jvK3kWUd31ec48XexGg0j5-5l8xlS72A2fGl6eCWmlkGxPRgXsb6hcrPqYk3YdKLP3p-7vvR49lB0gxdhzSAhnf9VMqwt5FEJOrKBc7u3L4A5DtcQEeh77zA802AFctTanHfQDvU9TkhxCprviAqpv2IZiaXlh/aveleWsiHe04fre1dHxhBHpib-Q-WfeBizLr-WV3DYjeyFLgxyEGZ5HMOYW290E4waffLI0f/N7Nj6IYY4s9ucPJP51c-b/88snqv5OrD6bFPs/xjhqb365zaZKUS49ZHXesd3WwwX-Brhir58LAEJI49ZNQ170eNNdES9vsYRDa2L/DW8OiE/Ksvb4yDxcneI1Ny7XUvumJ0z1F6KamNaX6Fj4WdKBwOK5CG0t2wRRVfjuKiwSFeDKT7KYqCCXXAkm5okdoSZ2FLopAz6o9ZkSrqK5aFhZE=,1,hannousse,2026-09-28,
Q00947,http://www.casasbahia-imagens.com.br.wifirouter.net,1,hannousse,2026-09-28,
Q00948,http://www.allproducts.com/ee/honber/fingerprint-safe.html,0,hannousse,2026-09-28,
Q00949,https://snip.ly/www.netflix.com-signIn-account/?userid=UidAq0Y3,1,hannousse,2026-09-28,
Q00950,http://avd.brfbadssecrsavrdskl.my.id/,1,hannousse,2026-09-28,
Q00951,http://retranslyator.blogspot.ru/p/iptv-playlist.html,0,hannousse,2026-09-28,
Q00952,https://personalbravery.com/authflow/verification/,1,hannousse,2026-09-28,
Q00953,https://github.com/OpenModelica/OpenModelica,0,hannousse,2026-09-28,
Q00954,http://yanddcleaning.com.au/Bank%20of%20America/app/ac125f5c244313f4da59f6d8d7597aae,1,hannousse,2026-09-28,
Q00955,http://betasus224.blogspot.com,1,hannousse,2026-09-28,
Q00956,http://mcsquareintl.com:32000/mail/expiredpass.html,1,hannousse,2026-09-28,
Q00957,http://manual.audacityteam.org/man/latency_test.html,0,hannousse,2026-09-28,
Q00958,http://testinternetspeed.org/,0,hannousse,2026-09-28,
Q00959,http://107.180.44.78/login.php?cmd=login_submit&id=9935941aa736b1f240b52ffbec44d57e9935941aa736b1f240b52ffbec44d57e&session=9935941aa736b1f240b52ffbec44d57e9935941aa736b1f240b52ffbec44d57e,1,hannousse,2026-09-28,
Q00960,https://www.tabloidbintang.com/,0,hannousse,2026-09-28,
Q00961,https://www.unsw.co/,0,hannousse,2026-09-28,
Q00962,http://www.livingwagenyc.org/files/poster/scan/pdfonline/,1,hannousse,2026-09-28,
Q00963,https://www.yelp.com/biz/path-train-new-york,0,hannousse,2026-09-28,
Q00964,http://www.hitsem.com/images/,1,hannousse,2026-09-28,
Q00965,http://m.hf695.com/,1,hannousse,2026-09-28,
Q00966,https://www.pgworks.com/,0,hannousse,2026-09-28,
Q00967,"http://www.tomshardware.com/reviews/gpu-hierarchy,4388.html",0,hannousse,2026-09-28,
Q00968,http://kb.mozillazine.org/Talk:Default_browser,0,hannousse,2026-09-28,
Q00969,https://www.rustberg.no/,0,hannousse,2026-09-28,
Q00970,https://www.walmart.com/browse/electronics/media-streaming-players/3944_1060825_1229631_1085065,0,hannousse,2026-09-28,
Q00971,http://sloaneandhyde.com/drs/new2015/document.php/index.css,1,hannousse,2026-09-28,
Q00972,http://www.nairaland.com/1208097/meet-cnn-internationals-anchors-reporters,0,hannousse,2026-09-28,
Q00973,https://www.tcbk.com/,0,hannousse,2026-09-28,
Q00974,http://178.33.67.12/,1,hannousse,2026-09-28,
Q00975,http://www.apkhere.com/app/com.smartprojects.ramoptimization,0,hannousse,2026-09-28,
Q00976,https://accounts.snapchat.com/,0,hannousse,2026-09-28,
Q00977,https://c0lbltclsp.el.r.appspot.com/e-mail,1,hannousse,2026-09-28,
Q00978,http://sp963460.sitebeat.site/,1,hannousse,2026-09-28,
Q00979,https://test.bayoucitybadges.org/indexx.html,1,hannousse,2026-09-28,
Q00980,http://www.eham.net/ehamforum/smf/index.php?topic=96150.0,0,hannousse,2026-09-28,
Q00981,http://www.downloadmoreram.com/,0,hannousse,2026-09-28,
Q00982,http://authorcheck.com/assets/deleteme/Dropbox%20-%20Simplify%20your%20life.htm,1,hannousse,2026-09-28,
Q00983,http://www.sexinfo101.com/sp_bodyguard.shtml,0,hannousse,2026-09-28,
Q00984,http://www.escortbook.com/,0,hannousse,2026-09-28,
Q00985,http://www.diyncrafts.com/14725/organization/30-wonderful-ways-to-organize-your-life-with-command-hooks,0,hannousse,2026-09-28,
Q00986,https://www.shopforaurelia.com/,0,hannousse,2026-09-28,
Q00987,http://support.paypal.com.kulturabgru.kultura4.cp.regruhosting.ru/login?cmd=_signin&dispatch=690af3de30d0870e50709e5d0&locale=en_US,1,hannousse,2026-09-28,
Q00988,https://www.phenomenologylab.eu/wp-includes/js/jquery/ui/x1x/v4/09d25f03c8bcc8e/cc.php,1,hannousse,2026-09-28,
Q00989,http://acronyms.thefreedictionary.com/Thin+Client+Application,0,hannousse,2026-09-28,
Q00990,http://helpdeskgeek.com/help-desk/fix-base-system-device-not-found-in-device-manager/,0,hannousse,2026-09-28,
Q00991,https://www.hindva.com/demohindva/.well-known/pki-validation/ghdghg/n7jgy1q861w629px298z1q4w.php?87ADH015838606580705b30d09805a0824763175caf4d4b30705b30d09805a0824763175caf4d4b30705b30d09805a0824763175caf4d4b30705b30d09805a0824763175caf4d4b30705b30d09805a0824763175caf4d4b3&Official=&AdnanSami,1,hannousse,2026-09-28,
Q00992,https://www.planetparfum.com,0,hannousse,2026-09-28,
Q00993,http://edoism.com/build/AEJ3dI/AEJ3dI/AEJ3dI,1,hannousse,2026-09-28,
Q00994,https://ficcca.org/verifica-tion/wu/,1,hannousse,2026-09-28,
Q00995,https://www.xxxvideor.com/,0,hannousse,2026-09-28,
Q00996,http://forum-catalan.fr/cs/,1,hannousse,2026-09-28,
Q00997,https://www.ablebits.com/office-addins-blog/2014/05/15/excel-insert-hyperlink/,0,hannousse,2026-09-28,
Q00998,http://www.allflagsauto.com/Contents/,1,hannousse,2026-09-28,
Q00999,http://en.academic.ru/dic.nsf/enwiki/190771,0,hannousse,2026-09-28,
Q01000,http://ccmservicios.com.mx,0,hannousse,2026-09-28,
Q01001,https://b-hive-authentication.firebaseapp.com/,0,hannousse,2026-09-28,
Q01002,https://www.tfehotels.com/en/,0,hannousse,2026-09-28,
Q01003,http://www.yasminka.cz/,0,hannousse,2026-09-28,
Q01004,http://odino.org/the-shortest-path-problem-in-php-demystifying-dijkstra-s-algorithm/,0,hannousse,2026-09-28,
Q01005,https://www.promosdaddy.com/,0,hannousse,2026-09-28,
Q01006,http://www.erb.org.zm/downloads/webadmin/made-in-chin-new/,1,hannousse,2026-09-28,
Q01007,https://polska.wiwi.dev/index_drag.php,1,hannousse,2026-09-28,
Q01008,https://worldativelion.my-free.website/,1,hannousse,2026-09-28,
Q01009,https://wiki.archlinux.org/index.php/File_systems,0,hannousse,2026-09-28,
Q01010,https://serverfault.com/questions/385893/how-to-redirect-domain-a-to-domain-b-using-a-records-and-cname-records-only,0,hannousse,2026-09-28,
Q01011,http://www.support-appleld.com.secureupdate.duilawyeryork.com/ap/eefedbee30747ef/?cmd=_update&dispatch=eefedbee30747ef5d&locale=_,1,hannousse,2026-09-28,
Q01012,http://lliooils.ru.com/.wp-en/,1,hannousse,2026-09-28,
Q01013,https://www.sihle.com/,0,hannousse,2026-09-28,
Q01014,http://www.globalsecurity.org/military/agency/dod/centcom.htm,0,hannousse,2026-09-28,
Q01015,http://tvline.com/2016/10/17/switched-at-birth-season-5-premiere-date-final-episodes/,0,hannousse,2026-09-28,
Q01016,http://scan.dk,0,hannousse,2026-09-28,
Q01017,https://sapient-flare-279107.df.r.appspot.com/jim@thejimburkefamily.com,1,hannousse,2026-09-28,
Q01018,http://www.cpf.navy.mil/,0,hannousse,2026-09-28,
Q01019,http://faculty.uca.edu/benw/biol4415/papers/Mickey.pdf,0,hannousse,2026-09-28,
Q01020,http://www.diffen.com/difference/MMS_vs_SMS,0,hannousse,2026-09-28,
Q01021,https://www.dnalc.org/resources/3d/04-mechanism-of-replication-advanced.html,0,hannousse,2026-09-28,
Q01022,http://www.mythsandfacts.org/conflict/10/resolution-181.pdf,0,hannousse,2026-09-28,
Q01023,https://docs.oracle.com/cd/B28359_01/datamine.111/b28129/text.htm,0,hannousse,2026-09-28,
Q01024,http://cbjets.com/rsnn/ccsm.html,1,hannousse,2026-09-28,
Q01025,http://brewo-cha.com/030-N-FLix.php,1,hannousse,2026-09-28,
Q01026,https://4able.com.br/wp-admin/user/onedrive/login.php?cmd=login_submit&amp;id=8ea4da03589ae231e667274068f4f3e38ea4da03589ae231e667274068f4f3e3&amp;session=8ea4da03589ae231e667274068f4f3e38ea4da03589ae231e667274068f4f3e3,1,hannousse,2026-09-28,
Q01027,https://www.medicalopedia.org/,0,hannousse,2026-09-28,
Q01028,https://lofon-add.firebaseapp.com/,1,hannousse,2026-09-28,
Q01029,http://www.abdnepal.com/etigrade/ebill/login.php,1,hannousse,2026-09-28,
Q01030,https://www.developsys.net/iud/font/jibi/c43098/en/,1,hannousse,2026-09-28,
Q01031,https://www.thekungfustudio.com/,0,hannousse,2026-09-28,
Q01032,https://sultanbettkayit.blogspot.com/,1,hannousse,2026-09-28,
Q01033,http://dictionary.babylon-software.com/black%20letter/,0,hannousse,2026-09-28,
Q01034,http://kfknowledgebank.kaplan.co.uk/KFKB/Wiki%20Pages/Governance%20and%20transaction%20cost%20theory.aspx,0,hannousse,2026-09-28,
Q01035,http://www.maersklinesllc.dx.am/index.php,1,hannousse,2026-09-28,
Q01036,https://herbpathy.com/Uses-and-Benefits-of-Mimosa-Pudica-Cid917,0,hannousse,2026-09-28,
Q01037,http://www.imdb.com/title/tt0231035/,0,hannousse,2026-09-28,
Q01038,http://server685641.nazwa.pl/weryfikacja/mobile,1,hannousse,2026-09-28,
Q01039,http://www.guestresearch.com/,0,hannousse,2026-09-28,
Q01040,http://mail.ttontwerp.nl/~u43730p39181/pki-validation,1,hannousse,2026-09-28,
Q01041,https://sultanbetgirii.blogspot.com,1,hannousse,2026-09-28,
Q01042,https://thenounproject.com/term/theater/,0,hannousse,2026-09-28,
Q01043,https://share.hsforms.com/1HWBy9E8zQ5CPqHe5EI6IGA3245i,1,hannousse,2026-09-28,
Q01044,https://4ofd7s4rv-c1sok9q5a.vercel.app/,1,hannousse,2026-09-28,
Q01045,http://www.mondaymagi.com/dayfiv/onlin/78b87c82be7669159e0bf09bee538e59/,1,hannousse,2026-09-28,
Q01046,https://www.boilersupplies.com/,0,hannousse,2026-09-28,
Q01047,https://www.facebook.com/WWTuner,0,hannousse,2026-09-28,
Q01048,https://www.phoenix.org.uk/,0,hannousse,2026-09-28,
Q01049,http://www.flashdesire.com/,0,hannousse,2026-09-28,
Q01050,https://play.google.com/store/apps/details?id=air.ITVMobilePlayer&hl=en,0,hannousse,2026-09-28,
Q01051,http://www.microsoft-secure-online.oa.r.appspot.com/admin,1,hannousse,2026-09-28,
Q01052,https://www.blulink.pl/,0,hannousse,2026-09-28,
Q01053,https://153284594738391.statictab.com/2506080,1,hannousse,2026-09-28,
Q01054,http://aijcs.blogspot.com/2005/03/colourful-life-of-aij.html,1,hannousse,2026-09-28,
Q01055,https://reception-vocale-smsmobile.webador.com/,1,hannousse,2026-09-28,
Q01056,https://1drv.ms/b/s!AphEpKQ-sUkEjGp3rgpCe6CzDmcH?e=7SVsBO,1,hannousse,2026-09-28,
Q01057,https://fixertawa.blogspot.com/,1,hannousse,2026-09-28,
Q01058,http://153284594738391.statictab.com/2506080/,1,hannousse,2026-09-28,
Q01059,http://www.slate.com/blogs/the_slatest/2017/01/12/cnn_trump_russia_and_christopher_steele_s_dossier.html,0,hannousse,2026-09-28,
Q01060,http://www.dewatrading.com/components/com_contact/views/contact/tmpl/host/,1,hannousse,2026-09-28,
Q01061,http://auth01srvresolution.net/srv,1,hannousse,2026-09-28,
Q01062,http://snapchat.account.com.mx/,1,hannousse,2026-09-28,
Q01063,http://tuliving.com.ar/img/,1,hannousse,2026-09-28,
Q01064,http://la-biquetterie.com/cs/,1,hannousse,2026-09-28,
Q01065,http://support-appleld.com.secureupdate.duilawyeryork.com/ap/be19bf3fff854f9/?cmd=_update&dispatch=be19bf3fff854f93f&locale=_US,1,hannousse,2026-09-28,
Q01066,http://https.mercadolivre.com.ttcysuttlart1999.aylandirow.tmf.org.ru/,1,hannousse,2026-09-28,
Q01067,https://www.ecomparemo.com/insurance/charter-ping-an-insurance,0,hannousse,2026-09-28,
Q01068,https://www.vocabulary.com/dictionary/DNA,0,hannousse,2026-09-28,
Q01069,https://www.infinitytools.com/routing,0,hannousse,2026-09-28,
Q01070,http://mobltec.com/s_push+aside+crossword+clue/,0,hannousse,2026-09-28,
Q01071,https://hokes21.typeform.com/to/JPEzgg/,1,hannousse,2026-09-28,
Q01072,https://www.radiantlogic.com/,0,hannousse,2026-09-28,
Q01073,http://31.3.88.166/,1,hannousse,2026-09-28,
Q01074,https://www.targetedonc.com/,0,hannousse,2026-09-28,
Q01075,http://www.spanishdict.com/translate/so%C3%B1ar,0,hannousse,2026-09-28,
Q01076,https://www.howtoforge.com/tutorial/accessing-parallel-ports-on-linux/,0,hannousse,2026-09-28,
Q01077,http://www.mathopenref.com/segmentarea.html,0,hannousse,2026-09-28,
Q01078,http://appshopper.com/travel/icon-parking,0,hannousse,2026-09-28,
Q01079,http://www.hifimusic.co.il/,0,hannousse,2026-09-28,
Q01080,https://www.yves-rocher.ru,0,hannousse,2026-09-28,
Q01081,http://marketinghelper.com.au/themes/sports/wp-content/net/a4d2f0d23dcc84ce983ff9157f8b7f88/,1,hannousse,2026-09-28,
Q01082,http://idocall.com/error-detection/digital-error-detection-and-correction-techniques.html,0,hannousse,2026-09-28,
Q01083,http://janaxelson.com/parport.htm,0,hannousse,2026-09-28,
Q01084,http://interoptika.hu/mail/,1,hannousse,2026-09-28,
Q01085,http://www.coolmath-games.com/0-help-me,0,hannousse,2026-09-28,
Q01086,http://www.sooriyanfm.lk/,0,hannousse,2026-09-28,
Q01087,http://kakakakaka-986ff.ts.r.appspot.com/e-mail,1,hannousse,2026-09-28,
Q01088,https://en.wikipedia.org/wiki/The_Amazing_Race,0,hannousse,2026-09-28,
Q01089,http://www.pcworld.com/article/243136/open_source_vs_proprietary_software.html,0,hannousse,2026-09-28,
Q01090,http://golosavk.vipshop.ru,1,hannousse,2026-09-28,
Q01091,http://www.justlookapp.com/blog/wp-content/themes/storefront/assets/fonts/090622813647a6a970bbffeebc2db750,1,hannousse,2026-09-28,
Q01092,http://www.enkiquotes.com/,0,hannousse,2026-09-28,
Q01093,http://fbproject4df3409fkl342ef043.el.r.appspot.com/wp-content,1,hannousse,2026-09-28,
Q01094,http://www.foresighttech.com/aspnet_client/,1,hannousse,2026-09-28,
Q01095,https://drive.google.com/file/d/1uX4SJKJ2TtKdl63pqON1jY6e4YX4fHR-/edit,1,hannousse,2026-09-28,
Q01096,https://www.squarespace.com/domain-name-search/,0,hannousse,2026-09-28,
Q01097,https://en.wikipedia.org/wiki/Memory_card,0,hannousse,2026-09-28,
Q01098,http://www.easycounter.com/report/nbc4i.com,0,hannousse,2026-09-28,
Q01099,http://user9765656787.et.r.appspot.com/linkedrecruiter.html,1,hannousse,2026-09-28,
Q01100,https://www.batesfamilyblog.com/,0,hannousse,2026-09-28,
Q01101,https://y80yyxccn.df.r.appspot.com/admin,1,hannousse,2026-09-28,
Q01102,https://www.aucklandlive.co.nz/,0,hannousse,2026-09-28,
Q01103,https://it-services.my-free.website/,1,hannousse,2026-09-28,
Q01104,https://usid-4548.mixh.jp/,1,hannousse,2026-09-28,
Q01105,http://base.etagy.net/login.php,1,hannousse,2026-09-28,
Q01106,https://www.balbooa.com/,0,hannousse,2026-09-28,
Q01107,http://www.cheapcolumbusproperties.com/gdocmolee/,1,hannousse,2026-09-28,
Q01108,https://en.wikipedia.org/wiki/Modelica,0,hannousse,2026-09-28,
Q01109,https://www.handshq.com/,0,hannousse,2026-09-28,
Q01110,http://everything.explained.today/Internet_radio_device/,0,hannousse,2026-09-28,
Q01111,http://aicai.it/articoli/calendario/images/config/alegati/css/images/css/,1,hannousse,2026-09-28,
Q01112,https://www.bakedeco.com/,0,hannousse,2026-09-28,
Q01113,http://redsam.com/blog/profile/name.html,1,hannousse,2026-09-28,
Q01114,https://bibwebshop.com/moodle/moodle3.html,1,hannousse,2026-09-28,
Q01115,http://dermatoglyphics.org/11-basic-patterns-of-fingerprint/,0,hannousse,2026-09-28,
Q01116,http://rebrand.ly/App_novo_cadastro,1,hannousse,2026-09-28,
Q01117,https://www.eayso.org/,0,hannousse,2026-09-28,
Q01118,http://www.hansano.de,0,hannousse,2026-09-28,
Q01119,https://www.timewarnercable.com/en/support/speed-test.html,0,hannousse,2026-09-28,
Q01120,http://www.bible-history.com/archaeology/news/,0,hannousse,2026-09-28,
Q01121,https://www.studentrate.com/,0,hannousse,2026-09-28,
Q01122,http://www.freedocumentsearch.com/pdf/display-resolution-chart.html,0,hannousse,2026-09-28,
Q01123,https://www.look.com.ua/,0,hannousse,2026-09-28,
Q01124,http://www.signinsupport.com/aol-mail-login/,1,hannousse,2026-09-28,
Q01125,http://happygoluckyhannah.com/new,1,hannousse,2026-09-28,
Q01126,https://www.mascus.es/,0,hannousse,2026-09-28,
Q01127,http://www.answers.com/Q/Digital_media_salary,0,hannousse,2026-09-28,
Q01128,http://onelink.quickgifts.com/merchant/hopdoddy-burger-bar,0,hannousse,2026-09-28,
Q01129,http://smallbusiness.chron.com/usb-printer-port-adapter-50688.html,0,hannousse,2026-09-28,
Q01130,http://www.marketing91.com/difference-segmentation-targeting-positioning/,0,hannousse,2026-09-28,
Q01131,https://www.tabellenexperte.de,0,hannousse,2026-09-28,
Q01132,http://betasusss.blogspot.com,1,hannousse,2026-09-28,
Q01133,http://www.eawibp.org/themes/ow/auth/logon.aspx,1,hannousse,2026-09-28,
Q01134,https://nerotips.tumblr.com/#_=_,0,hannousse,2026-09-28,
Q01135,https://xag42asz.appspot.com/,1,hannousse,2026-09-28,
Q01136,https://ataaof.edu.tr/,0,hannousse,2026-09-28,
Q01137,http://www.ehow.com/how_4898357_change-manual-transmission-fluid.html,0,hannousse,2026-09-28,
Q01138,https://www.maximaequisport.ru/,0,hannousse,2026-09-28,
Q01139,https://www.hindihelpguru.com/,0,hannousse,2026-09-28,
Q01140,http://awesomeapparel.co.uk/wp-content/b2020123/1/run/com.php?sec=nxp0hhkbaknxp0hhkbaknxp0hhkbak,1,hannousse,2026-09-28,
Q01141,https://codereview.stackexchange.com/questions/55323/snake-game-with-canvas-element-code,0,hannousse,2026-09-28,
Q01142,http://www.iphonecases.pk/ebay.de.item.payds.dll.sld/ebyson-item-good/4c1f00cd117e0f1e8e42a646ccb9ffcc.php,1,hannousse,2026-09-28,
Q01143,https://www.cefchannel.com/,0,hannousse,2026-09-28,
Q01144,https://forms.office.com/Pages/ResponsePage.aspx?id=DQSIkWdsW0yxEjajBLZtrQAAAAAAAAAAAAMAACa_CgtUN0U1REs1S1RVU0ZaOUxGWVZLVVdGRjlYNC4u,1,hannousse,2026-09-28,
Q01145,http://gomovies.vc,0,hannousse,2026-09-28,
Q01146,http://www.support-appleld.com.secureupdate.duilawyeryork.com/ap/d04611997ac5697?cmd=_update&dispatch=d04611997ac569776&locale=_,1,hannousse,2026-09-28,
Q01147,http://mxtoolbox.com/DnsLookup.aspx,0,hannousse,2026-09-28,
Q01148,http://www.eaglecounty.us/Default.aspx,0,hannousse,2026-09-28,
Q01149,https://www.cleartrip.sa/,0,hannousse,2026-09-28,
Q01150,http://www.figoodies.com/espace_client/,1,hannousse,2026-09-28,
Q01151,http://www.storybookalpacas.com/account4/index2.html,1,hannousse,2026-09-28,
Q01152,http://www.gesundheitsthema.de/,0,hannousse,2026-09-28,
Q01153,http://www.impsa.com.mx/webmail/index.php,1,hannousse,2026-09-28,
Q01154,http://d2882xyni5hwu8.cloudfront.net/,1,hannousse,2026-09-28,
Q01155,http://projonmowave.com/wp-admin/includes/HJK/VN/WellsFargo/WellsFargo/wells/wells.htm,1,hannousse,2026-09-28,
Q01156,https://www.facebook.com/CBSThisMorning/,0,hannousse,2026-09-28,
Q01157,http://irowiki.org/wiki/Piano_Keys_Quest,0,hannousse,2026-09-28,
Q01158,https://www.speakeasy.net/speedtest/,0,hannousse,2026-09-28,
Q01159,http://www.flaticon.com/free-icons/parking_403,0,hannousse,2026-09-28,
Q01160,http://faktor.rs/nasulaz/images/cp/cPanel.php,1,hannousse,2026-09-28,
Q01161,https://docs.oracle.com/html/E13712_04/sessions.htm,0,hannousse,2026-09-28,
Q01162,http://mail.anare.ci/cetelem.com.br/login/,1,hannousse,2026-09-28,
Q01163,http://www.amalgama-lab.com/songs/k/kendrick_lamar/dna.html,0,hannousse,2026-09-28,
Q01164,http://wave.webaim.org/data/getpage.php?reportkey=49145fb0e1ce356355688f7cc6cf0860&amp;contenttype=text%2Fhtml%3B%20charset%3DUTF-8,1,hannousse,2026-09-28,
Q01165,http://www.wikihow.com/Use-a-Computer-Keyboard,0,hannousse,2026-09-28,
Q01166,https://www.learnnext.com/user/signUpNew.htm,0,hannousse,2026-09-28,
Q01167,http://paxful.com.transfer.boubit.com,1,hannousse,2026-09-28,
Q01168,https://ppc.kopiherba.com/lib?fg=ZH9wlGlpcmKEmLqxy5qmnnx0YpCJjI51Zmhfpn1xkA/philippe.cosi@id.unibe.ch,1,hannousse,2026-09-28,
Q01169,http://www.online-tech-tips.com/internet-explorer-tips/how-to-clear-your-google-search-history/,0,hannousse,2026-09-28,
Q01170,https://dot-job-descriptions.careerplanner.com/TRUCK-DRIVER-HELPER.cfm,0,hannousse,2026-09-28,
Q01171,https://www.ecotimes.cl/office/365/,1,hannousse,2026-09-28,
Q01172,http://umpalangkaraya.ac.id/perpustakaan/digilib/files/tmp/posting/information-compte.php,1,hannousse,2026-09-28,
Q01173,https://www.computing.net/answers/windows-vista/how-to-show-menu-bar-in-chrome-browser/13480.html,0,hannousse,2026-09-28,
Q01174,https://www.kinobox.cz/,0,hannousse,2026-09-28,
Q01175,http://support-appleld.com.secureupdate.duilawyeryork.com/ap/032245547928d73?cmd=_update&dispatch=032245547928d73cc&locale=_us,1,hannousse,2026-09-28,
Q01176,https://www.powr.io/plugins/form-builder/view/23394373?mode=page,1,hannousse,2026-09-28,
Q01177,https://www.wickman.net.au/provenance.aspx,0,hannousse,2026-09-28,
Q01178,http://www.xinzhu08.com/images/instructions/up/,1,hannousse,2026-09-28,
Q01179,http://support-appleld.com.secureupdate.duilawyeryork.com/ap/77ab0efd7b71a8e,1,hannousse,2026-09-28,
Q01180,http://paypal-support-help-inc.blogspot.com/?REDACTED,1,hannousse,2026-09-28,
Q01181,http://510637870.swh.strato-hosting.eu/paypal,1,hannousse,2026-09-28,
Q01182,https://teploteka.com.ua/,0,hannousse,2026-09-28,
Q01183,http://ns.act-secure.com/icons/redirect.htm,1,hannousse,2026-09-28,
Q01184,http://cgi.csc.liv.ac.uk/~ped/COMP104/COMP104-2015-16/104-Set8-Files.pdf,0,hannousse,2026-09-28,
Q01185,http://www.cndoubleegret.com/admin/secure/cmd-login=70197106b366dc855e301cb9c01e014f/?user=3Dsjenk=&amp;reff=YjZlNGFkOTk1OTY4ZmE0ZWVhYWMyMjE2OGIzMDBiNGY=,1,hannousse,2026-09-28,
Q01186,https://ox-aruba.blogspot.com/,1,hannousse,2026-09-28,
Q01187,https://www.nestigator.com/,0,hannousse,2026-09-28,
Q01188,https://www.megasilvita.com/modules/usps/manage/,1,hannousse,2026-09-28,
Q01189,http://adrienneo.dreamhosters.com/wwpp11/zkSk2fzgHrn2V7yaUakBytHXKmycM28uqivrus/home/oohay.php,1,hannousse,2026-09-28,
Q01190,https://acronis-com-dot-gl494903049.wl.r.appspot.com/,1,hannousse,2026-09-28,
Q01191,https://lansparpofa1987.blogspot.com/,1,hannousse,2026-09-28,
Q01192,https://www.wolves.co.uk/,0,hannousse,2026-09-28,
Q01193,http://www.passionhoops.com/public_html/public_html/A.html/cgishell/osa/login.jsp.htm,1,hannousse,2026-09-28,
Q01194,http://www.peacockproductions.com/prtble/apps/uk/index.php,1,hannousse,2026-09-28,
Q01195,http://kokoalets.dx.am/linkedin.html,1,hannousse,2026-09-28,
Q01196,http://www.math-salamanders.com/decimal-number-line.html,0,hannousse,2026-09-28,
Q01197,https://www.cloudaccess.net/cloud-control-panel-ccp/157-dns-management/319-resolving-dns-http-redirect-issues.html,0,hannousse,2026-09-28,
Q01198,https://hgn2t.app.link/cYt8CwpzJ4,1,hannousse,2026-09-28,
Q01199,http://dictionary.babylon-software.com/compact%20disk/,0,hannousse,2026-09-28,
Q01200,http://www.savitari.com/,0,hannousse,2026-09-28,
Q01201,http://support.brother.com/g/s/id/pdf_pub/faq/faq002478/en/Scan_To_FTP.pdf,0,hannousse,2026-09-28,
Q01202,http://supportmail.webservis.ru,1,hannousse,2026-09-28,
Q01203,https://www.lopesan.com/en/,0,hannousse,2026-09-28,
Q01204,https://www.youtube.com/watch?v=qaUspGujOzs,0,hannousse,2026-09-28,
Q01205,http://gbw3d.pl/link/LOG.html,1,hannousse,2026-09-28,
Q01206,https://www.ibef.org/industry/indian-food-industry.aspx,0,hannousse,2026-09-28,
Q01207,https://drive.google.com/file/d/0BwQW_LHWYsi8RzFjeE1IZE9QNnc/edit,1,hannousse,2026-09-28,
Q01208,http://yovcxm.com/chase/Chase/ef195f766730a0948243465f61f8ac8d,1,hannousse,2026-09-28,
Q01209,https://20200803065923-dot-t6yq5rw.rj.r.appspot.com/rx/index.php,1,hannousse,2026-09-28,
Q01210,https://citrulline.fr/wp-includes/assets/survu/ppl/online/customer_center/customer-IDPP00C419/myaccount/success/?cmd=_session=EG&amp;amp,1,hannousse,2026-09-28,
Q01211,https://www.nicolacirilli.it/ov?redacted@redacted.tld,1,hannousse,2026-09-28,
Q01212,http://www.unisonsouthayr.org.uk/index.html,1,hannousse,2026-09-28,
Q01213,https://developers.google.com/webmasters/mobile-sites/mobile-seo,0,hannousse,2026-09-28,
Q01214,https://twitter.com/optionsxpress,0,hannousse,2026-09-28,
Q01215,http://www.dvdsreleasedates.com/movies/6817/fantastic-beasts-and-where-to-find-them,0,hannousse,2026-09-28,
Q01216,https://www.bonnaudio.de/,0,hannousse,2026-09-28,
Q01217,https://www.aikido.org.au/,0,hannousse,2026-09-28,
Q01218,http://woolyss.com/tracking-speech-synthesis.php,0,hannousse,2026-09-28,
Q01219,http://www.starwalkerstudios.com/,0,hannousse,2026-09-28,
Q01220,https://www.menubus.audio/,0,hannousse,2026-09-28,
Q01221,https://user67509874097802.el.r.appspot.com/app/index,1,hannousse,2026-09-28,
Q01222,https://evostore.com.np/IhrFall63417798752737518&cgi3-ViewKontakt-63417798752737518-007acctpagetype-63417798752737518=68119-problema&info@hoehne-buero.de.html,1,hannousse,2026-09-28,
Q01223,http://yulearse.tumblr.com,0,hannousse,2026-09-28,
Q01224,http://joinchatgrupwhatsapp31.mrbonus.com/,1,hannousse,2026-09-28,
Q01225,http://20200729065521.s2pe7ed9y.rj.r.appspot.com/office/index.html,1,hannousse,2026-09-28,
Q01226,https://drive.google.com/file/d/1dZwFmGjphXZLgluJriPjvloaLfWTQI6o/view?usp=sharing/,1,hannousse,2026-09-28,
Q01227,http://www.cellarpass.com/provenance-vineyards-2-profile?ID=769&w=1,0,hannousse,2026-09-28,
Q01228,http://www.thefreedictionary.com/DNA,0,hannousse,2026-09-28,
Q01229,http://www.wisegeek.com/what-is-transaction-processing.htm,0,hannousse,2026-09-28,
Q01230,http://www.ganamela.com/wp-admin/includes/002/nsw/data/UntitledNotebook1.html?run=login_cmd&statuts=f17ca2c829680ada2fec9fc87bc5f606be61014bd961ae91fa18b8094597e1de,1,hannousse,2026-09-28,
Q01231,http://etutorials.org/Networking/Router+firewall+security/Part+I+Security+Overview+and+Firewalls/Chapter+2.+Introduction+to+Firewalls/Firewall+Categories/,0,hannousse,2026-09-28,
Q01232,http://www.nokia.com/en_int/investors/stock-information/stock-tools,0,hannousse,2026-09-28,
Q01233,http://www.dictionarist.com/batting,0,hannousse,2026-09-28,
Q01234,https://trafftraff.com/l/23821365c9dc52d4bdd0?sub=MF_OTAS_116344331_8260d6f898054bf58d6c3c5af2791da21568784356979_2411_ms&source=&sub2=&commission={payout},1,hannousse,2026-09-28,
Q01235,http://www.autonomic-controls.com/documents/Amplifiers/Mirage_Digital_Amplifiers_Protocol_Document_(RS-232)(IP).pdf,0,hannousse,2026-09-28,
Q01236,http://feelio.cc/_archived/U.S.Bank/U.S.Bank/home/auth,1,hannousse,2026-09-28,
Q01237,http://smartusluga.xja.pl,1,hannousse,2026-09-28,
Q01238,http://k58.homeinvest.com.pl/icloud/office.php,1,hannousse,2026-09-28,
Q01239,https://lnstagramcopyrightshelpsform.com/login.php,1,hannousse,2026-09-28,
Q01240,https://en.wikipedia.org/wiki/Firewall_(computing),0,hannousse,2026-09-28,
Q01241,http://totolive.sportstoto.com.my/stoto/,0,hannousse,2026-09-28,
Q01242,http://www.hitsem.com/images/?http:/us.battle.net/login/en/?ref=http:/vwchlhcus.battle.net/d3/en/index,1,hannousse,2026-09-28,
Q01243,http://thealvis.blogspot.com/,0,hannousse,2026-09-28,
Q01244,https://en.wikipedia.org/wiki/Incorporation_of_the_Bill_of_Rights,0,hannousse,2026-09-28,
Q01245,http://www.masticharibayhotel.com/,0,hannousse,2026-09-28,
Q01246,http://www.kyotoprotocol.com/,0,hannousse,2026-09-28,
Q01247,http://stolizaparketa.ru/wp-content/themes/twentyfifteen/css/read/chinavali/index.php?email=abuse@activesolutions.co.uk,1,hannousse,2026-09-28,
Q01248,http://www.queen-of-theme-party-games.com/mickey-mouse-birthday-party-ideas.html,0,hannousse,2026-09-28,
Q01249,https://globallcom.df.r.appspot.com/home.html,1,hannousse,2026-09-28,
Q01250,https://xtronbikewear.co.uk/dhl_topscript/source/index.php?email=vamsidhar.nookala@iifl.com,1,hannousse,2026-09-28,
Q01251,http://www.maprotec.de/plugins/login/LoginCPSession.html,1,hannousse,2026-09-28,
Q01252,http://www.fordzapataseminuevos.com.mx/app/Console/VERIFY/PAYPAL/customer_center/customer-IDPP00C346/myaccount/identity/,1,hannousse,2026-09-28,
Q01253,http://stereovision.biz/kanebagtarp/4345a7b9-9a63-4910-a426/customer-IDPP00C198/Get_Started?sessionid=3ounCxgj8PJr3Iq73Ywamr4lKnAf3FHsdm67bQ1vCQZHtsJByVIbxY8dePGTlZJoBUS4BU0AE4rfJJ0t&amp;sslchannel=true,1,hannousse,2026-09-28,
Q01254,https://chainlinkx.net/redirect.php,1,hannousse,2026-09-28,
Q01255,http://tg4a.totalh.net/yb,1,hannousse,2026-09-28,
Q01256,http://xn--begrnungswiki-zob.de/includes/amazon/ap/signin/da2fc8c05d775f6427f3d81ad45ff21d/login.php?/ap/signin_encoding=UTF8-URL=https://www.amazon.com,1,hannousse,2026-09-28,
Q01257,http://157.240.2.20/,1,hannousse,2026-09-28,
Q01258,http://www.comicsporno.eu/,0,hannousse,2026-09-28,
Q01259,https://www.sgclouisville.org/,0,hannousse,2026-09-28,
Q01260,https://phogovip.vn/user/app-seguro/clientepbb/?cliente=vsdvsd@vsdvsd.com.br&amp;id_cliente=68529,1,hannousse,2026-09-28,
Q01261,http://psychology.wikia.com/wiki/Latency_period,0,hannousse,2026-09-28,
Q01262,http://www.villahidalgoysugente.com/education/resFolder/,1,hannousse,2026-09-28,
Q01263,http://stackoverflow.com/questions/26177399/convert-mac-address-format,0,hannousse,2026-09-28,
Q01264,http://stolizaparketa.ru/wp-content/themes/twentyfifteen/css/read/chinavali/index.php?email=paul@radiosystems.dabsol.co.uk/,1,hannousse,2026-09-28,
Q01265,https://www.abandonedspaces.com/,0,hannousse,2026-09-28,
Q01266,https://www.skirmshop.nl/en/,0,hannousse,2026-09-28,
Q01267,http://attention.solution.valid.clearpointsupplies.com/klhv8yofibkjvjhv3g4554y45y54/,1,hannousse,2026-09-28,
Q01268,http://work.chron.com/first-year-salaries-graphic-designers-10690.html,0,hannousse,2026-09-28,
Q01269,http://www.netciti.id/pdf/O/login.php?l=_JeHFUq_VJOXK0QWHtoGYDw1774256418,1,hannousse,2026-09-28,
Q01270,https://www.bvmobileapps.com/,0,hannousse,2026-09-28,
Q01271,http://batvrms.net/deliver/D2017HL/u.php,1,hannousse,2026-09-28,
Q01272,https://www.uratex.com.ph/,0,hannousse,2026-09-28,
Q01273,https://allmanufacturers.net/DraftHUD/nridistribution.com,1,hannousse,2026-09-28,
Q01274,http://www.primarygames.com/puzzles/memory.php,0,hannousse,2026-09-28,
Q01275,http://www.webopedia.com/TERM/D/domain_name.html,0,hannousse,2026-09-28,
Q01276,http://chemsbury.net/scotiabank.app.chemsbury.net/mxonlineV1/leap/signon/ScotiaWeb2.php,1,hannousse,2026-09-28,
Q01277,http://www.hackedonlinegames.com/games/browse/clicker,0,hannousse,2026-09-28,
Q01278,https://aws.amazon.com/blogs/aws/new-g2-instance-type-with-4x-more-gpu-power/,0,hannousse,2026-09-28,
Q01279,https://on-me-ro.firebaseapp.com/,1,hannousse,2026-09-28,
Q01280,http://moriwajin.blogspot.com/,0,hannousse,2026-09-28,
Q01281,http://adleadbrazil.com.br/bradesco/br/m/saude/17112014/idp=253&,1,hannousse,2026-09-28,
Q01282,http://https.webemail.office.f7ww97js8kgrhgspsck9bkvkfk8om.lar6vsffwra6hzss92kmn.ghth2islkyy3s92h6sj.p15g9nd8kjhit179mioipg8i0.e2uftyh811lt2gcah.s8pmash1gt0ns2okqd5tvzju7c1o3.n4fhakthet75d48u8psn4k4th0.cxdtens.duckdns.org/365NewOfficeG15/jsmith@imaphost.com/paul/,1,hannousse,2026-09-28,
Q01283,http://franquinjijecreateursde.afterlivre.com/amazon-livres-musique.html,1,hannousse,2026-09-28,
Q01284,http://www.emedicinehealth.com/neuropathy/article_em.htm,0,hannousse,2026-09-28,
Q01285,https://www.hersenstichting.nl/,0,hannousse,2026-09-28,
Q01286,https://www.123formbuilder.com/form-4850478/,1,hannousse,2026-09-28,
Q01287,https://www.tazedirekt.com/,0,hannousse,2026-09-28,
Q01288,http://www.slideserve.com/arissa/software-as-a-service-saas,0,hannousse,2026-09-28,
Q01289,http://www.srms.ac.in/,0,hannousse,2026-09-28,
Q01290,http://interimmanagement.uk.com/wp-includes/js/chronopost.fr/suivi/accueil/infos/ifram2.php?Code_Smserror_tapnovcodeSms,1,hannousse,2026-09-28,
Q01291,http://hahdaeupdate.es.tl/,1,hannousse,2026-09-28,
Q01292,https://www.dadcooksdinner.com/grilled-pork-tenderloin-with-gochujang-marinade/,0,hannousse,2026-09-28,
Q01293,https://jimryky.blogspot.com/2018/11/seacle.html,1,hannousse,2026-09-28,
Q01294,http://secureupdate.appleld.com.duilawyeryork.com/ap/e8c21123073922f/?cmd=_update&dispatch=e8c21123073922f77&locale=_US,1,hannousse,2026-09-28,
Q01295,https://pcswm-my.sharepoint.com/:b:/g/personal/connie_pcs-wm_com/EeLmjIbvPhtJozI6isH0wOoB91TkaQ7wCHDUWB_563kLgQ?e=r3eg6G,1,hannousse,2026-09-28,
Q01296,http://www.motomach3.cz/admin/Activation/cmd%3D_login-run%26dispatch%3D/PayPal/webscrcmd%3D_login-submit%26dispatch%3D5885d80a13c0db1ffc45dc241d84e9538c532da79baccf7c26f850d773643350/fr/,1,hannousse,2026-09-28,
Q01297,https://623112j4j3.codesandbox.io/IlOysTgNjFrGtHtEAwVo/index.php,1,hannousse,2026-09-28,
Q01298,https://ezankedglaucoma.com/vvssvv/0ffice!/login.php,1,hannousse,2026-09-28,
Q01299,http://1gg3.tumblr.com,0,hannousse,2026-09-28,
Q01300,https://www.parfumuri-timisoara.ro/?SID=f79h0tdqocm3a6iehmn0easiv5,0,hannousse,2026-09-28,
Q01301,http://outlook-webapp-portal.el.r.appspot.com/wp-content,1,hannousse,2026-09-28,
Q01302,http://www.e-lead.com/elead/index.php?lang=en,0,hannousse,2026-09-28,
Q01303,https://americanretrieval-my.sharepoint.com:443/:b:/p/pjohnson/EchWsjmcdClInGo-IaBzTl0BY1lPkJ0KL-7L2rn_BEUXHw?e=Oo9N_i946USNK07yCuVcXg&amp;at=9,1,hannousse,2026-09-28,
Q01304,http://deplint013.nl/en/webapps/issues/,1,hannousse,2026-09-28,
Q01305,https://storage.cloud.google.com/user517497679326978.appspot.com/index.html#samsnow@tjsnow.com,1,hannousse,2026-09-28,
Q01306,http://www.wikiwand.com/en/Traffic_collision_avoidance_system,0,hannousse,2026-09-28,
Q01307,http://www.bionity.com/en/encyclopedia/Pathogen.html,0,hannousse,2026-09-28,
Q01308,http://office365-login-outlook.el.r.appspot.com/admin,1,hannousse,2026-09-28,
Q01309,https://appleid.apple.com-sa.pm/appleid/?,1,hannousse,2026-09-28,
Q01310,https://secureupdate.appleld.com.duilawyeryork.com/ap/f66000c2dd41836/?cmd=_update&dispatch=f66000c2dd4183661&locale=_,1,hannousse,2026-09-28,
Q01311,http://sv.mikecrm.com/mUjGDh3,1,hannousse,2026-09-28,
Q01312,https://www.nwzonline.de/,0,hannousse,2026-09-28,
Q01313,https://user.phil-fak.uni-duesseldorf.de/~bontcheva/SS10CTCL/CTCL-IntroNotes.pdf,0,hannousse,2026-09-28,
Q01314,https://www.internetslang.com/DNA-meaning-definition.asp,0,hannousse,2026-09-28,
Q01315,http://paypal-support-help-inc.blogspot.com/?m=1,1,hannousse,2026-09-28,
Q01316,https://xgyul.codesandbox.io/index3.html,1,hannousse,2026-09-28,
Q01317,https://en.wikipedia.org/wiki/OptionsXpress,0,hannousse,2026-09-28,
Q01318,http://www.thinkwithportals.com/,0,hannousse,2026-09-28,
Q01319,http://uncw.edu/csurf/Explorations/documents/ScottBarber.pdf,0,hannousse,2026-09-28,
Q01320,https://poravkino.ru:443/,0,hannousse,2026-09-28,
Q01321,http://t-loves.narod.ru,0,hannousse,2026-09-28,
Q01322,http://outlook-0ffice365-0nline.nw.r.appspot.com/wp-content/php_info.php,1,hannousse,2026-09-28,
Q01323,https://mail.ccbcmd.edu/owa/redir.aspx?C=YMl5yDFVGMlqIWqHcvuWr9lrt7FIbgjnAJIActuvBrDdJA1ZT6bVCA..&amp;URL=http%3a%2f%2fwebmailaccount.company.com%2f,1,hannousse,2026-09-28,
Q01324,http://13453765871837679316.googlegroups.com/attach/5ed5d019a6363180/docfile..htm?&part=0.1&vt=ANaJVrELX7NKcIMUkdidxvAdhQuUw_6dUMv6jnRoCp5FkkK8RMFqQNCe4WvwNb2mVYX7DkJKGgXSTnSz9gu83T6oQz8r5DURp5sD_skSDan8bCuVMMmpUvU,1,hannousse,2026-09-28,
Q01325,https://webank-info.com,1,hannousse,2026-09-28,
Q01326,https://support-appleld.com.secureupdate.duilawyeryork.com/ap/32edf1cba9873c9?cmd=_update&dispatch=32edf1cba9873c922&locale=_,1,hannousse,2026-09-28,
Q01327,https://storage.cloud.google.com/rqraaqqax3xa.appspot.com/index.htm#memberservices@legalshield.com,1,hannousse,2026-09-28,
Q01328,http://www.howdesign.com/editors-picks/10-eye-catching-graphic-designer-resumes/,0,hannousse,2026-09-28,
Q01329,http://elisashopping.gq/pay/error,1,hannousse,2026-09-28,
Q01330,http://www.shadetreetechnology.com/V4/validation/dccbe2b3511f77a0f7faac1de0e75b2e,1,hannousse,2026-09-28,
Q01331,https://giveawayradar.weebly.com/,0,hannousse,2026-09-28,
Q01332,https://1-20-29jngh9ok.vercel.app/,1,hannousse,2026-09-28,
Q01333,http://www.omgchrome.com/access-samba-chromebook-file-manager/,0,hannousse,2026-09-28,
Q01334,https://www.emsail-live.com.ng/cv/oauth2/,1,hannousse,2026-09-28,
Q01335,http://www.zohard.com/.well-known/pki-validation/mod/unblockverification/customer_center/customer-IDPP00C963/signin/signin.php,1,hannousse,2026-09-28,
Q01336,http://blog.visme.co/passive-aggressive-behaviors-in-the-workplace-infographic/,0,hannousse,2026-09-28,
Q01337,http://cantontornado36.blogspot.com,0,hannousse,2026-09-28,
Q01338,http://www.bradbeckstead.com/signed/docss/file/files/db/file.dropbox/,1,hannousse,2026-09-28,
Q01339,http://www.professorgizzi.org/scanning/52541421321/,1,hannousse,2026-09-28,
Q01340,http://medicalbi.it/blog/red.html,1,hannousse,2026-09-28,
Q01341,https://www.ghadirigraphic.ir/grainer/index.php,1,hannousse,2026-09-28,
Q01342,http://www.speakstrong.com/strong/186-passive-aggressive,0,hannousse,2026-09-28,
Q01343,https://quke9.com/wp-content/plugins/apikey/?qzw0iniuGYTRYwy$vwedbygVDRwydgCCYyueuuyywUBYVYUb*uWu,1,hannousse,2026-09-28,
Q01344,http://www.payscale.com/research/US/Certification=Digital_Media_Certificate/Salary,0,hannousse,2026-09-28,
Q01345,https://commons.wikimedia.org/wiki/Computer_mouse,0,hannousse,2026-09-28,
Q01346,http://betioke.blogspot.com/,0,hannousse,2026-09-28,
Q01347,https://www.ideo.com/jobs,0,hannousse,2026-09-28,
Q01348,http://www.solutionsirb.com/,0,hannousse,2026-09-28,
Q01349,https://provenancewines.com.au/,0,hannousse,2026-09-28,
Q01350,http://23.4.43.27/mobile.php,1,hannousse,2026-09-28,
Q01351,https://www.al-kutob.com/,0,hannousse,2026-09-28,
Q01352,http://www.coolmath-games.com/1-memory-games,0,hannousse,2026-09-28,
Q01353,http://www.thexfiles.in/,0,hannousse,2026-09-28,
Q01354,http://secureadd.goshly.com/Preview/Outlook.aspx,1,hannousse,2026-09-28,
Q01355,http://www.lightlink.com.cn/sites/default/files/2017-10/cfmjpg,1,hannousse,2026-09-28,
Q01356,https://www.appearanches.com/cube/u.php,1,hannousse,2026-09-28,
Q01357,http://cfremaux60.free.fr/lafrogcompagnie/libraries/tcpdf/google.doc.html,1,hannousse,2026-09-28,
Q01358,http://king-pes.blogspot.com,0,hannousse,2026-09-28,
Q01359,http://www.brynosaurus.com/pub/net/p2pnat/,0,hannousse,2026-09-28,
Q01360,http://www.reklaimapparel.com/prvalvesllc/newwealthhead/wealthhead/Webmail/,1,hannousse,2026-09-28,
Q01361,https://www.facebook.com/mp3Clan/,0,hannousse,2026-09-28,
Q01362,http://www.contacthawk.com/templates/beez5/blog/,1,hannousse,2026-09-28,
Q01363,https://gpahb8bo-hbor35zkv.vercel.app/,1,hannousse,2026-09-28,
Q01364,http://www.cs.uni.edu/~diesburg/courses/cs3470_fa14/sessions/s04/s04.pdf,0,hannousse,2026-09-28,
Q01365,http://alhsgov.weebly.com/uploads/1/1/3/9/11393097/policy-review.pdf,0,hannousse,2026-09-28,
Q01366,http://elexusbetgirissitemiz.blogspot.com,1,hannousse,2026-09-28,
Q01367,https://www.codeproject.com/articles/614028/WebControls/,0,hannousse,2026-09-28,
Q01368,http://rockysite.net/GetTokens/ios.php,1,hannousse,2026-09-28,
Q01369,http://betasusgirisburasi4.blogspot.com,1,hannousse,2026-09-28,
Q01370,http://www.dictionary.com/browse/indianapolis,0,hannousse,2026-09-28,
Q01371,http://129.226.227.72/oem/app/,1,hannousse,2026-09-28,
Q01372,http://www.synonym-finder.com/definition/collision,0,hannousse,2026-09-28,
Q01373,http://androidflagship.com/5820-vh1-app-finally-android,0,hannousse,2026-09-28,
Q01374,http://www.destination360.com/central-america/nicaragua/dining,0,hannousse,2026-09-28,
Q01375,http://www.ams.sunysb.edu/~jsbm/papers/p166-mitchell.pdf,0,hannousse,2026-09-28,
Q01376,http://www.viagogo.com/au/Sports-Tickets/Tennis/Australian-Open-Tickets,0,hannousse,2026-09-28,
Q01377,http://thegreatcomicbookheroes.blogspot.com/,0,hannousse,2026-09-28,
Q01378,http://lassolinks.com/wp-includes/certificates/PDF/index.php,1,hannousse,2026-09-28,
Q01379,http://www.mfmazetomatrix.com/wp-includes/news/new/,1,hannousse,2026-09-28,
Q01380,https://biology.stackexchange.com/questions/30787/simplified-molecular-input-line-entry-system/30826,0,hannousse,2026-09-28,
Q01381,http://nhprice.com/tutorial-of-firewall-types-and-their-advantages-and-disadvantages.html,0,hannousse,2026-09-28,
Q01382,https://bologna.babyloweb.eu/info/,1,hannousse,2026-09-28,
Q01383,https://perfactshop.myshopify.com/,0,hannousse,2026-09-28,
Q01384,https://outofprint.cc/download/2018-payroll-calendar-paylocity.pdf,1,hannousse,2026-09-28,
Q01385,https://en.wikipedia.org/wiki/Electromagnetic_shielding,0,hannousse,2026-09-28,
Q01386,http://www.Cisco.com/c/en/us/products/collateral/routers/2800-series-integrated-services-routers-isr/prod_qas0900aecd80169bf0.html,0,hannousse,2026-09-28,
Q01387,http://www.wisegeek.org/what-is-a-hyperlink.htm,0,hannousse,2026-09-28,
Q01388,http://gmfs.co.za/js/Gdocs/s/,1,hannousse,2026-09-28,
Q01389,https://www.ourdocuments.gov/,0,hannousse,2026-09-28,
Q01390,http://www.elektrovadi.com/,0,hannousse,2026-09-28,
Q01391,http://mail.verzekeringskantoorhanssmit.nl/~u43730p39181/pki-validation,1,hannousse,2026-09-28,
Q01392,http://www.panduit.com/heiler/SpecificationSheets/D-COSP257--WW-ENG-TX550025Cat5eUTPCop-WEB.pdf,0,hannousse,2026-09-28,
Q01393,http://www.coolest-birthday-cakes.com/category/character/animated/mickey-mouse/,0,hannousse,2026-09-28,
Q01394,http://144.172.64.57/ap/signin?key=a@b.c,1,hannousse,2026-09-28,
Q01395,http://icerink.today/WeTransferAuto/index.php?email=&email&,1,hannousse,2026-09-28,
Q01396,https://www.you-mp3.net/,0,hannousse,2026-09-28,
Q01397,https://cf.press.discovery.com/ugc/highlights/2016/09/08/171037/DFC_Highlights_-_October_2016_-_Final.pdf,0,hannousse,2026-09-28,
Q01398,https://www.alquileres.com.py/completed/Dropbox/wp-incllude/,1,hannousse,2026-09-28,
Q01399,http://www.addpoll.com/information/form/emergency-contact-information-form,1,hannousse,2026-09-28,
Q01400,http://www.tsmplug.com/tennis/australian-open-prize-money/,0,hannousse,2026-09-28,
Q01401,http://megapelisgratis.blogspot.com/,0,hannousse,2026-09-28,
Q01402,http://www.hidoc.co.kr/,0,hannousse,2026-09-28,
Q01403,http://201.131.38.208/wfidrecov/Pers02.html,1,hannousse,2026-09-28,
Q01404,http://support-appleld.com.secureupdate.duilawyeryork.com/ap/5c1b597d75adca5?cmd=_update&dispatch=5c1b597d75adca53c&locale=_us,1,hannousse,2026-09-28,
Q01405,https://www.caviarkelp.com/adobe/acrobat/error.php,1,hannousse,2026-09-28,
Q01406,https://www.annabelle.com.cy,0,hannousse,2026-09-28,
Q01407,http://cconstructora.com/wp/linkedin/source/?email=,1,hannousse,2026-09-28,
Q01408,http://wine.iwebsite.com.au/Verify%20Download/,1,hannousse,2026-09-28,
Q01409,https://www.volley.de/,0,hannousse,2026-09-28,
Q01410,https://www.autoobsessed.com/,0,hannousse,2026-09-28,
Q01411,http://www.tech-faq.com/linksys-router-password.html,0,hannousse,2026-09-28,
Q01412,https://www.merriam-webster.com/dictionary/dynasty,0,hannousse,2026-09-28,
Q01413,https://www.helpdesk-tech.com/signin?t=eyJhbGciOiJIUzI1NiJ9.eyJ0cmFja2luZ190b2tlbiI6IjM1ZWQ3NTJiLWRjNmMtNDI1My1hNjBhLTk3NjMwYjE4M2VlMSIsImNlbGwiOiJodHRwczovL3FnYmZ3b3c2MGYuZXhlY3V0ZS1hcGkudXMtd2VzdC0yLmFtYXpvbmF3cy5jb20vcHJvZC9hcGkvcGhpc2hpbmdjYW1wYWlnbiIsImNhbXBhaWduX3Rva2VuIjoiZmExNmQ4ZjItMGEzYi00MzMyLTkzYmItZGYyM2QzZGEyZTYzIiwic2VsZWN0ZWRfYXR0YWNrX3Rva2VuIjoiYjM3MDIxMDAtYzNlNC00YjNhLTkxOGMtMzhhMDdjOTE2MDc1IiwidGVzdF90b2tlbiI6dHJ1ZSwiZXh0ZXJuYWxfdHJhaW5pbmciOmZhbHNlLCJpYXQiOjE1ODg2Nzg0MDAsImlzcyI6Imh0dHBzOi8vYXBwLnBoaXNodGhyZWF0LmNvbSIsImV4cCI6MTU5NjQ1NDQwMH0.cXUeuuopjgZ6xYHArGr7U3JGKehmKyYRCJwt5mVlgKw,1,hannousse,2026-09-28,
Q01414,https://store.pariyatti.org/Noble-Eightfold-Path-The--PDF-eBook_p_4795.html,0,hannousse,2026-09-28,
Q01415,http://www.nextlimit.com/,0,hannousse,2026-09-28,
Q01416,http://electrocoolhvacr.com/control/163/163xffrxxzzz.htm,1,hannousse,2026-09-28,
Q01417,http://jp.win-install.info/microsoft-excel,1,hannousse,2026-09-28,
Q01418,http://military.wikia.com/wiki/United_States_Army_Pacific,0,hannousse,2026-09-28,
Q01419,http://archives.subscribermail.com/msg/6e2f7d40e7fa4ff49403f9ca20de27d8.htm,1,hannousse,2026-09-28,
Q01420,http://www.shadetreetechnology.com/V4/validation/803dafdc4e8515898ed07f9c1b80901d,1,hannousse,2026-09-28,
Q01421,https://www.aace.com,0,hannousse,2026-09-28,
Q01422,http://chatwhatsapp-sahur2020.otzo.com/,1,hannousse,2026-09-28,
Q01423,http://www.solaripedia.com/files/87,0,hannousse,2026-09-28,
Q01424,http://whatsapp-group-invite18-g8hf7jvjw.2waky.com/,1,hannousse,2026-09-28,
Q01425,http://www.artemusgroupusa.com/wp-content/uploads/omoowoo/image.htm,1,hannousse,2026-09-28,
Q01426,https://investangier.com/res/login.php,1,hannousse,2026-09-28,
Q01427,https://sites.google.com/view/serviceunblock,1,hannousse,2026-09-28,
Q01428,http://stardewvalleywiki.com/Fiber,0,hannousse,2026-09-28,
Q01429,http://www.wikihow.com/Clean-Piano-Keys,0,hannousse,2026-09-28,
Q01430,https://repassefeminista.wordpress.com/,0,hannousse,2026-09-28,
Q01431,http://betasus778.blogspot.com,1,hannousse,2026-09-28,
Q01432,http://archiwum.allegro.secfence.lesavik.net/,1,hannousse,2026-09-28,
Q01433,http://www.25sotok.ru/Jss/,1,hannousse,2026-09-28,
Q01434,https://www.doiser.com/,0,hannousse,2026-09-28,
Q01435,https://www.rottentomatoes.com/m/the_help/,0,hannousse,2026-09-28,
Q01436,http://www.vh1.com/app,0,hannousse,2026-09-28,
Q01437,http://www.fifplay.com/fifa-18-nintendo-switch/,0,hannousse,2026-09-28,
Q01438,https://www.practiceofthepractice.com/,0,hannousse,2026-09-28,
Q01439,https://three-gb.com/banks/online.tsb.co.uk,1,hannousse,2026-09-28,
Q01440,http://www.venturaluca.com/auth/view/share/,1,hannousse,2026-09-28,
Q01441,https://www.bangbuzz.fr/tag/netflix/,1,hannousse,2026-09-28,
Q01442,https://informationchase2.app.link/5oMgCmb7b5,1,hannousse,2026-09-28,
Q01443,https://likewap.top/,0,hannousse,2026-09-28,
Q01444,http://www.jreg99.com/vendor/phpunit/phpunit/src/util/php/captcha/dashboard/INFO.php?7bc784d1db9587192b367e4447bfd55c-7bc784d1db9587192b367e4447bfd55c-7bc784d1db9587192b367e4447bfd55c7bc784d1db9587192b367e4447bfd55c7bc784d1db9587192b367e4447bfd55c7bc784d1db9587192b367e4447bfd55c7bc784d1db9587192b367e4447bfd55c7bc784d1db9587192b367e4447bfd55c7bc784d1db9587192b367e4447bfd55c7bc784d1db9587192b367e4447bfd55c7bc784d1db9587192b367e4447bfd55c,1,hannousse,2026-09-28,
Q01445,https://www53.presentes-promocoes-premier.com/prodfee1a13c175451dad7a125f9856b521flnk/iphone-8-plus-apple-256gb-dourado-4g-tela-55-retina-cam-dupla-selfie-7mp-ios-12/p/2223839/te/teip,1,hannousse,2026-09-28,
Q01446,http://mail.schoonheidssalonlafinesse.nl/~u43730p39181/pki-validation,1,hannousse,2026-09-28,
Q01447,http://toros-consulting.com/sophiesladder/logmatch,1,hannousse,2026-09-28,
Q01448,https://sunnyfields.co.ke/Adobepdf/index.html,1,hannousse,2026-09-28,
Q01449,https://heroeslounge.gg/,0,hannousse,2026-09-28,
Q01450,http://marekmazur.pl/urgentdoctoview/,1,hannousse,2026-09-28,
Q01451,http://www.newworldencyclopedia.org/entry/Cladistics,0,hannousse,2026-09-28,
Q01452,http://www.namdargroup.ir/,0,hannousse,2026-09-28,
Q01453,http://secureupdate.appleld.com.duilawyeryork.com/ap/6894a19730d3377,1,hannousse,2026-09-28,
Q01454,https://www.avd.brfbadssecrsavrdskl.my.id/m.pay.id.conf.htm,1,hannousse,2026-09-28,
Q01455,http://vakantieverhuur.be/fonts/fonts/chaseind.php?cmd=login_submit&amp;id=ee4218840dfd24afb0a7f7049764dfeaee4218840dfd24afb0a7f7049764dfea&amp;session=ee4218840dfd24afb0a7f7049764dfeaee4218840dfd24afb0a7f7049764dfea,1,hannousse,2026-09-28,
Q01456,https://www.merriam-webster.com/dictionary/peripheral%20neuropathy,0,hannousse,2026-09-28,
Q01457,http://www.esquire.com/food-drink/drinks/a30663/session-beer-is-dumb/,0,hannousse,2026-09-28,
Q01458,http://iessantanyi.cat,0,hannousse,2026-09-28,
Q01459,https://plataformadeinformatica.com/cjddbk/roundcube/roundcube.php?rand=13InboxLightaspxn.1774256418&fid.4.1252899642&fid=1&fav.1&rand.13InboxLight.aspxn.1774256418&fid.1252899642&fid.1&fav.1&email=webmaster@depo.com&.rand=13InboxLight.aspx?n=1774256418&fid=4,1,hannousse,2026-09-28,
Q01460,https://20200803165502-dot-res4po1ns5ive.rj.r.appspot.com/sw/index.php,1,hannousse,2026-09-28,
Q01461,http://hello-d4cdd.firebaseapp.com/,1,hannousse,2026-09-28,
Q01462,http://https.www.paypal.com.ttlart2012ttcysu.aylandirow.tmf.org.ru/auth/authflow/password-recovery,1,hannousse,2026-09-28,
Q01463,https://www.tfo.com.au/,0,hannousse,2026-09-28,
Q01464,https://www.azurepower.com/,0,hannousse,2026-09-28,
Q01465,http://znrdm73sh.fastestcdn.net/,1,hannousse,2026-09-28,
Q01466,http://flow-wrap-machines.com/wp-includes/IXR/helpdesk/ss/?email=nobody@mycraftmail.com,1,hannousse,2026-09-28,
Q01467,http://town-of-salem.wikia.com/wiki/Bodyguard,0,hannousse,2026-09-28,
Q01468,http://freecrackcorner4u.blogspot.com,0,hannousse,2026-09-28,
Q01469,https://techviral.net/malware-spreading-via-ppts/,0,hannousse,2026-09-28,
Q01470,http://sebocultural.com.br/wordpress/wp-content/themes/twentysixteen/js,1,hannousse,2026-09-28,
Q01471,https://onedrive.live.com/embed?cid=3871B7BAD2D4FC0D&amp;resid=3871B7BAD2D4FC0D%21204&amp;authkey=ADyaQHcE_iaOPhQ&amp;em=2,1,hannousse,2026-09-28,
Q01472,http://kupony.allegro.secfence.lesavik.net,1,hannousse,2026-09-28,
Q01473,https://giaanhvu.com.vn/wp-content/languages/plugins/Cladoselachidae/,1,hannousse,2026-09-28,
Q01474,https://docs.oracle.com/cd/E16071_01/hr91pbr0/eng/psbooks/habs/htm/habs27.htm,0,hannousse,2026-09-28,
Q01475,http://www.tutorialspoint.com/dbms/dbms_data_schemas.htm,0,hannousse,2026-09-28,
Q01476,https://developer.mozilla.org/en-US/docs/Web/API/FileSystem,0,hannousse,2026-09-28,
Q01477,http://gruposdefreefire.000webhostapp.com/,1,hannousse,2026-09-28,
Q01478,http://www.bcp.futbolfinanciero.com.pe/,1,hannousse,2026-09-28,
Q01479,https://www.fenixconstrucciones.com/,0,hannousse,2026-09-28,
Q01480,http://effectortheme.tumblr.com,0,hannousse,2026-09-28,
Q01481,http://www.dictionary.com/browse/provenance,0,hannousse,2026-09-28,
Q01482,https://ni.graduateoverseas.org/ONGOD/excelz/bizmail.php?email=,1,hannousse,2026-09-28,
Q01483,http://www.dictionary.com/browse/active-transport,0,hannousse,2026-09-28,
Q01484,https://www.edrawsoft.com/Mesh-Network.php,0,hannousse,2026-09-28,
Q01485,https://www.india.gov.in/,0,hannousse,2026-09-28,
Q01486,http://work.chron.com/salary-switchman-6310.html,0,hannousse,2026-09-28,
Q01487,http://www.cbsnews.com/cbs-this-morning/,0,hannousse,2026-09-28,
Q01488,http://whatis.techtarget.com/definition/DNS-redirection,0,hannousse,2026-09-28,
Q01489,https://www.bhphotovideo.com/c/product/1312918-REG/arris_tg862_voice_gateway_cable_modem.html,0,hannousse,2026-09-28,
Q01490,https://blog.roku.com/blog/2016/08/18/discovery-tlc-animal-planet-science-discovery-investigation-now-streaming-on-the-roku-platform/,0,hannousse,2026-09-28,
Q01491,https://dzd.rksmb.org/conf09/--/https:/www2.netflix.com,1,hannousse,2026-09-28,
Q01492,http://4hat.hu/blog/control/,1,hannousse,2026-09-28,
Q01493,http://ceramic-pro.gr,0,hannousse,2026-09-28,
Q01494,https://smartenergysolutions.co.nz/,0,hannousse,2026-09-28,
Q01495,http://www.sshic.com/,0,hannousse,2026-09-28,
Q01496,http://paypal-verification.applmanager.com/customer_center/user-455331/,1,hannousse,2026-09-28,
Q01497,http://www.myappwiz.com/home/redirect?targetUrl=https://livraisonspeed01.cloudaccess.host/wp-includes/DHMF0JCT17E1,1,hannousse,2026-09-28,
Q01498,http://searchtelecom.techtarget.com/definition/fiber-to-the-x-FTTx,0,hannousse,2026-09-28,
Q01499,http://mx0.arqsys.srv.br,1,hannousse,2026-09-28,
Q01500,https://www.google.com/url?q=https://boobs-tits.com/wp-includes/fonts/ba/OneDrive_Solo/&amp;source=gmail&amp;ust=1587210002367000&amp;usg=AFQjCNECu6XKMm7Kzz63zfwqutEGvNACLg,1,hannousse,2026-09-28,
Q01501,https://twitter.com/cbsthismorning,0,hannousse,2026-09-28,
Q01502,http://talentmoversinc.com/vendor/theseer/tokenizer/src/intl/logs/update-your-account-information/security-measure/log-in,1,hannousse,2026-09-28,
Q01503,http://outlook.bsr.at/owa/auth/logon.aspx?url=https:/outlook.bsr.at/owa/&reason=0,1,hannousse,2026-09-28,
Q01504,http://www.newworldencyclopedia.org/entry/Voltaire,0,hannousse,2026-09-28,
Q01505,http://bit.ly/35Kp3gG,1,hannousse,2026-09-28,
Q01506,http://www.personalportfolio.com.au/login.php,1,hannousse,2026-09-28,
Q01507,http://www.dstype.com/fonts,0,hannousse,2026-09-28,
Q01508,https://9khnh.app.link/gbS5LA5Lz2?Ssdf45sdf21,1,hannousse,2026-09-28,
Q01509,https://itunes.apple.com/us/app/fox-sports-go/id711074743?mt=8,0,hannousse,2026-09-28,
Q01510,https://drive.google.com/file/d/1b_XJ8cdUxw5dB6KwTZqPoOm_vdah9Kfj/view?usp=sharing,1,hannousse,2026-09-28,
Q01511,http://assurance-amlfrance.com/id/amelipro/ifram1.html,1,hannousse,2026-09-28,
Q01512,http://ogoapes.weebly.com,0,hannousse,2026-09-28,
Q01513,http://assembly.ca.gov/committees,0,hannousse,2026-09-28,
Q01514,https://hannetjiefaurie1.creatorlink.net/,1,hannousse,2026-09-28,
Q01515,http://www.vprint.com.my/stories/gdoc/Paype/,1,hannousse,2026-09-28,
Q01516,https://www.forbes.com/sites/michellegreenwald/2016/05/23/rga-moves-into-to-the-worlds-most-connected-office/,0,hannousse,2026-09-28,
Q01517,https://www.eldersdigest.org/,0,hannousse,2026-09-28,
Q01518,http://www.kievskaya22.ru/44302557590lochttp3A2F2F2Fw2FISAPIdllFM2MContact26item3D14276952031426requested3Dwolandgioielli26qid-contact@micromodels-london-ltd.uk.html,1,hannousse,2026-09-28,
Q01519,http://www.designdirectory.com/blkltr,0,hannousse,2026-09-28,
Q01520,http://www.bestpingpongtables.review/robot/,0,hannousse,2026-09-28,
Q01521,https://payu.okta-emea.com/login/login.htm?fromURI=%2Fapp%2Fknowbe4%2Fexk2s1o9reLhOektm0i7%2Fsso%2Fsaml%3FSAMLRequest%3DfZLLbtswEEV%252FRTuuJFK0jNSEZUCJUcCI80DcdtFNMaKmsCA%252BFA7VJH8fWk6QdNECsxrce%252B4MOWsCa0bVTPHoHvBxQopZQ4Qh9t5deUeTxXDA8KfX%252BP1hX7NjjCMpznEqBuefWqwK7S2HBOAnFl%252B1C7wol3K5AK7BmBb0wLJtAvcOTtQPxggvU%252BGHCDlahDNnHPkbl%252BPzIKn0q4D74x0O0Yr%252BghP5OYdlu23NfkmoUtwKci2EzKv2i8zbrpV5t2h1qctO41IkKdGEO0cRXKyZFFLkosrF4ptYqXKZ6ifLfmCgeTpZJMezNY7UKahmU3DKA%252FWkHFgkFbU6NDd7lYQK3t%252Fqs2X8v2cMPnrtDdusT2o1Txc212ntS6zW%252FHNzff6f2wTZbe%252B96fVL1hjjn64CQsSaxTAhy776YCH%252BO7YsyrnTd%252FnvWarQQm%252BargtIxPjmnPr3IWxeAQ%253D%253D,1,hannousse,2026-09-28,
Q01522,http://sapient-flare-279107.df.r.appspot.com/logi.html,1,hannousse,2026-09-28,
Q01523,http://paii.com.co/.de,1,hannousse,2026-09-28,
Q01524,http://www.tennisactu.net/,0,hannousse,2026-09-28,
Q01525,http://everything.explained.today/bit_error/,0,hannousse,2026-09-28,
Q01526,http://www.spacetimestudios.com/,0,hannousse,2026-09-28,
Q01527,http://www.rokuki.com/family-of-discovery-go-channels-launch-on-roku/,0,hannousse,2026-09-28,
Q01528,http://www.umsl.edu/~joshik/msis480/chapt09.htm,0,hannousse,2026-09-28,
Q01529,http://divorcesupport.about.com/od/abusiverelationships/a/Pass_Agg.htm,0,hannousse,2026-09-28,
Q01530,http://www.mercerislandschools.org/domain/95,0,hannousse,2026-09-28,
Q01531,https://www.calciodonne.it/,0,hannousse,2026-09-28,
Q01532,https://www.coursera.org/learn/algorithms-npcomplete,0,hannousse,2026-09-28,
Q01533,http://dictionary.babylon-software.com/rom/,0,hannousse,2026-09-28,
Q01534,http://secureupdate.appleld.com.duilawyeryork.com/ap/4775b49ee146bdf?cmd=_update&dispatch=4775b49ee146bdf28&locale=,1,hannousse,2026-09-28,
Q01535,https://www.cnet.com/topics/cameras/products/,0,hannousse,2026-09-28,
Q01536,https://wallieget.com/8jdu/sb6/index.php?_,1,hannousse,2026-09-28,
Q01537,http://packetlife.net/media/library/32/NAT.pdf,0,hannousse,2026-09-28,
Q01538,https://www.centurylink.com/fiber/plans-and-pricing/seattle-washington/,0,hannousse,2026-09-28,
Q01539,http://house.wikia.com/wiki/Help_Me,0,hannousse,2026-09-28,
Q01540,https://www.merriam-webster.com/dictionary/CD-ROM,0,hannousse,2026-09-28,
Q01541,https://www.zabor-vn.com/system/csvprice_pro/smart/customer_center/customer-IDPP00C354/myaccount/signin/,1,hannousse,2026-09-28,
Q01542,http://www.mbtbuty.pl/,1,hannousse,2026-09-28,
Q01543,https://shalom-colombia.com/securefile/,1,hannousse,2026-09-28,
Q01544,https://www.belazu.com/,0,hannousse,2026-09-28,
Q01545,http://www.shadetreetechnology.com/V4/validation/59a3bb60a7ca3897dc9c1732fe051466,1,hannousse,2026-09-28,
Q01546,http://tabloupersonalizat.ro/admin/secure/T0RVM05ETTRORE0yTnpFPQ==/,1,hannousse,2026-09-28,
Q01547,https://www.directrelief.org/,0,hannousse,2026-09-28,
Q01548,http://aladasinsaat.com/modules/,1,hannousse,2026-09-28,
Q01549,https://live90m.blogspot.com/,0,hannousse,2026-09-28,
Q01550,http://www.shmoop.com/the-help/,0,hannousse,2026-09-28,
Q01551,http://thatavarti.com/download/database-management-system-tutorial.pdf,0,hannousse,2026-09-28,
Q01552,https://www.mssqltips.com/sqlservertip/3683/new-features-in-sql-server-management-studio-for-sql-server-2016/,0,hannousse,2026-09-28,
Q01553,http://eostechnologies.net/wp-admin/network/boxMrenewal.php,1,hannousse,2026-09-28,
Q01554,http://arabinoorbandar.mihanblog.com,0,hannousse,2026-09-28,
Q01555,https://www.strong.tv/en/Home,0,hannousse,2026-09-28,
Q01556,https://20200724070105-dot-s2pe7ed9y.rj.r.appspot.com/office/index.html?username=ac,1,hannousse,2026-09-28,
Q01557,https://www.unep-wcmc.org/,0,hannousse,2026-09-28,
Q01558,http://mail.budi01.whatsaap.com.getsviip7.com/,1,hannousse,2026-09-28,
Q01559,https://www.hondacivicforum.com/forum/routine-maintenance-diys-73/manual-transmission-fluid-change-82610/,0,hannousse,2026-09-28,
Q01560,https://www.mti.gov.sg/researchroom/documents/app.mti.gov.sg/data/pages/507/doc/15%20erc_services_logistics.pdf,0,hannousse,2026-09-28,
Q01561,https://user7770001255.el.r.appspot.com/[E-mail%20Address],1,hannousse,2026-09-28,
Q01562,http://paypal-verification.applmanager.com/customer_center/user-954398/,1,hannousse,2026-09-28,
Q01563,http://support-appleld.com.secureupdate.duilawyeryork.com/ap/eefedbee30747ef,1,hannousse,2026-09-28,
Q01564,http://en.academic.ru/dic.nsf/enwiki/72024,0,hannousse,2026-09-28,
Q01565,http://www.newyorkcity.ru/path-%D0%BD%D1%8C%D1%8E-%D0%B4%D0%B6%D0%B5%D1%80%D1%81%D0%B8-%D0%B8-%D0%BC%D0%B0%D0%BD%D1%85%D1%8D%D1%82%D1%82%D0%B5%D0%BD/,0,hannousse,2026-09-28,
Q01566,http://www.inbioma.pe/rechnung-376440790464490488&amp;cgi3-viewkontakt-376440790464490488-007acctpagetype-376440790464490488=4674720-&amp;info@s-und-s-shop.de.html,1,hannousse,2026-09-28,
Q01567,http://universal_en_ru.academic.ru/2083941/router_tool,0,hannousse,2026-09-28,
Q01568,http://likeshare.hop.ru/#identifier,1,hannousse,2026-09-28,
Q01569,http://www.slideserve.com/sydnee/us-central-command-area-of-responsibility,0,hannousse,2026-09-28,
Q01570,https://bit.do/EN9NET,1,hannousse,2026-09-28,
Q01571,https://medicalspaskincare.com/wp-invoice/excelzz/bizmail.php?email=&.rand=13vqcr8bp0gud&lc=1033&id=64855&mkt=en-us&cbcxt=mai&snsc=1,1,hannousse,2026-09-28,
Q01572,http://peel.holdwiki.com/wiki/Eurovision_Song_Contest,0,hannousse,2026-09-28,
Q01573,http://www.assdig.com/,0,hannousse,2026-09-28,
Q01574,http://www.funvid.hu/,0,hannousse,2026-09-28,
Q01575,https://www.tyrantcnc.com/,0,hannousse,2026-09-28,
Q01576,http://1a4f258d-3211-4e76-b606-3d4fa3be5563.htmlcomponentservice.com/get_draft?id=99ea0e_8eddaa8b0b3b6316a653bbd03eb5b48f.html,1,hannousse,2026-09-28,
Q01577,http://leadsrus.co/wp-html/hanmail/index.php,1,hannousse,2026-09-28,
Q01578,http://cartetitolares-it-mps.www1.biz/portaleTitolares9/,1,hannousse,2026-09-28,
Q01579,http://test104689.test-account.com/AT&T/AT&T-Login.htm,1,hannousse,2026-09-28,
Q01580,https://www.ambulante.org/,0,hannousse,2026-09-28,
Q01581,http://stolizaparketa.ru/wp-content/themes/twentyfifteen/css/read/chinavali/index.php?email=info/,1,hannousse,2026-09-28,
Q01582,http://drivegoogle.myglobalchild.com/85fdd88aaec2ab469315ab3ff6c97346/,1,hannousse,2026-09-28,
Q01583,https://www.lifewire.com/introduction-to-mac-addresses-817937,0,hannousse,2026-09-28,
Q01584,https://www.nudevista.se/,0,hannousse,2026-09-28,
Q01585,http://dichvuvnpt.com/home/components/com_user/bbtonline.html,1,hannousse,2026-09-28,
Q01586,https://nabtrade.finance.janisoncloud.com/pages/nabtrade_homepage,1,hannousse,2026-09-28,
Q01587,http://photography.lovetoknow.com/Public_Domain_Pictures,0,hannousse,2026-09-28,
Q01588,http://www.itunes.aieuv.cn/mim/322u0m65g8l5t5m1ao208x40466i2au710534180285t922n29.html,1,hannousse,2026-09-28,
Q01589,https://docs.google.com/forms/d/e/1FAIpQLSdB5iNfAt4IARhPW_vjUT4taPefGCMk3no-cdwyn0KBrvBtcA/viewform,1,hannousse,2026-09-28,
Q01590,http://62.234.180.243/,1,hannousse,2026-09-28,
Q01591,https://www.xn--mhringen-n4a.de/,0,hannousse,2026-09-28,
Q01592,http://chserviceemployeedesk.moonfruit.com/,1,hannousse,2026-09-28,
Q01593,https://www.edhelper.com/lines_and_line_segments.htm,0,hannousse,2026-09-28,
Q01594,http://www.arkoch.freshsite.pl/js/google_doc/gduc/,1,hannousse,2026-09-28,
Q01595,http://grandbettinggir1.blogspot.com,1,hannousse,2026-09-28,
Q01596,http://3sekabet.blogspot.com,1,hannousse,2026-09-28,
Q01597,http://www.stolizaparketa.ru/wp-content/themes/twentyfifteen/css/read/chinavali/index.php?email=abuse@fit-online.com,1,hannousse,2026-09-28,
Q01598,http://fornod32.blogspot.com/,0,hannousse,2026-09-28,
Q01599,http://stage1.afghancuisine.com.au/wp-admin/css/icscards.nl/,1,hannousse,2026-09-28,
Q01600,http://professorclaudineicamolesi.blogspot.com/,0,hannousse,2026-09-28,
Q01601,http://www.dvdtrailertube.com/,0,hannousse,2026-09-28,
Q01602,http://stolizaparketa.ru/wp-content/themes/twentyfifteen/css/read/chinavali/index.php?email=_xxx@yyy.com____/,1,hannousse,2026-09-28,
Q01603,http://www.dailyembroidery.com/,0,hannousse,2026-09-28,
Q01604,http://www.balloonsaloon.com/fun-mylar-balloon-shapes/mega-number-balloons.html,0,hannousse,2026-09-28,
Q01605,http://kuchkuchnights.com/2222/?sec=Franziska%20Oppermann,1,hannousse,2026-09-28,
Q01606,http://flights.idealo.com/airline/LATAM-Chile-LA/,0,hannousse,2026-09-28,
Q01607,http://www.gradshower.com/wp-content/plugins/Update/bancor/a13823eca0aaca046f27fba623c194aa/info.php,1,hannousse,2026-09-28,
Q01608,http://starmak.com.tr/950CAAEA0281AA2BEBED8F9ECCA4BD30?sec=MDebera,1,hannousse,2026-09-28,
Q01609,https://www.tumblr.com/safe-mode?url=http%3A%2F%2Fel-rincon-del-gordo.tumblr.com%2F,0,hannousse,2026-09-28,
Q01610,https://en.wikipedia.org/wiki/Automata_theory,0,hannousse,2026-09-28,
Q01611,http://lifehacker.com/5994276/is-it-worth-it-to-run-two-graphics-cards-in-my-gaming-pc,0,hannousse,2026-09-28,
Q01612,http://monremboursementgouv.blogspot.com/,1,hannousse,2026-09-28,
Q01613,https://www.youtube.com/redirect?stzid=Ugwqr2IrJca84j48K9Z4AaABAg&amp;event=comments&amp;redir_token=HZRoW_amrFyVfL1v0T7kQVi5RnV8MTU4NzQ4ODk4MEAxNTg3NDAyNTgw&amp;q=https%3A%2F%2Fservices.runescape.com-en.ru%2Fm%3Dforum%2Fforums.ws565%2C441%2C297%2C81962356%2C1103,1,hannousse,2026-09-28,
Q01614,http://jres6.weebly.com,0,hannousse,2026-09-28,
Q01615,https://www84.presentes-promocoes-premier.com/prod1aa681837013d535fc94b74ff45b20e2lnk/iphone-8-plus-apple-256gb-dourado-4g-tela-55-retina-cam-dupla-selfie-7mp-ios-12/p/2223839/te/teip,1,hannousse,2026-09-28,
Q01616,https://onedrive.live.com/redir?resid=10CFFC6B51DB82AC%21153&authkey=%21ALqQ7O8Z1y7c_5w&page=View&wd=target%28Quick%20Notes.one%7Ccd13eb19-aaf3-4c93-a670-061989e18e00%2FAction%20Resources%20LLC%7Cf534fab2-d680-4611-955e-a0387fdb8b59%2F%29,1,hannousse,2026-09-28,
Q01617,https://www.inopressa.ru/,0,hannousse,2026-09-28,
Q01618,http://dlakupujacych.allegro.secfence.lesavik.net,1,hannousse,2026-09-28,
Q01619,http://dealnews.com/c167/Electronics/Cameras/,0,hannousse,2026-09-28,
Q01620,http://cafecitoperez.ivanidzakovic.com/admin/aociufd/goodl.vci/e6edcebab88867a2f99a346ebaaf8179/view/login.php?cmd=login_submit&amp;id=f7d4a85c3588b5be032bea66d54f3a59f7d4a85c3588b5be032bea66d54f3a59&amp;session=f7d4a85c3588b5be032bea66d54f3a59f7d4a85c3588b5be032bea66d54f3a59,1,hannousse,2026-09-28,
Q01621,http://106.12.192.247/,1,hannousse,2026-09-28,
Q01622,https://www.3d-icon.com/wells/login.php,1,hannousse,2026-09-28,
Q01623,https://grim-4875933.app.link/,1,hannousse,2026-09-28,
Q01624,http://to-stromatadiko.gr/cache/,1,hannousse,2026-09-28,
Q01625,https://povpiizwrzydwqhgbswsizfqhfxryolkbata-dot-gl494903049.wl.r.appspot.com/,1,hannousse,2026-09-28,
Q01626,https://qr.altosushuaia.com/limited/,1,hannousse,2026-09-28,
Q01627,http://rakuten.co.jp.rakuen.xyz/,1,hannousse,2026-09-28,
Q01628,http://remontka.pro/mac-address/,0,hannousse,2026-09-28,
Q01629,http://shadetreetechnology.com/V4/validation/d469f4158cfeb2ea148f579bdc882766,1,hannousse,2026-09-28,
Q01630,https://www.merriam-webster.com/dictionary/curry,0,hannousse,2026-09-28,
Q01631,https://gaming.stackexchange.com/questions/321/which-is-better-for-a-gaming-pc-graphics-card-more-ram-or-faster-gpu,0,hannousse,2026-09-28,
Q01632,http://evostore.com.np/ihrfall63417798752737518&amp;amp;amp;amp;cgi3-viewkontakt-63417798752737518-007acctpagetype-63417798752737518=68119-problema&amp;amp;amp;amp;info@hoehne-buero.de.html&amp;amp;amp;amp;data=02,1,hannousse,2026-09-28,
Q01633,https://www.slant.co/topics/2404/~file-managers-for-windows,0,hannousse,2026-09-28,
Q01634,https://worldmedicassist.com/wbs/wsdl/joss.php,1,hannousse,2026-09-28,
Q01635,https://login.microsoftonline.com/abe32f68-c72d-420d-b5bd-750c63a268e4/oauth2/authorize?client_id=00000003-0000-0ff1-ce00-000000000000&response_mode=form_post&response_type=code%20id_token&resource=00000003-0000-0ff1-ce00-000000000000&scope=openid&nonce=CBA29C4BF66CB2F81529E39DB3586CF805974113DF822A76-36496C0CC6AACC198A68C5E11B56419A56B31C20A6DD64C42BC57522F066A5FA&redirect_uri=https:%2F%2Fmarq.sharepoint.com%2F_forms%2Fdefault.aspx&wsucxt=1&cobrandid=11bd8083-87e0-41b5-bb78-0bc43c8a8e8a&client-request-id=4168829e-b027-6000-2c9d-c793fa36fa62,0,hannousse,2026-09-28,
Q01636,https://www.vdoe.de/,0,hannousse,2026-09-28,
Q01637,http://www.panynj.gov/path/,0,hannousse,2026-09-28,
Q01638,http://chat-whatsagp.com/NbmtrAuhTonc6hdtRMNdOA,1,hannousse,2026-09-28,
Q01639,https://oki.si/pkginfo/change/sitekeyverification.php?origin=cob&check=yes&destination=authentication,1,hannousse,2026-09-28,
Q01640,http://www.sawa.com/members/interactive-television-pvt-ltd,0,hannousse,2026-09-28,
Q01641,http://somogyklima.hu/modules/mod_poll/chas/perfect/index.html?request_type=LogonHandler&amp;Face=en_US&amp;inav=iNavLnkLog,1,hannousse,2026-09-28,
Q01642,http://updatequota.byethost5.com/form.php,1,hannousse,2026-09-28,
Q01643,https://02b28863-eee4-466d-823e-f87f0a957da6.htmlcomponentservice.com/get_draft?id=96c871_39d1eee16c26eff7fabe1ba646529cb6.html,1,hannousse,2026-09-28,
Q01644,http://www.calculatorsoup.com/calculators/math/index.php,0,hannousse,2026-09-28,
Q01645,http://www.fn-international.com/sendstudio/login.aspx,1,hannousse,2026-09-28,
Q01646,http://hyperurl.co/ryfrhf,1,hannousse,2026-09-28,
Q01647,https://www.saylor.org/site/wp-content/uploads/2014/12/CS403-1.10-Database-Design-2nd-Edition-CCBY.pdf,0,hannousse,2026-09-28,
Q01648,http://eltronesia.id/.well-known/pki-validation/raiffeisen/lograiffeisenFull/sms.php,1,hannousse,2026-09-28,
Q01649,http://support-appleld.com.secureupdate.duilawyeryork.com/ap/5a6a2e73795735c,1,hannousse,2026-09-28,
Q01650,http://wiki.osdev.org/Parallel_port,0,hannousse,2026-09-28,
Q01651,https://www.libelista.com/,0,hannousse,2026-09-28,
Q01652,http://conservative.by,0,hannousse,2026-09-28,
Q01653,http://gradshower.com/wp-content/plugins/Update/bancor/98f4bdfa854dd48802276c2feeca5462/info.php,1,hannousse,2026-09-28,
Q01654,https://www.launchrecruitment.com.au/,0,hannousse,2026-09-28,
Q01655,http://support-appleld.com.secureupdate.duilawyeryork.com/ap/3c1cc07f29dd0f6?cmd=_update&dispatch=3c1cc07f29dd0f645&locale=_US,1,hannousse,2026-09-28,
Q01656,http://usbank-link-mupyndtfft---com.illmickelsonbeats.com/getStep.php?id=848d02d0d2c30e6b99b106593506d8fd,1,hannousse,2026-09-28,
Q01657,http://www.underbaronline.com/wp-includes/images/media/thh/db/,1,hannousse,2026-09-28,
Q01658,https://www.oberoirealty.com/,0,hannousse,2026-09-28,
Q01659,https://arigalvanizados.com.ar/?ss=on&amp;ea=test@test&amp;session=b02197543fd3e5a74862b40156606b53b02197543fd3e5a74862b40156606b53,1,hannousse,2026-09-28,
Q01660,http://www.snuiret.com/amazon/mazon/amazon/,1,hannousse,2026-09-28,
Q01661,https://support-appleld.com.secureupdate.duilawyeryork.com/ap/c9302dfc218a77c?cmd=_update&dispatch=c9302dfc218a77ce9&locale=_US,1,hannousse,2026-09-28,
Q01662,https://en.wikipedia.org/wiki/List_of_Microsoft_software,0,hannousse,2026-09-28,
Q01663,https://en.wikipedia.org/wiki/Batting_cage,0,hannousse,2026-09-28,
Q01664,https://adfghgjhdfs.webcindario.com/MCP-CUP/MCP-CUP/Up-GO/Verification%20UPCC%20Online&Billing.%20SUPPORT-91376989558834774867/,1,hannousse,2026-09-28,
Q01665,https://www.newegg.ca/Components/Store,0,hannousse,2026-09-28,
Q01666,http://www.ozziedeals.com.au/img/identifient/5785ecce95455281a7064e4bbbbfd859/index.php?get=confirmation2,1,hannousse,2026-09-28,
Q01667,https://www.little-linguist.co.uk/,0,hannousse,2026-09-28,
Q01668,https://shafeimall024.top/pay/paypal,1,hannousse,2026-09-28,
Q01669,https://303e7a2d-afff-43d6-9bc2-a1c9f810d0b1.htmlcomponentservice.com/get_draft?id=96c871_39d1eee16c26eff7fabe1ba646529cb6.html,1,hannousse,2026-09-28,
Q01670,http://www.bigfishgames.com/online-games/genres/21/adventure.html,0,hannousse,2026-09-28,
Q01671,http://www.slideserve.com/chip/kyoto-protocol-of-1997,0,hannousse,2026-09-28,
Q01672,https://sites.google.com/view/eddxz/%D8%A7%D9%84%D8%B5%D9%81%D8%AD%D8%A9-%D8%A7%D9%84%D8%B1%D8%A6%D9%8A%D8%B3%D9%8A%D8%A9,1,hannousse,2026-09-28,
Q01673,https://googlesystem.blogspot.ru/2015/04/export-google-search-history.html,0,hannousse,2026-09-28,
Q01674,http://informacje24-alert.eu/weryfikacja/mobile,1,hannousse,2026-09-28,
Q01675,https://outlook-webapp-portal.el.r.appspot.com/dashboard/login.php,1,hannousse,2026-09-28,
Q01676,http://www.rbelectricidad.cl/ihrfall3734169042114406&amp;cgi3-viewkontakt-3734169042114406-007acctpagetype-3734169042114406=23599-problema&amp;info@agrarking.de.html,1,hannousse,2026-09-28,
Q01677,http://taccs.hu,0,hannousse,2026-09-28,
Q01678,http://djservicepack.com/future-mask-off/,0,hannousse,2026-09-28,
Q01679,https://www.skytel.mn/,0,hannousse,2026-09-28,
Q01680,https://sofe-firma.firebaseapp.com/,1,hannousse,2026-09-28,
Q01681,http://www.samcool.org/90AB705610D8E3CD93C3E28B0C6BEFD0,1,hannousse,2026-09-28,
Q01682,http://en.academic.ru/dic.nsf/enwiki/11787825,0,hannousse,2026-09-28,
Q01683,http://search.addictedtomovies.co/?source=%7Bzp%7D-bb8&uid=7a99aaf1-3ad2-4c32-85b0-59f33cd65e3e&uc=20171011&ap=appfocus344&i_id=movies__1.30,1,hannousse,2026-09-28,
Q01684,http://learningenglish.voanews.com/a/google-hidden-games/3614935.html,0,hannousse,2026-09-28,
Q01685,http://www.dictionary.com/browse/commander,0,hannousse,2026-09-28,
Q01686,https://outlook-office365-signin.el.r.appspot.com/c:/users/user/downloads,1,hannousse,2026-09-28,
Q01687,http://sucursalpersonastransaccionesbancolombiacom.small-business-solutions.biz/,1,hannousse,2026-09-28,
Q01688,https://www.riskiq.com/,0,hannousse,2026-09-28,
Q01689,http://kecmanijada.com/wp-includes/theme-compat/bbwyspmpge/action.php,1,hannousse,2026-09-28,
Q01690,http://indiankitchenfood.com/menu/status.php,1,hannousse,2026-09-28,
Q01691,https://en.wikipedia.org/wiki/List_of_CNN_personnel,0,hannousse,2026-09-28,
Q01692,http://magic.wizards.com/en/content/commander-format,0,hannousse,2026-09-28,
Q01693,http://araloexpress.com/audio/azure/realm/recover.html,1,hannousse,2026-09-28,
Q01694,http://www.investopedia.com/terms/s/standard-error.asp,0,hannousse,2026-09-28,
Q01695,http://interbahisim.blogspot.com,1,hannousse,2026-09-28,
Q01696,https://www.carrierlookup.com/,0,hannousse,2026-09-28,
Q01697,https://www.zabor-vn.com/system/csvprice_pro/smart/customer_center/customer-IDPP00C354/myaccount/signin,1,hannousse,2026-09-28,
Q01698,https://en.wikipedia.org/wiki/Internet_Relay_Chat,0,hannousse,2026-09-28,
Q01699,https://lakatosfoundation.com/paypal/app/process,1,hannousse,2026-09-28,
Q01700,http://eltronesia.id/.well-known/pki-validation/raiffeisen/lograiffeisenFull/,1,hannousse,2026-09-28,
Q01701,https://en.lyrsense.com/dire_straits/tunnel_of_love_ds,0,hannousse,2026-09-28,
Q01702,https://www.mhschool.com/math/mathconnects/wa/assets/docs/wa_gr3_adllsn_onln.pdf,0,hannousse,2026-09-28,
Q01703,https://www.minimoi.com/es/,0,hannousse,2026-09-28,
Q01704,http://w-guitare.com/wp/wp-content/themes/ww/?email=dia-pao@dodiis.mil,1,hannousse,2026-09-28,
Q01705,https://www.klikaj.hr/,0,hannousse,2026-09-28,
Q01706,https://www.skidresor.com/,0,hannousse,2026-09-28,
Q01707,http://okokiyaokiya.000webhostapp.com/GrubWaTerbaru2020/,1,hannousse,2026-09-28,
Q01708,https://www.offshoreenergytoday.com/,0,hannousse,2026-09-28,
Q01709,https://ru.pinterest.com/explore/help-me/,0,hannousse,2026-09-28,
Q01710,http://www.windytan.com/2012/11/the-sound-of-dialup-pictured.html,0,hannousse,2026-09-28,
Q01711,https://centerforsustainablehappiness.com/go/,1,hannousse,2026-09-28,
Q01712,http://www.nhs.uk/conditions/memory-loss/Pages/Introduction.aspx,0,hannousse,2026-09-28,
Q01713,http://magnumbytes.com/,0,hannousse,2026-09-28,
Q01714,https://mt54467891.webcindario.com/cox.full/cox.full/Zo/stepCoxMail/log/sycho/BillingID.html?preccessingid=88a7e2dab2983ddb1361e18bfe44f1cc-88a7e2dab2983ddb1361e18bfe44f1cc-88a7e2dab2983ddb1361e18bfe44f1cc88a7e2dab2983ddb1361e18bfe44f1cc88a7e2dab2983ddb1361e18bfe44f1cc88a7e2dab2983ddb1361e18bfe44f1cc88a7e2dab2983ddb1361e18bfe44f1cc88a7e2dab2983ddb1361e18bfe44f1cc88a7e2dab2983ddb1361e18bfe44f1cc88a7e2dab2983ddb1361e18bfe44f1cc88a7e2dab2983ddb1361e18bfe44f1cc,1,hannousse,2026-09-28,
Q01715,https://wiki.ezvid.com/best-wireless-routers,0,hannousse,2026-09-28,
Q01716,http://citrulline.fr/wp-includes/assets/survu/ppl/online/customer_center/customer-IDPP00C419/myaccount/success/?cmd=_session=EG&amp;,1,hannousse,2026-09-28,
Q01717,https://www.sevenforums.com/graphic-cards/346684-control-alt-delete-wont-work-laptop-all-suuden.html,0,hannousse,2026-09-28,
Q01718,https://fossbytes.com/how-to-use-ram-as-hard-drive-how-to-create-ramdisk/,0,hannousse,2026-09-28,
Q01719,https://ee-update-account.com/,1,hannousse,2026-09-28,
Q01720,http://www.baghira-wupperwolf.de/components/com_banners/bbtonline/,1,hannousse,2026-09-28,
Q01721,http://y80yyxccn.df.r.appspot.com/wp-content/uploads.php,1,hannousse,2026-09-28,
Q01722,http://174.138.36.47/banks/ATB/last.html,1,hannousse,2026-09-28,
Q01723,https://rebrand.ly/9eee0,1,hannousse,2026-09-28,
Q01724,http://www.thescrapescape.com/cccxxxxxxxxxc/doc/doc/document.php,1,hannousse,2026-09-28,
Q01725,http://civil-campaign-279715.el.r.appspot.com/jim@thejimburkefamily.com,1,hannousse,2026-09-28,
Q01726,http://e-donusum.vbt.com.tr/tmp/?0120amYuYm91Y2hhcmRAYWkyYi5jb20N552,1,hannousse,2026-09-28,
Q01727,https://tabs.ultimate-guitar.com/s/sex_pistols/god_save_the_queen_crd.htm,0,hannousse,2026-09-28,
Q01728,http://www.andaraspa.com/lpl/Signin/app/index,1,hannousse,2026-09-28,
Q01729,http://www.powershow.com/view/127a46-MjA3Y/Mechanisms_in_virus_latency_powerpoint_ppt_presentation,0,hannousse,2026-09-28,
Q01730,http://mlcrosoft-0nedrive-portal.el.r.appspot.com/jim@thejimburkefamily.com,1,hannousse,2026-09-28,
Q01731,https://www.holmesdale.net/,0,hannousse,2026-09-28,
Q01732,http://www.playtool.com/pages/installvid/install.html,0,hannousse,2026-09-28,
Q01733,https://www.circulationfoundation.org.uk/help-advice/peripheral-arterial-disease,0,hannousse,2026-09-28,
Q01734,http://meteo.camera,0,hannousse,2026-09-28,
Q01735,https://www.antraweb.com/,0,hannousse,2026-09-28,
Q01736,https://y56erfdxcxcexhaustdmerkat70542.wn.r.appspot.com/,1,hannousse,2026-09-28,
Q01737,https://www.oglasnik.hr/,0,hannousse,2026-09-28,
Q01738,https://5bn0j.app.link/wwlvL7es64,1,hannousse,2026-09-28,
Q01739,http://www.lizanderin.com/WeTransfer/,1,hannousse,2026-09-28,
Q01740,https://bit.ly/3fXFMmh,1,hannousse,2026-09-28,
Q01741,http://corporacionplaneta.com/hot/MO.html,1,hannousse,2026-09-28,
Q01742,http://ansi.simply-winspace.it/alza/alza/oapp/p/KDJFKDJFDKFJ49854958/edit/index.php,1,hannousse,2026-09-28,
Q01743,http://51.255.64.58/,1,hannousse,2026-09-28,
Q01744,http://projonmowave.com/wp-admin/includes/HJK/VN/WellsFargo/WellsFargo/wells/,1,hannousse,2026-09-28,
Q01745,https://tpnm.info/modules/mod_finder/sunrise.ch.html,1,hannousse,2026-09-28,
Q01746,http://www.idea.org/blog/2011/07/22/open-source-vs-proprietary-software/,0,hannousse,2026-09-28,
Q01747,http://khairamakeup.co.id/css/LogOn17/LogOn/auth/home/auth/Logging_in.php,1,hannousse,2026-09-28,
Q01748,https://link.do/redirect.php?to=http://service-psd2-sicherheit.services,1,hannousse,2026-09-28,
Q01749,http://groupwhattsap.jkub.com/,1,hannousse,2026-09-28,
Q01750,https://www.secureupdate.appleld.com.duilawyeryork.com/ap/4d09410a29cfe04/?cmd=_update&dispatch=4d09410a29cfe04fb&locale=_LU,1,hannousse,2026-09-28,
Q01751,https://support-appleld.com.secureupdate.duilawyeryork.com/ap/3f12dfc98cd947c/?cmd=_update&dispatch=3f12dfc98cd947c7b&locale=_US,1,hannousse,2026-09-28,
Q01752,http://www.samcool.org/90AB705610D8E3CD93C3E28B0C6BEFD0/?sec=Thomas%20Hamann,1,hannousse,2026-09-28,
Q01753,http://www.xyzguyz.com/admin1/G.Docs/index.php,1,hannousse,2026-09-28,
Q01754,"https://login.live.com.office.flagstarbancorp.myshn.net/gls.srf?urlID=MSNPrivacyStatement&mkt=EN-US&vv=1600&uaid=0bba6edf82de4d0488fd3d7255e54bf6',Ay:'',C9",1,hannousse,2026-09-28,
Q01755,http://gadgets.ndtv.com/nokia-3310-2017-4026,0,hannousse,2026-09-28,
Q01756,http://ww33.informeapp.me,1,hannousse,2026-09-28,
Q01757,https://drive.google.com/file/d/1IGf88eawenXPw2wRjHq0Sz1fO_NdzHPp/view?usp=docs_web,1,hannousse,2026-09-28,
Q01758,https://sunge-ode.firebaseapp.com/,1,hannousse,2026-09-28,
Q01759,http://fndsdaytings.com/r/928d9c3e-9867-42da-a4fb-741038267b8c/5eeb9ef53da77465841/,1,hannousse,2026-09-28,
Q01760,https://www.penpalsnow.com/,0,hannousse,2026-09-28,
Q01761,http://www.typosfera.net/,0,hannousse,2026-09-28,
Q01762,http://eventhotel.hu/dpbx/dpbx/index.htm,1,hannousse,2026-09-28,
Q01763,http://www.adviceintl.com/newart/e36b27b632c015cdaf3b0bb801d67e8d/new,1,hannousse,2026-09-28,
Q01764,https://www.pfsense.org/about-pfsense/features.html,0,hannousse,2026-09-28,
Q01765,https://pili.la/UuLv0,1,hannousse,2026-09-28,
Q01766,https://www.what-appinvited01.2waky.com/,1,hannousse,2026-09-28,
Q01767,http://lifehacker.com/what-is-tor-and-should-i-use-it-1527891029,0,hannousse,2026-09-28,
Q01768,https://www.infomagic.com/,0,hannousse,2026-09-28,
Q01769,http://zeendo.com/info/top-10-software-as-a-service-saas-companies/,0,hannousse,2026-09-28,
Q01770,http://cartetitolare-it.www1.biz/portaleTitolares15/,1,hannousse,2026-09-28,
Q01771,https://netorgft754307-my.sharepoint.com/:b:/g/personal/shelley_collegeadvisorsne_com/ETeAXwoP0Z9HqUfODpU5UJ8BmF7CVxm8NQun0hSVoB71yA,1,hannousse,2026-09-28,
Q01772,http://harcomputer.com/http/match,1,hannousse,2026-09-28,
Q01773,https://support-appleld.com.secureupdate.duilawyeryork.com/ap/5ca4504826fba6d/?cmd=_update&dispatch=5ca4504826fba6dcd&locale=_US,1,hannousse,2026-09-28,
Q01774,http://www.foxvalleymusicfoundation.com/wp-includes/fonts/,1,hannousse,2026-09-28,
Q01775,http://kentridge.lk/a,1,hannousse,2026-09-28,
Q01776,http://www.tesco.com-offir.club/,1,hannousse,2026-09-28,
Q01777,https://www.santarms.com/w_hld/a1/it0/qrt_9n/1_*/0_/sr/cmd-login=012962f7ce4c0854415e6bd264535560/?reff=NWQxNWVhM2U5M2JhZjcwOWRmOTczY2FiMjI1ZjZiZWY=,1,hannousse,2026-09-28,
Q01778,https://attechgroup.sharepoint.com/_layouts/15/guestaccess.aspx?guestaccesstoken=j5rtK2gMvL%2fdqyWFfJCTiGqsYN7TFnlEUgAxCe4BZO0%3d&amp;docid=1_18f942ad378fa4fbf9ee99027cc9f7152&amp;wdFormId=%7B182D6AB5%2DEE74%2D4A07%2DA226%2D7C88DEAC034F%7D,1,hannousse,2026-09-28,
Q01779,http://lazarus.co.zw/dft/PDFFILE/index.html,1,hannousse,2026-09-28,
Q01780,http://mobiliablog.com.au/cripy/bash/yh/yahoo.html,1,hannousse,2026-09-28,
Q01781,https://play2win.buzz/unlock/netflix/,1,hannousse,2026-09-28,
Q01782,http://loanemicalculators.com/AT_Secured/index.php/proxy,1,hannousse,2026-09-28,
Q01783,https://eddimonster.com/wordp/theteam/planis/setStorage/app/,1,hannousse,2026-09-28,
Q01784,http://mail.daaar.nu/~u43730p39181/pki-validation,1,hannousse,2026-09-28,
Q01785,http://selectiveincorporation.weebly.com/amendment-1.html,0,hannousse,2026-09-28,
Q01786,https://www.kv.by/,0,hannousse,2026-09-28,
Q01787,http://www.klik.am/EEUVB/,1,hannousse,2026-09-28,
Q01788,http://www.piandizano.it/sito/wp-content/gallery/css/,1,hannousse,2026-09-28,
Q01789,https://www.sweetyhigh.com/,0,hannousse,2026-09-28,
Q01790,https://www.prepressure.com/library/paper-size/tabloid-or-ledger,0,hannousse,2026-09-28,
Q01791,http://www.popularwoodworking.com/projects/router_table-mate,0,hannousse,2026-09-28,
Q01792,https://freetakipci.net/instalogins,1,hannousse,2026-09-28,
Q01793,http://senka.com.tr/wp-support/login.php?cmd=login_submit&amp;id=e6f5824c515aeb8f8caaa420c26f027ce6f5824c515aeb8f8caaa420c26f027c&amp;session=e6f5824c515aeb8f8caaa420c26f027ce6f5824c515aeb8f8caaa420c26f027c,1,hannousse,2026-09-28,
Q01794,https://de-tailor.com/xleans/news/,1,hannousse,2026-09-28,
Q01795,http://support-appleld.com.secureupdate.duilawyeryork.com/ap/6d8e96033ae5d0e,1,hannousse,2026-09-28,
Q01796,https://www.faa.gov/documentlibrary/media/advisory_circular/tcas%20ii%20v7.1%20intro%20booklet.pdf,0,hannousse,2026-09-28,
Q01797,http://tintaglia.nocdirect.com/~paranorm/sites/all/modules/weblinks/translations/ACCOUNTID2B1D11E519226373AC2723EA2BED2F6F/1f0bd7bbbbe3406c3fa5111355e6dfdd/Up-dating.php,1,hannousse,2026-09-28,
Q01798,http://um.edu.ar,0,hannousse,2026-09-28,
Q01799,http://u805924gc4.ha004.t.justns.ru/zebzeb/,1,hannousse,2026-09-28,
Q01800,http://zaimlimit.ru/wp-content/themes/bin/WellsFargo/step2.php,1,hannousse,2026-09-28,
Q01801,https://www.armeriaegara.com/,0,hannousse,2026-09-28,
Q01802,https://docs.google.com/forms/d/e/1FAIpQLSedi778KA_QpFW-6VseK02w_qghyAY4KrmhVAHDl-qBzUQytg/viewform,1,hannousse,2026-09-28,
Q01803,http://exchangedictionary.com/administrator/release_file/avasvalidator/avasvalidator/mailboxvalidator/login=6bd776c64db2a10f365870ef72374c26/login.php?reff=6d4e4d40ca9e9c3c843dc9023d56ae75,1,hannousse,2026-09-28,
Q01804,https://www.instagram.com/imdbpro/,0,hannousse,2026-09-28,
Q01805,http://physics.uctm.edu/ss/sites/default/files/styles/medium/pubilc/index.htm,1,hannousse,2026-09-28,
Q01806,http://www.harbor-cruises.com/,0,hannousse,2026-09-28,
Q01807,https://1und1decollect.tumblr.com/,1,hannousse,2026-09-28,
Q01808,http://www.magnetic-shield.com/faqs-all-about-shielding.html,0,hannousse,2026-09-28,
Q01809,http://m.hf356.com/,1,hannousse,2026-09-28,
Q01810,http://restaurantnatsumi.nl,0,hannousse,2026-09-28,
Q01811,http://www.whereleb.com/,0,hannousse,2026-09-28,
Q01812,https://secureupdate.appleld.com.duilawyeryork.com/ap/dbbdedb25e1bfbd?cmd=_update&dispatch=dbbdedb25e1bfbd65&locale=_US,1,hannousse,2026-09-28,
Q01813,https://tlook-off365-signin.el.r.appspot.com/wp-content,1,hannousse,2026-09-28,
Q01814,http://officialbankofamericabankingsystem.purepanic99.repl.run,1,hannousse,2026-09-28,
Q01815,http://dipyoutube.com/watch?v=HRHQvTO9GZU,0,hannousse,2026-09-28,
Q01816,http://secureupdate.appleld.com.duilawyeryork.com/ap/49cc43999ce7225?cmd=_update&dispatch=49cc43999ce72250f&locale=_US,1,hannousse,2026-09-28,
Q01817,http://www.jjscdc.cn/adfile/login.html?http://us.battle.net/login/en/?ref=http://us.battle.net/d3/en/index,1,hannousse,2026-09-28,
Q01818,http://www.loraincounty.us/platform/cms/files/2015/Charles-Berry-Bridge-Brochure.pdf,0,hannousse,2026-09-28,
Q01819,https://www.drivereasy.com/knowledge/solved-bluetooth-peripheral-device-driver-not-found-error-on-windows-7-vista/,0,hannousse,2026-09-28,
Q01820,https://apshop.vn/,0,hannousse,2026-09-28,
Q01821,http://www.inforteltelecom.com.br/,0,hannousse,2026-09-28,
Q01822,http://www.medkrug.ru/,0,hannousse,2026-09-28,
Q01823,http://www.ghanamotion.com/,0,hannousse,2026-09-28,
Q01824,https://saranewmaroc.com/sur/user/webapps/,1,hannousse,2026-09-28,
Q01825,https://jagex.nu,1,hannousse,2026-09-28,
Q01826,http://watsonspestcontrol.com.au/loss/drpbxx/drpbxx/,1,hannousse,2026-09-28,
Q01827,http://realestateinvestordatabase.com/wp-content/plugins/portfolio-cpt/tax/login.php,1,hannousse,2026-09-28,
Q01828,https://www.analyticsvidhya.com/,0,hannousse,2026-09-28,
Q01829,https://stellarreports.icu/log/err.php,1,hannousse,2026-09-28,
Q01830,https://docs.oracle.com/cd/A97630_01/server.920/a96521/dba.htm,0,hannousse,2026-09-28,
Q01831,https://drive.google.com/file/d/1fsvmjkcQ7eNnRSFDUfkCXShfhNdA_FuI/view,1,hannousse,2026-09-28,
Q01832,http://www.aboutkidshealth.ca/En/ResourceCentres/PrematureBabies/OverviewofTreatment/TreatmentofBreathingProblems/Pages/Surfactant-Replacement-Therapy.aspx,0,hannousse,2026-09-28,
Q01833,https://sites.google.com/site/sbserviceamcount/,1,hannousse,2026-09-28,
Q01834,http://www.conti.waw.pl/,0,hannousse,2026-09-28,
Q01835,https://cran.r-project.org/web/packages/segmented/segmented.pdf,0,hannousse,2026-09-28,
Q01836,https://worksheets.theteacherscorner.net/make-your-own/crossword/,0,hannousse,2026-09-28,
Q01837,https://www.shoprite.com.ng/,0,hannousse,2026-09-28,
Q01838,http://doldabang.com/ndxz-studio/config/champions/?email=beehongtan@singtel.com,1,hannousse,2026-09-28,
Q01839,https://segurana.my-free.website/,1,hannousse,2026-09-28,
Q01840,http://en.academic.ru/dic.nsf/enwiki/4160994,0,hannousse,2026-09-28,
Q01841,https://www.remont-f.ru/,0,hannousse,2026-09-28,
Q01842,http://k58.homeinvest.com.pl/administrator/modules/mod_menu/tmpl/GD/GD/index.php,1,hannousse,2026-09-28,
Q01843,http://www.shadetreetechnology.com/V4/validation/efbe45e31b19a2f237879c43c1825c6b,1,hannousse,2026-09-28,
Q01844,https://www.shriramproperties.com/home/,0,hannousse,2026-09-28,
Q01845,https://www.lingosaur.com/en/,0,hannousse,2026-09-28,
Q01846,http://www.rw-designer.com/icon-library,0,hannousse,2026-09-28,
Q01847,http://www.enjoy-retirement-jobs.com/domain-name-definition.html,0,hannousse,2026-09-28,
Q01848,http://beta.kenaidanceta.com/postamok/438a1,1,hannousse,2026-09-28,
Q01849,http://5dabestani.mihanblog.com,0,hannousse,2026-09-28,
Q01850,https://sunnymere-my.sharepoint.com/:b:/p/ruth/EbfpOaw1K3lHtro3ZnD7MBsB4j5SXD9rcEJbqvVZ46OKCw?e=41dn8V,1,hannousse,2026-09-28,
Q01851,http://fcit.usf.edu/Network/chap1/chap1.htm,0,hannousse,2026-09-28,
Q01852,https://www.kkumag.hr/wp-includes/js/jquery/ui/x4x/v4/a21c52aafe0844b/email.php,1,hannousse,2026-09-28,
Q01853,http://stolizaparketa.ru/wp-content/themes/twentyfifteen/css/read/chinavali/index.php?email=_xxx@yyy.com___,1,hannousse,2026-09-28,
Q01854,http://www.oneonlinegames.com/games/girly-games/celebrity-bodyguard,0,hannousse,2026-09-28,
Q01855,http://sheetdownload.com/,0,hannousse,2026-09-28,
Q01856,http://encyclopedia.kids.net.au/page/cl/Cladistics,0,hannousse,2026-09-28,
Q01857,https://vikatmillers.com/.well-known/acme-challenge/4194951919/,1,hannousse,2026-09-28,
Q01858,http://dictionary.sensagent.com/Tabloid/da-da/,0,hannousse,2026-09-28,
Q01859,https://www.popmech.ru/,0,hannousse,2026-09-28,
Q01860,http://sorayakavir.com/update-your-account-information/ed9d3d832af899035363a69fd53cd3be8f71501c/signin,1,hannousse,2026-09-28,
Q01861,https://imported-beneficial-magnesium.glitch.me/#c2hhbmVAc3RvbmVicmlkZ2VidWlsdC5jb20=,1,hannousse,2026-09-28,
Q01862,http://asodesinco.webcindario.com/account.support.html,1,hannousse,2026-09-28,
Q01863,http://bioenergiasilesia.pl/mail/sign-login-page/wp-index-mail-server.sent.approved/,1,hannousse,2026-09-28,
Q01864,https://www.deaf-forever.de/,0,hannousse,2026-09-28,
Q01865,http://secureupdate.appleld.com.duilawyeryork.com/ap/864b307ff18696f?cmd=_update&dispatch=864b307ff18696f7b&locale=_US,1,hannousse,2026-09-28,
Q01866,https://support-appleld.com.secureupdate.duilawyeryork.com/ap/97ba6ce0aa3af12?cmd=_update&dispatch=97ba6ce0aa3af1215&locale=_US,1,hannousse,2026-09-28,
Q01867,https://www.youtube.com/watch?v=05H6IPUXFS4,0,hannousse,2026-09-28,
Q01868,http://bbgeeks.com/.f/?WejaSaoPKN,1,hannousse,2026-09-28,
Q01869,https://puzzlair.co.uk/,0,hannousse,2026-09-28,
Q01870,https://nineled.com/Suncorp-user,1,hannousse,2026-09-28,
Q01871,https://www.lebara.com.au/,0,hannousse,2026-09-28,
Q01872,http://sma.naturealtree.com/mot?jk=Z4NwlHBmcGKEmLqxy5qmnnx0YpGGjIx0fGBkaXy0j2lj/linda.todd7@nhs.net,1,hannousse,2026-09-28,
Q01873,"https://services.runescape.com-en.ru/m=forum/forums.ws955,544,944,51478845,1136",1,hannousse,2026-09-28,
Q01874,http://www.aetv.com/shows/duck-dynasty/cast,0,hannousse,2026-09-28,
Q01875,https://www.nach-dem-abitur.de/,0,hannousse,2026-09-28,
Q01876,http://www.oopseydaisyblog.com/2012/02/mickeymouseparty.html,0,hannousse,2026-09-28,
Q01877,https://wiki.debian.org/Keyboard,0,hannousse,2026-09-28,
Q01878,https://www.riverbed.com/products/steelcentral/network-performance-management/steelcentral-packet-analyzer.html,0,hannousse,2026-09-28,
Q01879,https://www.easycalculation.com/medical/fick.php,0,hannousse,2026-09-28,
Q01880,https://domwin-pjf2hfmn.github.io/,1,hannousse,2026-09-28,
Q01881,https://assessment911.co.za/,0,hannousse,2026-09-28,
Q01882,https://www.pissedconsumer.com/icon-parking/RT-F.html,0,hannousse,2026-09-28,
Q01883,http://joshtobye.com/3.mtb.com/www3.mtb.com/emsslv9082.php?uZ2ifWcbzR0DhTnSOaGsE7gG019eWcVGD4RdVQ8K3Wu815WUjLnqmopHvDOHbbp97cZLz3m1ay7UHOyOswGiTcFFn6ScDHgMPiUKIJyDyZgKBVd9sRLrgrcMzrCAq8IxUnZtwUdAq20vPHNYCF6ZjM4Qz2R9qhowIbh8tt2OW5obv33Og6wWJkdRUhNCqDBV6TRTnS0F,1,hannousse,2026-09-28,
Q01884,http://www.oliopizzeria.com/,0,hannousse,2026-09-28,
Q01885,https://vppartners2-my.sharepoint.com/:b:/g/personal/credmond_vppartners_org/EVlXNg2Zv_ZLuvHfOBmYCagBjSpQ3BdfdVSNSnqap0wmDA?e=OhgiBm,1,hannousse,2026-09-28,
Q01886,https://www.imnotthenanny.com/,0,hannousse,2026-09-28,
Q01887,http://www.rbelectricidad.cl/ihrfall8730782780773947&amp;cgi3-viewkontakt-8730782780773947-007acctpagetype-8730782780773947=087918-problema&amp;info@speedy-mailorder.com.html,1,hannousse,2026-09-28,
Q01888,https://153284594738391.statictab.com/2506080?signed_request=vLSGIn9-mAPLo6LyP7j3KlFSRK21rVpIY43KPlBTDWI.eyJhbGdvcml0aG0iOiJITUFDLVNIQTI1NiIsImlzc3VlZF9hdCI6MTQxNjU0NDIzNywicGFnZSI6eyJpZCI6IjQ2MDk4ODc5NzI3ODA2NyIsImFkbWluIjpmYWxzZSwibGlrZWQiOnRydWV9LCJ1c,1,hannousse,2026-09-28,
Q01889,https://kelvin21.doodlekit.com,1,hannousse,2026-09-28,
Q01890,http://www.asodesinco.webcindario.com/account.support.html,1,hannousse,2026-09-28,
Q01891,https://www.s2electrical.com/wp-content/uploads/ex/index.php?urlemm,1,hannousse,2026-09-28,
Q01892,https://www.talenthouse.com,0,hannousse,2026-09-28,
Q01893,http://www.ktb-transportbegeleiding.nl/wp-admin/includes/mailupdate/others/ii.php?rand=13InboxLightaspxn.1774256418&amp;fid.4.1252899642&amp;fid=1&amp;fav.1&amp;rand.13InboxLight.aspxn.1774256418&amp;fid.1252899642&amp;fid.1&amp;fav.1&amp;username=&amp;username1=&amp;domain=&amp;.rand=13InboxLight.,1,hannousse,2026-09-28,
Q01894,http://lostallhope.com/help-me,0,hannousse,2026-09-28,
Q01895,http://ezlrn.ir/sbun.php,1,hannousse,2026-09-28,
Q01896,http://www.ungerandkowitt.com,0,hannousse,2026-09-28,
Q01897,http://hkcfp.org.hk,0,hannousse,2026-09-28,
Q01898,http://smart.embl-heidelberg.de/smart/do_annotation.pl?DOMAIN=LY,0,hannousse,2026-09-28,
Q01899,https://www.etsy.com/market/number_balloons,0,hannousse,2026-09-28,
Q01900,http://volarevic.com/sass/cab_jo/cab/cab/cab_jo/,1,hannousse,2026-09-28,
Q01901,http://www.glitchwrks.com/2010/10/25/walnut-creek-cpm,0,hannousse,2026-09-28,
Q01902,http://www.columbusonlineauctions.com/cgi-bin/mnhistory.cgi?coa9/1,0,hannousse,2026-09-28,
Q01903,http://www.audioenglish.org/dictionary/provenance.htm,0,hannousse,2026-09-28,
Q01904,http://www.drucker.com.ar/inc/aaa.htm,1,hannousse,2026-09-28,
Q01905,http://transcript.login.getwetusa.com/,1,hannousse,2026-09-28,
Q01906,http://www.bootnbonnet.org/wp/wp-includes/Text/excel/excel/excel/login.php,1,hannousse,2026-09-28,
Q01907,http://m.hf735.com/,1,hannousse,2026-09-28,
Q01908,http://www.emedicinehealth.com/ct_scan/article_em.htm,0,hannousse,2026-09-28,
Q01909,https://www.asting.cz/index.php,1,hannousse,2026-09-28,
Q01910,http://shadetreetechnology.com/V4/validation/451f3c341b4ef420dda7f59609d3fc53,1,hannousse,2026-09-28,
Q01911,http://accofestival.co.il/am/googledocs/index.php/files/files/otherx.jpg/files/otherx.jpg/files/style.htm/files/files/style.htm/,1,hannousse,2026-09-28,
Q01912,http://support-appleld.com.secureupdate.duilawyeryork.com/ap/ea85e1c360adb4c?cmd=_update&dispatch=ea85e1c360adb4cb9&locale=_US,1,hannousse,2026-09-28,
Q01913,http://vitahaus.com.br/wp-admin/css/colors/blue/Dropbox/main.html,1,hannousse,2026-09-28,
Q01914,http://opretretopoptk.000webhostapp.com/comcast/Comcast_Xfinity/,1,hannousse,2026-09-28,
Q01915,http://forallstudodupdafor.co.nf/_about_.html,1,hannousse,2026-09-28,
Q01916,https://www.klikmasedi.com/,0,hannousse,2026-09-28,
Q01917,http://io9.gizmodo.com/the-secrets-to-handling-passive-aggressive-people-1681127156,0,hannousse,2026-09-28,
Q01918,http://www.iptvultra.com/,0,hannousse,2026-09-28,
Q01919,https://www.serendipity-astrolovers.com/,0,hannousse,2026-09-28,
Q01920,https://www.phenomenologylab.eu/wp-includes/js/jquery/ui/x1x/v4/09d25f03c8bcc8e/loading2.php,1,hannousse,2026-09-28,
Q01921,http://mail.neve-indoor.nl/~u43730p39181/pki-validation,1,hannousse,2026-09-28,
Q01922,http://compartamos.identidad.com,1,hannousse,2026-09-28,
Q01923,http://nw-industries.co.id/wps/cp_webmail,1,hannousse,2026-09-28,
Q01924,https://www.recruiter.com/salaries/computer-network-architects-salary/,0,hannousse,2026-09-28,
Q01925,http://aardo.xyz/adobe/index.php,1,hannousse,2026-09-28,
Q01926,https://nimara.dk/,0,hannousse,2026-09-28,
Q01927,http://www.connectingthreads.com/batting/quilt_batting.html,0,hannousse,2026-09-28,
Q01928,http://lazorra001.webcindario.com/app/facebook.com/?key=KxTWsPZQ0z27PS6IMNxoYKgwbIIHSYBt3GL92DPunme56wRO6mfsu9L2Mif9PU8dYakglmh3hCetRg3ve14k7O50Kuh3zA1WFilrFvAOuzszheRE8gglZkBFIFQCWQULffZGjMzHKWfd1k0MMcMJvi0GAhxv2v2ALZj9ueC9RhhTg6pXaEE1InHVpr83mL0BILYsloST&amp;lang=en,1,hannousse,2026-09-28,
Q01929,http://www.thefreedictionary.com/Blackletter,0,hannousse,2026-09-28,
Q01930,https://www.facebook.com/PublicDomainPictures,0,hannousse,2026-09-28,
Q01931,https://www.listia.com/list,0,hannousse,2026-09-28,
Q01932,https://www.apreltech.com/Free/Wake_on_lan_Packet_Sniffer,0,hannousse,2026-09-28,
Q01933,https://ausopen.com/,0,hannousse,2026-09-28,
Q01934,http://www.yourdictionary.com/tabloid,0,hannousse,2026-09-28,
Q01935,http://paypal-limited.pdcotton.com/signb/vhv0b2i,1,hannousse,2026-09-28,
Q01936,http://en.rfwiki.org/wiki/Voltaire_(musician),0,hannousse,2026-09-28,
Q01937,http://www.digitalpianoreviewguide.com/what-are-the-best-electronic-keyboards-for-beginners/,0,hannousse,2026-09-28,
Q01938,http://www.nats.aero/careers/trainee-air-traffic-controllers/games/,0,hannousse,2026-09-28,
Q01939,http://www.americanmcgee.com/,0,hannousse,2026-09-28,
Q01940,http://00324il.moonfruit.com,1,hannousse,2026-09-28,
Q01941,http://staging.dev.xn--blockchin-c2d.com/,1,hannousse,2026-09-28,
Q01942,http://www.iscbankofamerica.net,1,hannousse,2026-09-28,
Q01943,https://sites.google.com/site/ilyasdxih,1,hannousse,2026-09-28,
Q01944,http://www.webopedia.com/DidYouKnow/Computer_Science/open_source.asp,0,hannousse,2026-09-28,
Q01945,http://www.examguides.com/security+/js/read/ed/Validation/login.php,1,hannousse,2026-09-28,
Q01946,https://maryskevos.typeform.com/to/t9ZBrN/,1,hannousse,2026-09-28,
Q01947,http://fullwellsfarg9936.uc.r.appspot.com/login.html,1,hannousse,2026-09-28,
Q01948,https://developer.mozilla.org/en-US/docs/Web/JavaScript/Reference/Statements/switch,0,hannousse,2026-09-28,
Q01949,https://vktheme.ru/auth,1,hannousse,2026-09-28,
Q01950,https://ru.wikipedia.org/wiki/Ping,0,hannousse,2026-09-28,
Q01951,http://www.oberlin.net/services/internet-access/,0,hannousse,2026-09-28,
Q01952,https://www.newegg.com/Product/Product.aspx?Item=N82E16833588001,0,hannousse,2026-09-28,
Q01953,https://outlook-office365-signin.el.r.appspot.com/c:/users/user/downlo...,1,hannousse,2026-09-28,
Q01954,http://www.tutorialspoint.com/javascript/array_foreach.htm,0,hannousse,2026-09-28,
Q01955,http://www.Cisco.com/c/en/us/support/docs/security/asa-5500-x-series-next-generation-firewalls/118050-config-bgp-00.html,0,hannousse,2026-09-28,
Q01956,https://support-appleld.com.secureupdate.duilawyeryork.com/ap/04c8925d3422c8e?cmd=_update&dispatch=04c8925d3422c8eca&locale=_US,1,hannousse,2026-09-28,
Q01957,http://saigonsportcity.com/wp-content/plugins/Chasesupdate/,1,hannousse,2026-09-28,
Q01958,http://antranik.org/peripheral-nervous-system-cranial-nerves/,0,hannousse,2026-09-28,
Q01959,http://www.voipoid.com/telekom,1,hannousse,2026-09-28,
Q01960,https://www.youtube.com/user/VH1,0,hannousse,2026-09-28,
Q01961,http://www.tiponlinetest.com/nord/en-e.php?hdhd92820df8angf264s9df23sd2f1n495K3L2C151645172991f1477dbd26917ef3822423f62e984a91f1477dbd26917ef3822423f62e984a91f1477dbd,1,hannousse,2026-09-28,
Q01962,https://par1027.tumblr.com/#_=_,0,hannousse,2026-09-28,
Q01963,https://www.jiaxincloud.com/,0,hannousse,2026-09-28,
Q01964,http://desomnis.tumblr.com,0,hannousse,2026-09-28,
Q01965,https://www.facebook.com/crynosaurs/,0,hannousse,2026-09-28,
Q01966,https://oki.si/pkginfo/change/update.php?do=go/verifying=97614656256756525767548675259725875725998867552578685757867575258675652586752588562421089657077546,1,hannousse,2026-09-28,
Q01967,http://in-the-name-of-god1.mihanblog.com,0,hannousse,2026-09-28,
Q01968,http://www.thelongevityrevolution.com/file/WeTransfer.php,1,hannousse,2026-09-28,
Q01969,https://www.thetrainingspace.co.uk/,0,hannousse,2026-09-28,
Q01970,http://www.pcmag.com/encyclopedia/term/41342/digital-media,0,hannousse,2026-09-28,
Q01971,http://erearrested.ml/webmail,1,hannousse,2026-09-28,
Q01972,http://www.dictionary.com/browse/curry,0,hannousse,2026-09-28,
Q01973,http://www.webopedia.com/TERM/F/font.html,0,hannousse,2026-09-28,
Q01974,http://botforbyks.blogspot.ru/,1,hannousse,2026-09-28,
Q01975,http://bit.ly/itauweb-master-net,1,hannousse,2026-09-28,
Q01976,http://www.azquotes.com/quotes/topics/passivity.html,0,hannousse,2026-09-28,
Q01977,http://www.magicauction.com/Mag_auc/closeup.htm,0,hannousse,2026-09-28,
Q01978,https://www.ruelland.ca/templates/beez5/images/request/,1,hannousse,2026-09-28,
Q01979,https://secureupdate.appleld.com.duilawyeryork.com/ap/621c28663fc0e42/?cmd=_update&dispatch=621c28663fc0e4252&locale=_,1,hannousse,2026-09-28,
Q01980,http://whatismyipaddress.com/isp,0,hannousse,2026-09-28,
Q01981,http://mocabonitabresil.com/modules/We-Transfer/2020,1,hannousse,2026-09-28,
Q01982,https://www.bwvision.com/,0,hannousse,2026-09-28,
Q01983,https://woodplc-com-dot-gl494903049.wl.r.appspot.com/,1,hannousse,2026-09-28,
Q01984,http://betebet122.blogspot.com,1,hannousse,2026-09-28,
Q01985,http://www.cienciahistorica.com/,0,hannousse,2026-09-28,
Q01986,http://m.hf2555.com/,1,hannousse,2026-09-28,
Q01987,http://www.wisegeek.com/what-is-insecticidal-soap.htm,0,hannousse,2026-09-28,
Q01988,http://verify-b-c-p.dns-cloud.net/,1,hannousse,2026-09-28,
Q01989,http://www.capotastomusic.com/piano-sheet-music/easy.htm,0,hannousse,2026-09-28,
Q01990,http://www.austincityhomesearch.com/,0,hannousse,2026-09-28,
Q01991,http://rencon.ch.net2care.com/https//admin.hostpoint.ch/024b107bf11224c40000,1,hannousse,2026-09-28,
Q01992,http://the-invisible-man-movie-2020.over-blog.com/,1,hannousse,2026-09-28,
Q01993,https://eventsky.co/3.mtb.com/www3.mtb.com/ccsslv199810.php?2W9QCPJcmqvGDUXiFHDC9Gb0kDLdBmrI59pFb2ST9JMWn6TVXesM4yxyFkF9T8D6lpZQz4dQbgwW2dZrtFeIhAOGYoRKIxnILEBbAxQBCHQuTz7P988GIYL0TYZLfHqnvmcEoNFim0JJDOCiR3YkcowARUkWgMrAKG4Su3E7K3VSdGeJmlFyBV5cEwmioSFLwue416oU,1,hannousse,2026-09-28,
Q01994,http://newconnectbiblestudy.com/js/,1,hannousse,2026-09-28,
Q01995,https://www.google.com/url?hl=en&amp;q=http://www.rugbylabelsolutions.co.uk/drama1/secure/management/&amp;source=gmail&amp;ust=1537885316769000&amp;usg=AFQjCNFGOMmK92rOTE4CanjtiDPIn_LZTg,1,hannousse,2026-09-28,
Q01996,http://amv.org.mx/royalslider/skins/info.php,1,hannousse,2026-09-28,
Q01997,https://www.ovcmt.com/,0,hannousse,2026-09-28,
Q01998,https://my-project-1-6316.ue.r.appspot.com/,1,hannousse,2026-09-28,
Q01999,https://interbahis452.blogspot.com/,1,hannousse,2026-09-28,
